ID,poly_electronic
mp-1029267,10.771179999999996
mp-1102830,8.611906333333332
mp-14058,2.404913666666687
mp-15748,4.759962666666667
mp-30321,2.7425136666666723
mp-39144,4.049931666666668
mp-557209,4.540481000000001
mp-567279,2.819333333333333
mp-626068,6.421065333333334
mp-691106,5.00424933333331
mp-700,13.913282333333337
mp-733610,2.4606666666666666
mp-756591,4.995230333333333
mp-761269,480.1318689228203
mp-7899,5.2781443333333335
mp-8291,2.594818999999993
mp-1029655,15.511038999999984
mp-1029932,9.716212333333331
mp-1087549,5.037755333333334
mp-1181768,3.16514
mp-1207082,9.179493000000006
mp-1216330,6.397283666666667
mp-13660,9.138592666666648
mp-137,39.36988733333333
mp-14827,5.052700000000001
mp-17400,6.236725666666666
mp-18914,2.627244666666666
mp-22186,7.389160999999965
mp-22949,6.4176760000000215
mp-23672,2.3597386666666664
mp-30040,267.1675810000001
mp-33508,5.1950270000000005
mp-34381,2.8980526666666666
mp-3532,15.19546533333333
mp-4117,2.494229666666651
mp-4929,1.7983333333333331
mp-5449,5.305844000000014
mp-555874,8.531678
mp-561647,2.414751333333321
mp-5920,16.564550000000036
mp-643776,2.834534666666667
mp-754357,2.745471838069028
mp-755149,7.0628693333333326
mp-758949,3.398448333333333
mp-776470,9.723034666666663
mp-7906,5.703747333333333
mp-866473,4.366590333333334
mp-8751,3.765400333333334
mp-998567,3.62930233333288
mp-1029656,4.383285666666667
mp-10748,6.060192999999999
mp-1080232,3.223035666128741
mp-1095291,5.716168333333364
mp-1191240,2.969474333333333
mp-1213703,2.585042000000018
mp-18786,125.79579166666667
mp-19443,6.966999999999999
mp-19885,6.958184
mp-2068,8.605000000104065
mp-23273,8.418999999999999
mp-24509,2.993354333333333
mp-27031,3.905658
mp-27186,3.3015233333331997
mp-28486,6.536616666666653
mp-504952,7.170346333333348
mp-625054,2.906683333333333
mp-672186,3.69
mp-753654,3.4636493333333327
mp-755558,3.9624664394846074
mp-7752,9.843999999999996
mp-8271,2.818722666666647
mp-8277,12.031000000000152
mp-998603,3.832423696114624
mp-1025185,2.516719333333333
mp-11918,5.306685666666676
mp-1209338,2.388212333333333
mp-1213646,5.48874333333278
mp-1227372,27.832614999999997
mp-13682,10.900333333333336
mp-1541018,4.13789102053365
mp-19149,7.029371000000025
mp-23711,4.053999999999999
mp-23804,5.498244333333356
mp-27373,3.657578
mp-29397,23.567999999999994
mp-29751,3.505820666666683
mp-30957,2.765071666666666
mp-35311,2.9498076666666755
mp-39823,2.157436
mp-5001,3.77224
mp-557465,2.3626666666666662
mp-558891,2.26100000000002
mp-567836,4.430383385453955
mp-7421,34.678117666666644
mp-753316,3.846949
mp-756570,3.7883116666666656
mp-757889,2.4332863333333337
mp-1021484,81.5357874226677
mp-1029869,5.161074
mp-1069771,6.717928999999998
mp-1207410,9.175386973389378
mp-13308,35.19003400000006
mp-14285,24.938666666666663
mp-4047,1.9659000000000049
mp-560030,2.240871
mp-626800,2.8290833333333336
mp-643412,2.987757999998881
mp-675180,10.149679999999966
mp-753340,2.1404909999999995
mp-8388,4.461185000223811
mp-971712,6.027357666666667
mp-9910,6.632528999999946
mp-1008867,1.0
mp-11000,3.1532916666666666
mp-11115,8.877667333333333
mp-1216058,6.813244666666667
mp-13230,1.974208
mp-14336,7.8777449999999805
mp-14638,2.1694050000000167
mp-16737,2.465978666666661
mp-224,9.254000000012654
mp-23083,3.830226999999965
mp-28741,7.588729000000001
mp-28797,8.83569133333333
mp-28873,2.683541666666667
mp-540633,3.404168333333326
mp-557997,3.4449436666666657
mp-754625,7.146666666666666
mp-755891,2.4316496666666665
mp-756494,2.750597333333333
mp-757130,2.8108616666666664
mp-758755,2.507207000000004
mp-763318,4.826416999999999
mp-1029834,6.299295
mp-1188466,6.488266666666667
mp-12178,12.132980333333323
mp-15221,4.13901733333326
mp-18918,5.131571000000001
mp-22598,4.901521666666658
mp-24424,3.893015333333333
mp-26783,2.652786
mp-28123,1.8169833333333127
mp-33882,9.27120366666667
mp-35015,23.318391580422915
mp-3777,5.3270133333333325
mp-487,19.47233333333334
mp-554108,2.575047
mp-557912,2.200034666666634
mp-604119,2.200763333333333
mp-675488,4.309483666666648
mp-677467,3.1621599999999863
mp-7038,25.840666666666724
mp-754326,6.078987333333334
mp-755522,4.346652333333334
mp-760364,4.924049999999998
mp-760402,9.31246
mp-774361,2.151682999999999
mp-8686,5.357672999999999
mp-989606,6.349329999999999
mvc-3271,4.815937739426038
mp-1018766,12.80717284243647
mp-1095485,2.954823
mp-1206528,2.3990386666666663
mp-22964,4.520783000000001
mp-23705,3.3242596666666664
mp-2418,13.417999999999996
mp-27171,6.271991999999977
mp-27824,3.092666666666666
mp-28205,3.1288296666666766
mp-29172,2.306
mp-29364,3.263622
mp-29520,7.192373
mp-30988,4.120368333333359
mp-31408,2.694666666665672
mp-4651,6.441914333333337
mp-5072,3.017213333333276
mp-541989,2.705321333333346
mp-558149,1.625
mp-569857,4.739333333346456
mp-625378,2.088995333333333
mp-673126,3.067879666666667
mp-768863,3.5824216666666637
mp-771705,4.544779
mp-7914,3.8405753333333608
mp-9781,3.723378333333333
mvc-3677,2.3565169100630468
mp-1219458,27.247707999999992
mp-13903,2.3259639999999813
mp-1541564,2.556871
mp-15733,3.927619000000027
mp-18670,15.517
mp-22963,3.540559666666667
mp-23126,4.144521666666633
mp-23267,2.307000000020893
mp-23887,2.3229999999903983
mp-2739,5.621335000000001
mp-27854,2.659106
mp-2833,16.558066999999998
mp-30252,15.790000000000118
mp-35269,9.370382666666666
mp-3677,4.3721646666666665
mp-510620,2.778307000000042
mp-551835,3.8493266444553953
mp-554495,3.2426133333333333
mp-556961,2.14254
mp-557343,3.246142666666667
mp-559864,19.462190666666668
mp-561291,2.2782153333333333
mp-573373,3.062333333354367
mp-625576,3.469356
mp-626000,2.354181
mp-634410,2.705270230945988
mp-643257,2.809935999999999
mp-644264,4.860597999999999
mp-757074,3.5063480000000005
mp-8203,6.053146666666668
mp-866141,38.312301044557536
mp-8994,2.59827966666669
mp-9410,5.098429666666661
mp-989178,3.9224263333333353
mp-989562,2.5514819999999987
mp-1029349,7.1028563333333326
mp-1029504,6.713925
mp-1207213,2.818482333333153
mp-1216682,4.695088347952045
mp-12535,4.888480999999988
mp-13031,4.653836000000008
mp-15492,5.568321333333336
mp-19034,3.7644656666653
mp-19276,3.4871533429453905
mp-2201,19.714315000000056
mp-22877,3.91966666666667
mp-27546,3.0185086666666656
mp-4174,18.65580500000004
mp-554105,7.001348999999999
mp-555018,3.526281666666666
mp-559313,2.041
mp-559500,3.252111333333321
mp-560614,2.1951809999999994
mp-571461,5.108669666666676
mp-6459,2.751719333333309
mp-705516,5.179568000000001
mp-753821,4.28963
mp-755051,4.6061423333333344
mp-757199,6.9134590000000005
mp-768502,4.475567333333333
mp-772232,2.749582333333333
mp-867507,40.29237000000007
mp-9010,4.158439666666669
mp-9262,2.228537000000014
mp-9854,13.21866666666667
mp-1105095,10.521849
mp-1106156,6.062610000000016
mp-1216121,4.786587666666727
mp-13336,10.740740666666674
mp-22328,3.078048333333333
mp-23499,2.756673000000008
mp-27579,2.291444333333333
mp-27755,2.3503333333333334
mp-29842,2.3768686666666663
mp-30905,4.522420333333333
mp-31250,4.5188250000000005
mp-32539,3.95598
mp-5122,6.548768016276476
mp-545544,5.592117333333323
mp-546787,2.212752666666667
mp-560088,2.2814503333333334
mp-568544,3.407687999999999
mp-569766,9.827347301018618
mp-752974,3.486725666666667
mp-753611,2.0396666666666667
mp-754056,4.051518666666667
mp-755622,4.670822333333312
mp-755689,2.9388326666666664
mp-756138,4.365338001187549
mp-757971,3.846223333333333
mp-761124,3.176312
mp-763784,2.581452
mp-8666,3.724052333333333
mp-9919,18.556789
mp-998569,3.5620636666666603
mp-1025315,8.171595666666667
mp-11023,7.153651666666704
mp-13313,9.851711999999967
mp-14363,2.636356333333333
mp-17577,6.7425389999999545
mp-18498,4.861333333335759
mp-22951,3.649333333333333
mp-23177,5.370333333371342
mp-29756,2.364608666666667
mp-37722,2.2801636666666667
mp-4763,10.516784
mp-546027,7.113433333333325
mp-552729,3.5892079999999904
mp-643385,3.565752666666667
mp-643902,2.812
mp-753649,2.625331
mp-760417,2.937638000000001
mp-776081,3.288103
mp-779348,6.684464666666667
mp-8232,2.5396393333333043
mp-9915,8.274661999999998
mp-1213697,4.178233666666666
mp-1216355,6.297801000000002
mp-13335,3.6563243333333513
mp-19103,3.065398333333334
mp-19178,10.634136333333368
mp-20331,18.265838666666664
mp-23004,2.6206046666666656
mp-27713,8.155035803015194
mp-28090,3.1654863333333334
mp-2964,2.2143583333333328
mp-504276,2.999608333333333
mp-510657,11.45494
mp-541582,11.679000000000004
mp-546936,9.750001000000047
mp-558521,3.2167060000000003
mp-588,2.2989999999994413
mp-604429,3.3186250000000848
mp-689925,2.2580400064237374
mp-752561,4.177901333333334
mp-753353,3.7702503333333337
mp-755190,6.020852666666666
mp-755731,6.799660860976992
mp-757107,3.2685763333333333
mp-760403,6.067897666666668
mp-866810,5.661339999999999
mp-8704,4.527122333333319
mp-9664,4.316789666666669
mvc-16044,4.772662666666666
mp-1023935,6.128889000000034
mp-1029776,4.894455333333334
mp-10572,4.037690666666665
mp-1078410,5.001681999999995
mp-11713,7.179666666751351
mp-1228030,10.5201443333333
mp-18759,6.222351113579368
mp-18878,3.964802333333333
mp-19334,3.2876773333333333
mp-226,21.201000000000008
mp-23494,6.269230000000025
mp-24040,5.104283666666666
mp-25410,3.819874
mp-28137,2.551850371608771
mp-38103,2.203039666666666
mp-4124,3.3476636666666217
mp-4419,7.075014000000002
mp-541040,3.780726333333332
mp-541155,6.153333317489363
mp-541220,3.655402000000001
mp-5518,9.763839333333332
mp-555119,2.446787333333333
mp-753715,2.9751270000000005
mp-760484,3.386375333333333
mp-9244,11.66826333333334
mp-9382,11.489086666666651
mp-1018651,4.517913789110486
mp-1077553,3.54513633333344
mp-11016,2.866172000000013
mp-1105700,5.896838333333304
mp-11123,5.983095333333332
mp-1208058,3.4410129999999985
mp-13829,12.477329666666664
mp-16934,4.116773333333334
mp-17324,8.607482666666668
mp-23280,2.4693496666666666
mp-25729,3.995281666666674
mp-29196,4.42039266666668
mp-2979,6.018426666666667
mp-30004,2.776954666666681
mp-3813,7.166919000000024
mp-505297,22.782967000000045
mp-555235,2.166533
mp-5770,3.573234333333333
mp-607818,27.72
mp-6081,3.3156676666666667
mp-625565,3.425895333333333
mp-759283,4.493211333333333
mp-8098,4.617076666666665
mp-8314,2.839533666666666
mp-998612,3.310071333333333
mp-1020615,2.596776333333333
mp-1206058,3.3197526666666843
mp-1206808,2.1175673333333336
mp-1216423,7.228970333333333
mp-15704,4.583097333333334
mp-18625,6.696166000000001
mp-20463,2.060889333333326
mp-22848,2.6316666666434827
mp-23021,3.587950333333312
mp-2715,34.569
mp-27345,4.177567999999999
mp-28483,4.876062666666675
mp-28933,3.3396666666666674
mp-35493,4.564093666666667
mp-3970,2.2563396666666797
mp-3996,3.09979133333336
mp-5515,6.617517333333335
mp-553281,4.914533739943491
mp-567386,5.967528666666648
mp-626500,2.5712703333333344
mp-634,6.508500666666677
mp-644129,2.747165333333333
mp-752658,5.561897666666667
mp-7534,4.993713333333333
mp-871,77.04500600000001
mp-1029784,2.7624540646583617
mp-1206230,4.86825400000002
mp-15219,4.447473999999985
mp-18971,16.221130666666664
mp-23948,2.815213333333333
mp-27549,8.821295666666655
mp-2815,9.507666666667207
mp-28554,6.238442000000005
mp-29488,3.7006916666666654
mp-42255,5.365765
mp-556422,3.4552816666666666
mp-559286,2.429305999999998
mp-755718,1.9249696666666665
mp-756967,2.9224526666666666
mp-759014,3.4369787295621106
mp-777779,5.8484013333333325
mp-8013,2.399695666666671
mp-850407,2.3328056666666668
mp-983357,1.7083550000000003
mp-1028668,1.0000000000548797
mp-1210092,5.085722000000048
mp-1222618,10.354285000000004
mp-1228963,8.043772999999968
mp-22996,9.100303666666669
mp-23189,2.7713333333333776
mp-23501,7.22666200000004
mp-28512,2.5610823333333137
mp-34486,8.691661333333334
mp-36111,6.957929000000003
mp-556002,2.976268666666668
mp-556767,2.236333333333333
mp-557399,2.7734206666666665
mp-560632,2.684062999999985
mp-610992,3.697949774950528
mp-642991,3.102375666666654
mp-643814,2.798755666666666
mp-7041,4.130406333333333
mp-774191,2.7555600000000005
mp-9321,6.743405666666668
mp-10223,6.7932033333333335
mp-1029799,6.521455333333335
mp-1100415,16.58072533333322
mp-1206891,6.9957123333333335
mp-1214786,20.069441
mp-17698,4.235689666666689
mp-17891,3.038378
mp-23164,16.288
mp-23465,3.00807566666667
mp-26181,3.4850336666666664
mp-27193,3.386429333333336
mp-27367,2.4433333333333334
mp-27400,3.4328413333333336
mp-28315,2.845238999999992
mp-28395,7.527666666654095
mp-3795,2.279843
mp-542812,9.165729613741322
mp-559893,9.778551333333334
mp-562987,7.486282666666668
mp-569028,3.263181000000016
mp-642817,2.405
mp-644672,2.5412073333333334
mp-753156,4.605481666666666
mp-767535,2.4740303333333333
mp-775776,2.147720333333333
mp-8537,1.7996666666666667
mp-8789,7.914646666666667
mp-8882,10.309379333333332
mp-9003,5.064775999999923
mp-9047,3.7773343333333353
mp-997589,4.894000000000004
mp-1029718,2.1506010000000173
mp-1214491,4.018469
mp-13277,8.788002000000013
mp-19409,4.085293666666623
mp-23700,2.026333333333333
mp-23827,3.878751666666657
mp-23956,3.153760000000001
mp-29199,12.851891666666669
mp-29238,15.145930333333334
mp-30311,5.537308333333333
mp-37829,9.83156566666669
mp-38684,2.753666666665948
mp-504891,7.633172999997561
mp-549308,3.024556
mp-558760,7.732861666666665
mp-567313,48.29258866666664
mp-569272,3.683000000015975
mp-570948,5.9912296666666665
mp-685935,3.6881139558174265
mp-704943,6.076138999999999
mp-757905,4.241301815144464
mp-759070,2.57013
mp-759495,3.076992666666667
mp-8453,3.4544303333333324
mp-10044,9.854783
mp-1029506,4.8536660000000005
mp-12779,8.909369333333332
mp-13995,5.097355333333161
mp-15556,5.525666666632696
mp-1707,2.978
mp-17512,2.922343
mp-18924,4.579631000043914
mp-19009,5.073324475980084
mp-23934,2.200915
mp-27255,6.2829120000000005
mp-28243,2.515192000000003
mp-29138,9.729523333333333
mp-30228,5.2927683333333455
mp-30239,4.446127333333333
mp-35031,11.022421666666668
mp-39249,6.232567333333333
mp-504885,2.729783
mp-5479,2.0286573333333333
mp-554002,2.627436666666667
mp-555150,3.212688333333333
mp-556695,2.932113
mp-556985,2.0606030000000004
mp-5830,4.458379
mp-6257,3.396092666666666
mp-638731,3.3004166666666843
mp-639682,1.83
mp-754230,5.439268666666667
mp-756254,3.677283000281104
mp-756582,3.397636666666666
mp-765970,5.398151333333334
mp-768020,2.9950430000000003
mp-776618,4.559817845482756
mp-1001786,6.836581333333328
mp-1027443,1.0000000091011871
mp-1029770,208.70947633333336
mp-1091384,6.638751000000003
mp-1105091,4.674043
mp-1112596,2.500121666666665
mp-1205610,6.985321333333222
mp-1214485,4.942032807624121
mp-22313,4.474547665917838
mp-23648,2.434694999999999
mp-27897,2.6454686666666665
mp-36209,9.80033099999998
mp-550314,2.896184666666667
mp-556653,4.487684333333306
mp-557308,5.934494000000022
mp-562613,2.161333333322926
mp-612740,7.717873666666677
mp-625671,3.077365666666668
mp-684024,4.264842333333333
mp-697044,4.432900999999995
mp-752966,3.462597666666666
mp-755390,6.230279666666668
mp-757836,2.8858566666666667
mp-761219,3.062413
mp-8217,2.018676000000015
mp-978852,33.029628
mp-1029378,5.652173333333333
mp-1029679,5.088226333333333
mp-1078132,6.82228333333331
mp-1188957,7.80161600000005
mp-1194266,3.744796999999999
mp-1219758,9.465712011550862
mp-15312,3.020205000000028
mp-19314,3.143462999999999
mp-19799,2.6035736666666214
mp-27988,1.9773333333481729
mp-28174,3.5407166666666665
mp-38220,2.1289643333333124
mp-505281,2.2450000000000028
mp-510076,4.306108333333302
mp-552588,6.76802233333336
mp-554570,2.129973
mp-561519,3.419069333333457
mp-570256,5.370179333333333
mp-573514,7.751615333333333
mp-573697,2.361113333333357
mp-690785,3.233763999999999
mp-752617,2.810943333333333
mp-752895,2.329819666666667
mp-7589,3.789045999999946
mp-762225,2.731494333333333
mp-779165,2.308272666666667
mp-8059,2.180805
mp-997041,4.756872999999999
mp-1111112,2.1355440000000283
mp-11191,30.586725000000005
mp-1211320,2.0556233333333336
mp-1215558,7.40794
mp-14637,4.280459333333211
mp-17493,3.346555
mp-1806,2.333
mp-18815,3.1961246666666665
mp-19162,4.1845833333332765
mp-28096,2.620666666664016
mp-28899,13.509845333333343
mp-30275,11.177
mp-34459,7.555012333333335
mp-3491,6.138067
mp-550622,4.464582666632995
mp-616564,3.487074000000008
mp-625927,2.0933333333333333
mp-696155,2.394882666666667
mp-7500,2.5264146666666663
mp-758632,2.752717666666656
mp-765725,4.116873666666667
mp-9636,1.99896133333332
mp-1018138,4.975588584657493
mp-10810,4.012751666666667
mp-1104693,6.893061333333335
mp-22855,3.076333333333333
mp-23295,2.281000000000021
mp-38327,7.664793333333335
mp-38970,11.672333333380903
mp-4819,3.388368
mp-540998,4.2611393333333325
mp-550320,2.668843000111908
mp-558781,5.087266333333333
mp-568890,13.766633333333331
mp-5881,29.004999999999995
mp-754117,3.654621333333333
mp-755342,4.114606000319671
mp-756382,3.7204026666666814
mp-771971,6.521576000000004
mp-8279,12.94666666666667
mp-9385,5.690518333333333
mp-985584,4.164657000000003
mp-9856,4.861656000000007
mp-1021494,5.032394333333333
mp-1078443,17.126107666666666
mp-1102254,3.9419813333333535
mp-1205847,4.050965999999997
mp-1205863,2.275768668729898
mp-1210700,15.556896666666637
mp-18741,2.715202000000007
mp-21459,7.190708666666667
mp-22968,2.177999999999614
mp-23736,3.9387379999999914
mp-24128,2.6345316666666663
mp-24402,3.158163
mp-554472,2.2662186666666666
mp-554733,2.657721000000001
mp-560675,2.7078553333333333
mp-626835,3.673718666666666
mp-6628,2.9771016666666754
mp-753712,4.303953000000001
mp-7623,13.86866666666667
mp-763489,3.156691333333333
mp-769218,14.306699333333333
mp-9306,6.415121333333333
mp-9361,4.607170999999996
mp-9567,10.659708666666694
mp-9789,5.293317333333333
mp-9808,2.7149803333333327
mp-1009820,10.489542
mp-1077904,4.504958000000024
mp-1208807,4.641211999999999
mp-1213084,2.5431233333333334
mp-1213976,3.208921
mp-1223893,8.943504999999975
mp-12902,11.225693333333332
mp-13590,2.147917
mp-18779,2.81773
mp-23353,7.257605666666666
mp-26232,1.0000000121262769
mp-28567,2.852128001979354
mp-29775,5.033220000000022
mp-33024,2.5430480000000006
mp-3486,12.616454000000028
mp-549237,4.430018732485269
mp-550759,2.063559999999997
mp-555509,7.886114666666669
mp-626066,2.1608726666666667
mp-754578,4.482815666666666
mp-754637,3.887229517006576
mp-756864,4.040933666667448
mp-761819,5.957664333333334
mp-775758,2.134698333333333
mp-850194,5.910859999999957
mp-9625,2.6715206666666678
mp-974682,5.219054333333333
mp-976313,2.4554506666666667
mp-997599,5.8811810000000015
mp-999498,4.669034999999997
mp-1015076,1.0
mp-1027436,1.0000000100944602
mp-10509,2.917735999999994
mp-10967,18.685769
mp-1205541,2.893816
mp-14006,2.2936139999999976
mp-14435,4.366496000000022
mp-16313,23.271946999999987
mp-1848,21.233666666666664
mp-18803,2.8248083333333227
mp-19280,4.1813383333385294
mp-22439,2.3958020000987137
mp-24595,2.837149666666668
mp-541629,2.3708236666666664
mp-542613,4.68282935273118
mp-756478,7.448333334302464
mp-9564,9.078927333333338
mp-989635,10.153964666666663
mp-10164,9.826277000000005
mp-1029474,6.025007666666666
mp-1106227,9.301639666666668
mp-1210433,1.9823136666666796
mp-1220802,2.5113326666666667
mp-18925,3.340392667517058
mp-19440,3.4246153333333083
mp-22916,2.82466666659047
mp-23965,2.7663333333333338
mp-28266,22.596333333269484
mp-28391,2.109666666666666
mp-28921,11.318832000000016
mp-31220,9.312141666666632
mp-4876,10.592975999999998
mp-555359,2.2322836666666324
mp-555718,4.541655666666646
mp-5811,2.9032569999999978
mp-605034,2.295850000000012
mp-6163,2.2391103333333784
mp-632326,2.108512
mp-6356,6.388866666666666
mp-643384,3.5010346666666674
mp-755080,12.317077333333335
mp-756084,3.566314058998462
mp-756728,2.7781746666666662
mp-7581,11.351333333368762
mp-8007,5.534913666666662
mp-985592,3.5258329999999973
mp-1079647,5.560414666666667
mp-11654,3.3150133333333667
mp-1209072,7.599189
mp-1218824,4.858496333333317
mp-14116,12.157668666666646
mp-2139,14.800666666666665
mp-22736,3851.815666666684
mp-23067,3.5704880000000188
mp-23959,2.2781146666666667
mp-2565,3.1193216666666665
mp-28460,5.439359
mp-29055,15.445999999985304
mp-30953,2.561834666666667
mp-33940,4.633734666666712
mp-3635,2.522562666666667
mp-4412,7.561434333333353
mp-4691,4.334901333333333
mp-556996,2.0201446666666496
mp-561048,2.9694483333333337
mp-561349,2.729696666666667
mp-753802,4.658673
mp-760307,2.643103
mp-768440,6.808554999999999
mp-9911,3.8139079999999983
mp-1029442,5.258663000000001
mp-1120755,2.507139666941612
mp-1190886,2.7447859999999995
mp-1217322,20.83114066666667
mp-1222336,2.9609620000000003
mp-15777,10.47662
mp-29443,3.79
mp-555229,2.178878333333333
mp-604120,2.253854666666667
mp-717,3.054134
mp-7548,8.139135666666663
mp-760276,2.395041333333352
mp-760396,4.709476
mp-972825,2.213308666666667
mp-1029334,52.39935
mp-1029943,6.5845056666666695
mp-1106183,4.247623
mp-1206535,2.6286233333330453
mp-1206645,7.560852330621361
mp-1443,2.869652666666667
mp-22908,3.9293333333333336
mp-23268,3.332999999953922
mp-24123,2.520000000000007
mp-27315,2.132955402178203
mp-3525,28.107000000045133
mp-38728,7.310750333333335
mp-3919,2.351161666666662
mp-540934,4.639105333301338
mp-545820,7.041666670674094
mp-555911,2.323716999999983
mp-558281,2.3360736666886543
mp-574599,4.2988293333332726
mp-6507,2.8389403333333334
mp-684,4.9769999999973065
mp-761572,5.934793999999999
mp-976876,7.103845667409938
mp-9844,2.491542666666693
mp-985829,6.805299666666708
mp-998298,2.821652
mp-1018099,5.145044333333327
mp-1019566,3.6131726666666673
mp-1025549,8.683371999999999
mp-1188344,2.4483896666667087
mp-1225887,4.524202333333361
mp-1228067,4.669065999999995
mp-1228810,17.525656
mp-12459,6.9637623333333325
mp-13334,5.00404833333335
mp-1519,6.592000000000123
mp-16327,23.510618
mp-17875,5.641784666666673
mp-18609,6.548817666666667
mp-22937,3.4566576666666804
mp-29073,16.670333333333335
mp-33857,5.198015666666668
mp-505727,2.9136666666666664
mp-540922,20.805333333333333
mp-545512,3.3397503333333725
mp-554868,15.657256
mp-567259,4.731666666666901
mp-568598,7.907938666666667
mp-570935,3.148577999999973
mp-626727,2.672839
mp-7049,10.195657333333337
mp-753401,4.794729666666666
mp-8415,2.3120466666666517
mp-8543,7.715122666666605
mp-971673,12.29930233333334
mp-10616,10.256426333333335
mp-1097065,7.083650666666675
mp-1106381,10.801170333333332
mp-1221557,10.690977333332988
mp-1228823,15.719452999999996
mp-1232317,4.273774333333335
mp-14708,3.721705666666667
mp-1554,4.90025933333332
mp-18988,5.554033000000018
mp-19886,25.64858999999997
mp-23535,2.7522753333333334
mp-2412,10.586352
mp-24136,2.4248640000000408
mp-252,7.43598599999999
mp-28336,6.684155333333333
mp-29662,18.649763666666686
mp-3159,6.145561333333333
mp-32616,6.051267
mp-37216,2.592000000010114
mp-37657,3.1743560000000115
mp-3998,5.191533
mp-4514,5.313184
mp-541190,3.005030333333346
mp-545999,17.243472666719214
mp-554515,2.422896
mp-556544,2.531664333333333
mp-754065,5.203017297503116
mp-755038,3.088017
mp-7580,5.33906999999994
mp-759877,2.426288
mp-8429,3.344807999999993
mp-961685,6.528080666666619
mp-10219,3.3754900000000005
mp-1103842,16.573681
mp-1208033,12.033708
mp-23170,5.114333333333333
mp-23230,2.3149999999999995
mp-28218,3.858054
mp-28520,12.189945
mp-30533,8.159657333333321
mp-32684,2.2942503333333333
mp-34326,3.4744930000000003
mp-39288,5.171042
mp-42022,2.3414606666666664
mp-541897,5.021229333333332
mp-541899,3.2755753333333337
mp-545548,2.9400893333334284
mp-552185,3.420592666666694
mp-5546,11.384431
mp-555154,2.5887013333333333
mp-558838,3.2211076666666885
mp-568032,7.534761333333332
mp-568116,3.749930000000026
mp-6922,2.3522773333333635
mp-754604,2.799672499725426
mp-8263,2.5006036666666667
mp-8713,3.984123999999984
mp-9063,3.364672666666669
mp-1104411,4.813628333333357
mp-11168,32.40444933333331
mp-11737,2.723352333333334
mp-16972,4.414603333333333
mp-22255,6.699805000000012
mp-23739,2.2153333333333336
mp-27362,4.635960999999971
mp-28263,2.296029666666666
mp-31419,4.472078333333305
mp-4636,5.919584666666638
mp-4701,5.814801999999999
mp-555410,5.890999999977811
mp-567744,3.081523666666667
mp-5724,2.124542
mp-5986,5.899673999999998
mp-643427,2.61554200006044
mp-66,5.829713999999988
mp-6730,4.718793333333284
mp-685146,9.595696000000002
mp-761686,4.7053416666666665
mp-8076,3.411671333333338
mp-827,2.473999999989573
mp-865024,2.684829666666667
mp-10074,7.139249666666667
mp-1029851,4.960987666666667
mp-1213950,3.7961993333333335
mp-1539446,2.54933112968563
mp-15939,2.4565110000000145
mp-22356,9.166847333333276
mp-29136,7.336844333333333
mp-29410,3.892596333333336
mp-30001,6.76793
mp-3838,4.3615303333333335
mp-4531,2.209584999999989
mp-510279,4.2923773333333335
mp-546500,2.156813999999978
mp-5478,12.63136166666643
mp-558628,2.484519666666666
mp-559240,3.1847386666666666
mp-561185,4.697150000000001
mp-567652,2.8739850000000424
mp-5693,8.554534999999994
mp-6181,5.029841
mp-626448,2.2384729999999995
mp-753010,4.198368333333334
mp-753062,2.2402803333333177
mp-753287,5.505702000000002
mp-755231,4.8487496666666665
mp-756632,5.174100333333334
mp-757956,3.027454
mp-765500,2.511557666666667
mp-779457,4.503046
mp-8276,11.103333333333348
mp-8511,1.7010000000000065
mp-961682,24.51600000000022
mp-988,4.2646666666667015
mp-989195,4.245054
mp-1020658,2.251209
mp-1029336,5.419635333333335
mp-1080848,12.871944333333332
mp-1101340,3.127292
mp-1103520,3.344100333333351
mp-1219582,2.076931333333361
mp-1222661,8.44928866666667
mp-1227329,3.006941666666652
mp-18463,2.6017463333333333
mp-22885,2.428366666666648
mp-25418,3.0371773333333336
mp-27539,5.417724000000038
mp-3887,5.232105999999995
mp-5048,7.455463333333333
mp-570259,2.6353333333333797
mp-607450,25.289459800878763
mp-669367,2.3311163333333185
mp-672204,20.9265981755661
mp-6960,6.181869333333304
mp-757826,2.55450033333335
mp-762870,3.1388436666666664
mp-7938,10.621688999999998
mp-7939,12.352596666666708
mp-10194,36.19578300000002
mp-1019791,2.5065136666666668
mp-1020181,2.561259666666667
mp-10488,4.684547333333333
mp-1205641,7.048765666666658
mp-13843,3.3851463333333336
mp-15549,2.0071649999999805
mp-1683,9.798333333333332
mp-17916,9.853310999999998
mp-27178,6.099792000000001
mp-30991,3.371838000000006
mp-315,3.2894060000000143
mp-3551,11.275751333333334
mp-3592,4.8445066666666685
mp-554412,2.913637666666686
mp-556605,5.594581333333334
mp-568560,4.617182333333321
mp-675977,32.64593733333333
mp-754274,4.465784666719316
mp-756502,5.019030666666667
mp-769953,4.335729999999999
mp-7808,10.017666666667722
mp-8727,4.961008666666635
mp-974650,3.3954953333333333
mp-990424,6.597795999999999
mp-998592,3.388986333333333
mp-1025267,2.7288016666666777
mp-1186,8.04566666666682
mp-12011,4.700119666666667
mp-1226891,5.49765433333745
mp-15248,4.956220999999993
mp-18775,4.473250333333332
mp-19387,4.8267576666666665
mp-23918,2.8757853333333614
mp-27985,4.257129999999999
mp-28671,4.663736333333347
mp-33300,12.690323000000015
mp-33606,8.821406999999999
mp-35267,6.795929999999999
mp-541097,4.30491433333333
mp-557203,4.653408999999999
mp-573763,4.086015
mp-643683,17.86500433333335
mp-6500,2.087845
mp-673798,2.904387
mp-752464,5.8411806666666655
mp-753178,3.337083666666667
mp-753509,3.419322
mp-756006,37.944383
mp-9747,3.8762186666666665
mp-998561,2.5345766666666667
mp-998778,3.969238666666667
mvc-678,4.366468
mp-10155,16.764333333333337
mp-1019967,5.369454333333333
mp-10288,12.319884333333333
mp-1029294,7.100079999999998
mp-11925,5.471519666666667
mp-1193604,2.523617
mp-17524,13.120666666666663
mp-22566,9.854657000000016
mp-2310,4.456999999999998
mp-27559,3.5722283333333222
mp-28138,2.469198532658466
mp-28534,3.990986333333333
mp-546757,3.468166
mp-555292,2.0209999999999995
mp-555321,2.49868
mp-556850,2.411463
mp-557723,2.287983666666668
mp-558078,2.223513333333345
mp-570922,2.431226
mp-625604,2.372545
mp-6289,3.4514693333333333
mp-676400,3.7262686666666673
mp-849770,4.231193668336132
mp-981,2.2170446666664643
mp-1029568,53.231033
mp-1029862,5.473135666666668
mp-10336,9.054090333333312
mp-11019,5.837560000000033
mp-1182867,4.624412995543566
mp-1218926,26.73691300000001
mp-1222182,8.462539333333373
mp-1500,4.806000000000121
mp-2030,16.68700000000001
mp-28128,2.705
mp-29403,4.687947666666666
mp-29432,2.930317333333333
mp-3006,5.8559283333333285
mp-31002,16.72133333333374
mp-41734,2.165421
mp-558255,4.9970683333332975
mp-567583,2.763071666666667
mp-623087,6.365666666691035
mp-675022,3.656899999999998
mp-754190,3.866199999999999
mp-756581,6.464057333333333
mp-1029918,9.314818
mp-1029967,4.737195666666668
mp-1030244,1.0000000365484196
mp-10644,7.321090000000006
mp-1228724,22.034559
mp-17650,4.231534666666721
mp-18353,4.345066666666663
mp-25316,1.0000000000000986
mp-28232,5.189050666666635
mp-28591,6.02484900000001
mp-30139,2.514666666656705
mp-30253,15.194257666666658
mp-505321,7.421921
mp-5504,2.760840333333334
mp-559653,2.786129666666666
mp-569595,5.192333333245179
mp-6227,3.022544666666666
mp-697853,4.189904666666667
mp-752801,2.877665666666668
mp-753212,2.0490080000000144
mp-760483,6.87729
mp-771892,4.1721613333333325
mp-864766,2.329067333333333
mp-8781,6.502241000000001
mp-913,9.715113333333331
mp-998193,2.701512333333333
mp-1018118,15.261090000000005
mp-10519,20.28322766666666
mp-1190,7.321940000000008
mp-1207618,3.3510326666666663
mp-1210431,2.7344580000000005
mp-1211285,2.949989666666667
mp-1222404,9.498256666666665
mp-13033,5.506010999999998
mp-14790,49.05637333333335
mp-16314,28.708286000000037
mp-16804,2.749328000000059
mp-18300,12.522
mp-30100,7.248736999999996
mp-504723,4.766412666658429
mp-510075,4.205358999999981
mp-551826,4.460515999999999
mp-554553,7.947782666666672
mp-6327,2.3823789999999865
mp-684609,1.830061333333333
mp-697133,3.195988999999999
mp-758574,3.1302153333333327
mp-769377,2.2890436666666663
mp-9029,7.980944666666666
mvc-6787,6.624900333333334
mp-1176418,3.083762333333333
mp-16564,1.0000000000000129
mp-20805,3.823375000000008
mp-22889,2.8142876666666665
mp-23222,13.77666666667842
mp-23719,3.5297856666666667
mp-27714,1.9266666666666663
mp-28569,3.0470046666666666
mp-28980,4.578712000000001
mp-29596,5.798386333333333
mp-30459,22.556865000000013
mp-31053,7.219691333333333
mp-540569,12.06604326246586
mp-551740,2.3984696666666667
mp-555863,2.158799999999879
mp-557104,2.4046666666496463
mp-557244,2.5075643333333333
mp-568968,6.2876943333333335
mp-6426,2.520084
mp-644203,3.418576999949724
mp-676723,2.309869
mp-7089,7.819594666666666
mp-753277,2.932256
mp-753775,4.014401666666667
mp-754739,3.152788333333334
mp-770387,5.358321666666668
mp-778554,2.104340180970695
mp-8407,12.116333333333486
mp-1029297,9.263289666666669
mp-1104686,3.99908566793278
mp-1219132,13.298215999999998
mp-12855,24.000145666666665
mp-1540553,4.43814434028548
mp-24463,2.078
mp-24599,3.985932666666669
mp-25971,3.014641024320414
mp-2706,2.3843351120521987
mp-30216,4.5974536666666665
mp-31212,1.9934920000000125
mp-3419,2.238801333333308
mp-510460,6.068822333333344
mp-531820,4.911912666666667
mp-5431,3.820612666666666
mp-554390,3.479408333333333
mp-557724,2.08634
mp-558480,2.1043333333068
mp-558835,3.03955403036977
mp-568346,4.783125999999999
mp-753432,5.600962666666646
mp-753567,2.167666984130495
mp-7601,4.623579
mp-1023132,3.148810333333254
mp-1025456,1.9682509999999989
mp-1029791,6.337425666666667
mp-1066131,7.054368333333301
mp-1191189,4.931841999999996
mp-19432,3.176858333333332
mp-21145,5.137345666666668
mp-22978,2.849444666666695
mp-23205,3.673333333333341
mp-2517,15.762666666666666
mp-2657,8.098999999999998
mp-27425,2.745746333333333
mp-2789,2.226000000000002
mp-2961,8.605974333333332
mp-33569,8.318867668065934
mp-545346,3.5796943333333338
mp-5967,20.46137399999998
mp-705676,3.235007000000001
mp-752471,7.043419588209308
mp-753671,3.201646
mp-753861,2.491888333333486
mp-757248,3.3827963333333333
mp-8257,4.298217666666647
mp-979932,3.4720996666666664
mp-1000,5.976097333333357
mp-1019105,10.360722999999997
mp-1100408,20.58147433333257
mp-1190151,3.647239666666637
mp-20261,7.738875666666666
mp-23856,2.2406013333333337
mp-29234,5.74143
mp-3622,2.4271159999999994
mp-38011,2.8258856666666623
mp-3810,5.134956666666636
mp-4043,7.356951000000001
mp-4152,8.494783
mp-4255,10.606124000000046
mp-5259,2.042666666666666
mp-546011,10.256168999999971
mp-547017,3.347166333333333
mp-557397,2.1775793333333118
mp-696130,2.5847953333333336
mp-752893,3.5577953333333334
mp-753460,3.631048
mp-759234,3.0483543333333336
mp-762624,8.9390999844858
mp-7904,12.746
mp-9198,16.899603666666668
mp-1018098,5.441726000000052
mp-1105647,7.076061000000003
mp-1209489,4.593829
mp-13868,5.347275333333332
mp-17146,3.816090333333333
mp-17719,7.093013333333317
mp-26982,5.1467686666666665
mp-4584,5.56548500000003
mp-540631,3.202944666666658
mp-545665,6.388000000017271
mp-551135,3.951014333333333
mp-555305,3.464444333333333
mp-561189,2.3775383333333395
mp-561543,1.517026999999999
mp-620372,5.737840666666666
mp-634676,2.801
mp-643006,3.297929333333334
mp-673070,3.784682333333333
mp-756316,4.391459
mp-757406,2.6688683333333336
mp-761872,6.404976000000002
mp-8389,3.9549596666666686
mp-999460,6.012433333333299
mvc-15178,2.980132
mp-1078209,7.596086031135186
mp-1078419,5.167766
mp-11265,22.985666666666663
mp-14588,7.480172333333333
mp-16337,11.608424666666664
mp-18554,3.2286
mp-18591,2.5490096666666666
mp-22583,4.767971333333333
mp-22956,3.3469739999999994
mp-28146,4.0960610000000015
mp-29873,2.738776666666712
mp-545399,5.1856670002887855
mp-556742,5.403333333333336
mp-557650,3.66754466666667
mp-574040,3.168499333333333
mp-625857,2.719924
mp-685991,7.208477267179933
mp-754594,3.682125
mp-754639,3.490604666625257
mp-754977,4.820982999999946
mp-755287,4.252512
mp-755949,4.548227333333324
mp-756075,5.995255
mp-761118,6.774501999999998
mp-864900,18.774594999999984
mp-8759,3.4980906666666254
mp-9203,3.267143000000002
mp-9749,2.727816666666667
mp-1027525,7.274040000122942
mp-10955,10.882697999999998
mp-1220757,4.04223766666663
mp-1220913,4.985179666666668
mp-1226306,5.488892000576193
mp-14730,2.908215
mp-181,37.465531
mp-2672,2.535999999964235
mp-27192,1.9240950000000008
mp-27839,3.205501666666663
mp-4426,3.0208573333333324
mp-5251,4.953081333333333
mp-5304,4.8088129999999945
mp-555903,4.035757000000004
mp-555976,3.261492666666667
mp-556229,2.335290333333351
mp-581303,4.126212
mp-6126,3.3314353333333098
mp-676300,5.907085723958118
mp-7375,5.35764166666666
mp-758604,2.723946666666667
mp-759469,5.060970333333334
mp-771046,2.4472049048427693
mp-971661,12.042496000000014
mp-1111927,2.2508386666666773
mp-1217849,6.507581333333334
mp-1392,9.865333333333332
mp-1415,5.61700000000004
mp-1539101,4.7445812799361855
mp-23023,4.144528333333333
mp-27164,19.726000000000003
mp-36577,6.045051333333333
mp-545796,6.178100883698366
mp-555320,2.702132333333333
mp-556151,2.3578663333333334
mp-5625,3.50779699040933
mp-5784,2.9133096666666667
mp-625171,2.3261
mp-643264,4.6689260012390505
mp-768150,5.595923000000043
mp-768152,2.523334333333333
mp-7998,2.885163
mp-865101,16.512548000000006
mp-8891,3.2077726666666706
mp-8963,2.662187000000016
mp-991652,11.318887999999994
mvc-6916,8.655821000000001
mp-1019531,3.3980619999999995
mp-1029773,6.211280666666666
mp-10615,9.36614766666666
mp-1080135,7.727318666666669
mp-13252,3.932168333333333
mp-1522,21.05966666666667
mp-16945,6.150038333333332
mp-22947,3.026688000000005
mp-2646,14.801333333333536
mp-551918,6.006657000000033
mp-6450,5.902312666666643
mp-752538,3.839130333333333
mp-753343,3.199272666666667
mp-757754,2.6631113333333616
mp-7643,7.367336999999993
mp-8723,1.8166666666666744
mp-9145,4.125243
mp-9731,4.425907000000015
mp-9794,4.001977333333349
mp-9816,1.7869270000000006
mp-1023924,4.456999333333337
mp-14791,64.62134700000001
mp-1541714,3.4569596668870184
mp-2534,14.840380999999985
mp-28670,5.057745
mp-29104,5.391098999999998
mp-29257,7.819903666666718
mp-697408,2.37
mp-754467,5.304161
mp-756951,3.4671668105016065
mp-757842,6.355650000000001
mp-761495,2.599174
mp-765046,2.732502333333334
mp-8921,4.538060333333362
mp-9722,9.811702333333336
mp-1007823,5.477850666666669
mp-1019089,6.880558666666665
mp-1021504,5.889096999999995
mp-11327,3.3146666665460445
mp-1221151,5.708221333333333
mp-14339,7.972997666666383
mp-17792,5.133073666666644
mp-18849,3.103055999999999
mp-22607,7.694522333333334
mp-22977,3.084202999999986
mp-2472,3.804463000000022
mp-2695,21.894666666666662
mp-28782,4.079644666666667
mp-32509,2.8874849999999994
mp-558984,4.1720310000000005
mp-571156,2.3700056666666667
mp-721896,3.0375783333333337
mp-755867,4.640104000000001
mp-7611,3.293874666666667
mp-765618,12.255806000000002
mp-772809,2.3911233333333333
mp-775761,3.235246
mp-775837,4.5246683333333335
mp-961713,17.477000000001386
mp-1029498,5.5711520000000005
mp-11643,4.752549666666667
mp-1167,1.6319999999964772
mp-1190030,26.372295000000005
mp-1205739,2.2235739999999904
mp-12159,2.206367666666667
mp-1228745,19.40779
mp-14415,3.863111333333334
mp-16280,4.001871333333318
mp-16452,6.825261333333331
mp-17012,6.80873
mp-2008,30.61366666666667
mp-22945,9.856490333333342
mp-23550,2.244368333333346
mp-31040,3.570999999999815
mp-3123,13.270666666666664
mp-34042,2.2603243333333336
mp-3762,7.189134999999996
mp-38194,3.558674999999995
mp-541291,5.106876666666668
mp-555123,2.224995000000003
mp-5588,2.190809
mp-560067,5.615855666666666
mp-568638,9.156606666666653
mp-569030,1.9682346666666648
mp-6094,2.8804996666666667
mp-625823,2.561087666666667
mp-643378,4.053905666666666
mp-7104,2.308064000000001
mp-752838,4.780836
mp-754658,4.280333333333333
mp-768269,5.804870666666667
mp-7897,8.798000000000124
mp-830,6.074597999999997
mp-849731,5.463261680069857
mp-866580,7.653844999999991
mp-984055,4.223570333333314
mp-1012551,3.429081
mp-1019595,7.202311000000002
mp-1192829,2.678014333333339
mp-1219559,5.45379666666664
mp-12927,5.631104999999988
mp-13630,1.9749110000000023
mp-13725,2.5123276666666663
mp-2184,2.800333333334589
mp-22391,5.547768999854855
mp-27032,5.971788666666666
mp-27125,2.5712056666668066
mp-27934,3.5396216666666565
mp-540659,2.698333333314894
mp-546864,4.059440333333288
mp-557737,6.036381333333332
mp-557938,2.1770000000000747
mp-559118,2.9162780002652062
mp-559122,6.408673666666666
mp-567601,5.339263666666667
mp-675801,2.796261624012246
mp-696804,2.7383333333333333
mp-7210,3.4191843333333334
mp-755478,7.825324999999992
mp-774424,6.201306333333332
mp-865280,45.93990500000007
mp-866311,6.517006641014845
mp-8799,3.590218666666668
mp-9437,24.718901
mp-989197,5.681254
mp-10233,3.6578869999999992
mp-1029418,4.471757333333333
mp-1220714,5.116586666666504
mp-1225099,11.7021512846208
mp-18105,6.22634
mp-23079,2.1893333333333342
mp-23110,5.19105133333334
mp-267,20.931
mp-28965,3.5639666666666656
mp-5078,2.271862999999994
mp-557437,5.650529333333334
mp-558992,8.307605666666626
mp-560882,3.867787
mp-7264,2.774119666666667
mp-752636,4.517376
mp-754206,5.101548
mp-761341,8.935114666666665
mp-768521,3.6696973333333336
mvc-7386,3.323414666666667
mp-1008528,9.55912
mp-1014244,9.145414333333358
mp-1017628,9.604400999384572
mp-10694,2.263000000000001
mp-1120756,2.2494969999999843
mp-1540429,5.122564672945097
mp-1602,3.1403333333154912
mp-16764,6.421580333333327
mp-19145,2.734392
mp-22421,4.698146652417765
mp-23807,3.188282
mp-2576,18.90033333333333
mp-27938,6.032206999999997
mp-28580,3.6441813333332793
mp-2894,21.08691999999997
mp-3161,15.258516000000022
mp-546125,4.209929334653308
mp-553875,9.544272
mp-5777,5.856612000000001
mp-643708,3.341181666666666
mp-682,1.8669749999999343
mp-774933,5.181568000000001
mp-7908,8.260377666666669
mp-9710,4.579209333333334
mp-989541,2.3319999999999976
mp-1017567,8.650303334249209
mp-1103473,4.89369966837608
mp-12240,1.8027943333333336
mp-1539667,3.6201944310644607
mp-17827,8.904325
mp-1954,5.154267333333333
mp-20078,7.459189000000001
mp-21365,8.545361999999999
mp-22169,5.1218534806176805
mp-22398,2.669999999998748
mp-22862,2.488147000000011
mp-23870,3.13200000000001
mp-2514,7.319000000000005
mp-27563,4.302073666666687
mp-27628,8.905666666666667
mp-29009,3.4156619999999958
mp-29174,2.906913
mp-3281,2.702349
mp-36791,6.214920333333333
mp-505366,4.806333333333334
mp-5076,4.625442333333289
mp-560902,2.3526666666666665
mp-561258,5.91233333734209
mp-561305,3.1495136666666537
mp-567885,4.301385333333346
mp-570158,2.556762333333334
mp-570172,3.6850849999999866
mp-758389,4.43315
mp-764949,3.496051398213881
mp-775319,6.348313666666665
mp-780172,4.013496
mp-7868,7.410482666666684
mp-850895,3.009813274056164
mp-1190588,2.96556633333334
mp-1219554,4.374571000000027
mp-1223447,2.287953666666668
mp-15954,30.728
mp-18320,3.632632000000001
mp-25440,4.455363333333334
mp-25469,2.8476666666868056
mp-27853,6.858038999999999
mp-29808,6.088312999999999
mp-31110,4.227342999999956
mp-31318,4.106303666666666
mp-40157,3.3649853333333426
mp-5046,2.390122
mp-559084,2.4737269999999985
mp-568662,2.8685109999999967
mp-753419,4.294387
mp-756289,6.951718
mp-771964,6.640550666666681
mp-8211,49.80239666666669
mp-978114,5.990878333333335
mp-9813,9.240333333369394
mp-10234,3.5667796666666667
mp-1106051,26.53020300000001
mp-12533,4.595957000000034
mp-1582,3.5163333333333333
mp-16363,24.205477
mp-18834,3.6099176777501376
mp-23052,5.864098333333334
mp-2340,2.4909666666666674
mp-27841,4.402324666666666
mp-40251,4.908673000000007
mp-4190,3.863697999999983
mp-555166,6.640396666666665
mp-555256,2.808307333333333
mp-561328,2.637256
mp-561400,2.9674283333333342
mp-5769,3.5088953333333337
mp-5853,4.405344333333333
mp-5955,1.73300000000003
mp-614603,2.6931366666667067
mp-639463,2.0126666666666666
mp-642795,2.439333333333334
mp-642847,4.532491000000031
mp-721582,2.598958333333333
mp-752446,2.052310999999982
mp-760418,4.438113666666664
mp-7849,2.4182326666666665
mp-998428,3.357148
mp-1079600,3.568183
mp-1207196,4.573942999999994
mp-1210002,5.933578000000002
mp-18126,9.758959666666668
mp-19421,5.460722667323341
mp-20329,5.592301333333308
mp-24093,13.360494333333266
mp-24204,4.100648
mp-28136,7.350092666666693
mp-30299,3.006389666666666
mp-35208,3.678529000000006
mp-4044,8.688263666666666
mp-504951,5.809946999999995
mp-546679,5.973429333333333
mp-556417,2.240672333333309
mp-570693,3.1905510000000006
mp-625455,2.026238
mp-7118,2.960146999999999
mp-754059,5.181940999999999
mp-756743,3.3125103333333343
mp-759609,3.6305806763182233
mp-8289,2.598666666686987
mp-8610,4.033442666666688
mp-961684,6.642748666666641
mp-997089,4.779080333333321
mp-1029502,7.790420000000002
mp-1113578,5.90345499999993
mp-1205823,4.961261000000006
mp-1214516,5.23489633313941
mp-13801,10.155568999999977
mp-21521,4.474573666666665
mp-21609,12.010069333333334
mp-23891,2.3420646666666625
mp-29993,2.479797
mp-30250,4.886132666666683
mp-37990,1.7838030000000034
mp-406,9.30929200000002
mp-556049,3.437854666666676
mp-558830,4.733013000000001
mp-560515,3.6581856666666983
mp-642690,5.694168333333333
mp-675778,2.269181064977175
mp-697181,2.626513
mp-7147,5.261460333333334
mp-7394,6.600815333333332
mp-7447,5.640573333333333
mp-753960,2.3524666666666665
mp-758241,4.093092666666667
mp-771411,3.65614572977924
mp-781712,4.302198
mp-8054,3.4822789999999717
mp-8216,3.814282000000001
mp-9075,3.027553333685556
mp-9077,3.697067000000001
mp-9297,6.415644333333336
mp-1094088,24.973000000000457
mp-1113016,2.3948050000000656
mp-11131,5.14714
mp-12177,4.951666666666668
mp-1317,35.084000000000195
mp-14368,3.4957890000000003
mp-15953,21.841
mp-19082,5.821118000000015
mp-23373,2.893943
mp-27684,8.153333333333334
mp-29505,3.3815499999999994
mp-541378,5.436405
mp-554791,2.619308000000002
mp-626088,4.670861666666666
mp-643431,4.837157333333333
mp-753525,2.854782333333333
mp-756696,5.6659313333333285
mp-768230,5.080907333333333
mp-8000,3.1988890000000585
mp-8459,2.9121373333333445
mp-9723,4.161028999999995
mp-998613,3.2359489999999886
mp-1040450,3.8163396666666896
mp-10796,4.542328
mp-11025,9.834333333333332
mp-1105212,3.940123
mp-1209238,2.919716333333333
mp-1211098,2.512392666666648
mp-1217378,5.419407670828318
mp-1540935,6.148104333333705
mp-18594,3.944638
mp-19006,4.893333339068401
mp-22991,4.073377666666588
mp-23193,2.28077166666661
mp-26600,3.627376333333333
mp-27564,2.451334333333325
mp-4026,7.742972333333252
mp-561104,4.103499333333326
mp-569055,3.182313
mp-706976,2.0666666666666664
mp-752518,2.8872005293867127
mp-757191,2.526321333333333
mp-772290,5.387263332328877
mp-1009130,1.0
mp-1111110,2.182778666666675
mp-1672,4.988000000000234
mp-2114,15.428000000000424
mp-23764,2.5306666666666837
mp-27138,3.7849693333333327
mp-28365,3.317905666666667
mp-29060,6.7033983333333325
mp-4598,4.619728999999995
mp-561681,2.3064686666666483
mp-567318,16.700000000000003
mp-634812,2.1784836666666667
mp-754212,3.3182770000000006
mp-7572,2.566280333333349
mp-760684,3.451079
mp-768223,4.120253999999999
mp-9252,6.570415333333336
mp-9535,3.5014710000000004
mp-1094066,8.289228666666732
mp-1205964,4.717278999999997
mp-1209286,3.7598289999999897
mp-1213683,4.800967999999999
mp-1542758,6.000082651238382
mp-17173,25.082000000000004
mp-22691,7.358552666666664
mp-27047,3.195407
mp-28477,2.618707
mp-28553,5.674736999999997
mp-30548,2.238216
mp-41095,7.250364999999995
mp-556218,2.011112
mp-557224,4.011489
mp-625142,3.520588
mp-674490,5.267611666666668
mp-675011,1.8632206666666529
mp-675953,3.760643
mp-684724,3.0832653333333213
mp-752535,5.734245666666666
mp-764355,3.458625333333333
mp-776448,5.253153451826023
mp-8972,4.723628333333333
mp-1029492,251.6956113333333
mp-1029565,5.223639666666666
mp-1029602,4.678882666666667
mp-1178386,14.172789333333334
mp-1340,7.796757666666667
mp-13541,3.168223333333368
mp-14495,3.186181333333332
mp-15157,2.2680730043531825
mp-20254,4.125935666666644
mp-23024,3.175782333333333
mp-27230,3.186455666666666
mp-27910,17.837132999999984
mp-3098,5.564233666666659
mp-3666,5.06160299999997
mp-4937,2.514136666666667
mp-504908,4.589593666666676
mp-530399,3.160464
mp-560338,2.835666666659069
mp-626689,3.160857
mp-6721,6.183572666666595
mp-675941,5.124758952855244
mp-754334,3.682023000000001
mp-755754,2.6682676666666665
mp-997002,3.549534
mp-10408,2.6746456666666667
mp-1112940,4.261559666666662
mp-1216579,26.68746766666668
mp-1225983,2.738271000000001
mp-1226180,4.885159000000001
mp-12335,5.399670333333302
mp-19292,4.450310666666626
mp-19335,3.8517236666687538
mp-20461,8.87741266666668
mp-23859,3.766237333333332
mp-28003,1.7736666666666665
mp-28075,3.550609
mp-28439,2.418259666666637
mp-510670,5.1837946666666666
mp-540111,2.933524333333333
mp-540312,3.9535173333333327
mp-561153,2.413778
mp-570844,17.492714
mp-672,6.074778000000042
mp-755946,6.4239076666666834
mp-7595,2.892960333333333
mp-7691,35.196666666666665
mp-8773,2.219666666647945
mp-10091,7.042734666666667
mp-1018100,11.523126951865589
mp-1228167,4.99939600000001
mp-14288,9.454333333284891
mp-15724,9.14327133333332
mp-19406,5.618990003393868
mp-19426,3.8153800096482127
mp-19842,196.53459533333336
mp-2133,5.390361000000027
mp-22936,4.604646666666529
mp-23011,2.333930666666667
mp-23612,2.5485916666666366
mp-23656,2.432209999999999
mp-23884,3.0568176666666678
mp-24585,2.533522
mp-2490,10.587151999999977
mp-28171,3.256144000000003
mp-3642,5.906388333333303
mp-554669,4.723566333333324
mp-555514,2.5945033333333334
mp-560334,2.386327666666667
mp-561710,4.529492333333333
mp-567666,12.773000000000051
mp-6278,4.215363333333334
mp-644285,2.461858666666666
mp-753011,2.6287579999999995
mp-753641,2.784734333333334
mp-753756,2.8179406666666664
mp-763244,2.434557666666666
mp-8075,3.329945666666641
mp-8355,2.429726333333332
mp-1103213,19.647299
mp-1205337,8.678299333333333
mp-1209478,3.0573576666666664
mp-18480,3.544485333333353
mp-22512,4.281086666666666
mp-27381,4.706225666666666
mp-27404,2.9900000000000007
mp-29117,7.870298999999991
mp-29526,3.408
mp-341,2.889666666698892
mp-3589,2.5865606666666667
mp-546711,2.0790540000000046
mp-567228,5.047221333333316
mp-571648,3.240882666666677
mp-6253,1.8026666666666948
mp-6319,1.8966666666666223
mp-6980,10.522181333333345
mp-703459,1.86574266666668
mp-730,19.64533333333333
mp-754908,6.111284333333331
mp-7594,2.2177713333333853
mp-760333,5.026572333333277
mp-774897,5.227481666666667
mp-8161,2.975678666666657
mp-862871,4.012666666666667
mp-9397,11.509393666666666
mp-9705,4.353971000000056
mp-11725,1.8903333333333343
mp-1177695,4.873309333333315
mp-14017,8.09333333333339
mp-14168,1.986732666666693
mp-20210,7.336103333333322
mp-230,5.381376666666667
mp-23018,5.449576333333343
mp-23562,2.672414335684998
mp-2488,23.950614
mp-27442,5.1552066666667455
mp-27678,6.533666666638833
mp-29422,2.7130000000000005
mp-29816,7.987692666666668
mp-29911,9.126224
mp-3822,2.725649
mp-530262,5.768927000000001
mp-556866,5.899012666666668
mp-559067,3.5344406666666672
mp-561317,2.2543349999999545
mp-752844,3.0590230000000003
mp-755566,4.059388333333333
mp-777999,3.8054046666666665
mp-8311,18.57923566666667
mp-9571,14.399996333333345
mp-972808,2.3049676666666663
mp-990440,3.6656753333333607
mp-1029275,7.181571666666667
mp-1079885,10.419872666666668
mp-1102077,1.8680773333333327
mp-1188913,3.929764
mp-1219581,1.9481186666650836
mp-16996,2.897225333333333
mp-19270,6.053132000000002
mp-22232,8.987120333333353
mp-27463,2.1722156666666668
mp-27480,4.345017333333337
mp-27694,2.167666666666667
mp-28166,3.0089009999999994
mp-28324,9.663115333333332
mp-3078,14.074613666666664
mp-556478,2.457808333333333
mp-567556,25148.816525
mp-569600,21.095655000000008
mp-571084,4.0420000000000025
mp-625254,2.5157206666666663
mp-625475,2.175333333333333
mp-633099,5.5795710000000005
mp-634466,2.3536666575510936
mp-675879,8.653419
mp-753533,2.702272
mp-776922,5.114944666666671
mp-7771,137.10337333333337
mp-9490,6.576508333333333
mp-1103152,2.3917633333333463
mp-1207095,13.283499666666666
mp-13361,3.6684039999999993
mp-1634,10.660333331668388
mp-17853,4.24248300000004
mp-19956,3.8908746666666665
mp-23147,2.3252450000000007
mp-27827,3.073114000000021
mp-2879,4.522737
mp-29931,3.357331
mp-38322,3.6051483333333336
mp-555207,1.9480000000000004
mp-568556,8.098835999999999
mp-569501,12.943220333333334
mp-686129,5.578895666666667
mp-697096,3.4514573333333334
mp-707105,2.542084
mp-7191,7.121050999999997
mp-753149,2.648631333333348
mp-753690,2.402789
mp-755391,3.6887856666666665
mp-7792,8.095666666666666
mp-8409,3.556133333333376
mp-8564,2.977450666666676
mp-1019378,4.901747
mp-10341,3.4613013333333225
mp-1078709,20.01236833333333
mp-11342,6.535000000051876
mp-1191811,4.316466666666666
mp-1210797,2.941301
mp-18246,4.242579000000247
mp-23290,3.1997686666666443
mp-2693,45.70300000000217
mp-27418,4.312499333333334
mp-27635,4.746306000000034
mp-27850,8.571141666666668
mp-30062,3.521428333333309
mp-557012,3.136641
mp-567636,31.58696800000004
mp-569571,23.79308100000002
mp-569578,5.976166333333334
mp-570437,4.67474700000001
mp-570803,6.930891339985753
mp-696949,2.924666666666667
mp-7060,9.08221233333446
mp-754394,6.385318333333331
mp-760580,2.648683509371742
mp-765470,3.0457836666666664
mp-766938,5.325333333333332
mp-9338,2.941936333333333
mp-989551,3.0741550000000006
mp-1020059,5.206095333333334
mp-10418,3.469272333333306
mp-1188687,6.705570666666667
mp-1209528,3.5072640000000006
mp-13643,3.726891333333333
mp-17401,11.358666666666664
mp-19259,2.719262
mp-19414,2.7337393333333337
mp-24341,2.2478846666666663
mp-27809,12.786666666666669
mp-28564,2.976217666666655
mp-30315,5.406910333333333
mp-32868,10.840441666666669
mp-468,1.942999999959228
mp-510557,2.542999999979668
mp-5380,7.365469000000016
mp-557773,4.447643000000023
mp-625560,2.5816666666666666
mp-753402,6.882310666666662
mp-753660,3.417932000000001
mp-757174,4.059568666666667
mp-779511,4.015006190880972
mp-7885,7.669431333333311
mp-7895,2.65800633333328
mp-8290,2.3507143333333422
mp-867249,40.42206600000003
mp-8884,8.815254666666638
mp-947,6.962842000000003
mp-989558,2.587871000000004
mp-998615,2.813987333333349
mp-1029845,6.046034333333332
mp-1189227,4.432024666666667
mp-1542940,5.8416828267820975
mp-2095,7.943292666666667
mp-23309,3.0636666667035164
mp-2624,12.00990000000001
mp-26989,2.819595333333333
mp-28233,3.178000000004252
mp-28769,5.9718160000000005
mp-32750,6.330666666650334
mp-3982,4.139758333333333
mp-402,9.66053
mp-4573,34.65800000000309
mp-545359,3.3397719999999995
mp-553342,2.286681000000062
mp-554839,4.4008876666666685
mp-570099,3.496363999999989
mp-620033,4.214167333333333
mp-625583,2.4933386666666677
mp-626229,2.2533333333333334
mp-7140,7.076078333333302
mp-7258,2.8366466666666668
mp-752506,3.138521666666667
mp-753364,5.489544333333334
mp-754615,4.615212
mp-763098,1.9280663333333332
mp-7773,12.77933333333251
mp-8623,7.087944999999979
mp-997036,7.534834666666668
mp-10070,2.734723666666666
mp-1029756,3.192135333333333
mp-1029815,-559.0280776666666
mp-11008,5.953356333333332
mp-1103527,2.3715739999999994
mp-1178405,3.411621
mp-18168,3.3337376666666665
mp-23056,4.980365999999994
mp-23888,2.5828743333333417
mp-27630,4.023000000007641
mp-29966,1.9445113333333333
mp-504849,2.979725666666667
mp-557686,2.3950000000000427
mp-568971,10.982333333333337
mp-6647,7.259171666666688
mp-775543,3.015644666666667
mp-862631,18.817104999999994
mp-8861,2.105352333333365
mp-8880,8.203562000000034
mp-9517,9.039526666666664
mp-985582,3.927489999999996
mp-1104062,6.323588666666666
mp-1193106,3.667897333333333
mp-1214420,2.464592
mp-19765,11.140975000000005
mp-1990,8.349000000000045
mp-23571,9.19555766666668
mp-23703,4.3634209999994
mp-23966,2.7073333333322678
mp-27791,3.1453786666666854
mp-27814,3.1249999999988485
mp-28302,4.935111188521439
mp-28326,3.026666666666668
mp-3519,7.735338
mp-504600,2.2290000000000005
mp-542605,5.019666666666667
mp-556604,3.868112333333333
mp-557552,2.398950666666644
mp-560203,2.516356666666667
mp-561224,5.582943
mp-697136,2.4784096666666664
mp-753408,3.684535037508431
mp-755132,5.9951452726431285
mp-761849,4.455589000000001
mp-776397,3.2510743333333334
mp-850189,4.017359333318062
mp-1189906,4.625774
mp-1189986,9.802408333333334
mp-1211726,3.243237666666642
mp-1581,3.41
mp-17568,23.716828999999887
mp-19752,3.0684726666666684
mp-23154,6.306333333339588
mp-23910,4.397278333333366
mp-27422,2.184572333333348
mp-27948,26.403000000016807
mp-28145,3.406087333333323
mp-29151,3.651693333333329
mp-33551,5.406340000000021
mp-4842,6.369394666666662
mp-5339,4.3177666666666665
mp-557183,3.369257333333333
mp-571011,4.517125666666668
mp-754596,3.0913089999999976
mp-755674,5.088429666666666
mp-7608,5.437126338765931
mp-7812,2.884397666666666
mp-9693,4.397065000000002
mp-984872,3.670255666666732
mp-997587,5.013000000000004
mp-1019380,4.857493000000002
mp-1189383,4.857575999999999
mp-1212441,31.75966200000001
mp-1219606,4.337033999999929
mp-1225922,2.083899333333333
mp-15845,6.585585666666669
mp-17892,7.001282666666666
mp-2242,10.986487000000002
mp-23517,4.535671
mp-23902,2.217666666666667
mp-24066,2.732960333333341
mp-24546,2.6653333333333333
mp-28627,2.6981740000000047
mp-30539,4.498871333333334
mp-3759,3.668586666666645
mp-4309,5.655245333333333
mp-5127,5.627826666650772
mp-545482,5.123834000002684
mp-556296,5.816168333333333
mp-569548,9.045231333333351
mp-626201,2.2308586666666668
mp-644097,4.735416666666667
mp-677323,12.664972333333331
mp-752580,2.3315656666666684
mp-754743,3.7981386666666666
mp-757350,2.212107333333333
mp-8892,2.3571693333333337
mp-9778,6.717037999999982
mp-9793,5.283738333333328
mp-996995,8.30981533333337
mp-998762,3.1677190037161047
mp-1029619,90.984167
mp-14795,4.406336666666671
mp-15074,39.09600000000032
mp-15567,4.243062333333349
mp-18753,2.511785000000017
mp-19219,3.174582
mp-27322,4.937173333333333
mp-29590,3.092911333333334
mp-35162,71.72435000000029
mp-567394,16.155269333333333
mp-752927,3.349774022247398
mp-8127,2.518493333333406
mp-863707,17.72046699999999
mp-8995,2.593871
mp-976802,1.966333333333333
mp-1029536,6.981675666666667
mp-154,1.529605
mp-1784,2.29024566666668
mp-18852,2.8972586666667133
mp-19384,4.294284000000032
mp-20025,6.067934666666665
mp-20782,7.179922666666665
mp-21179,5.169668666666666
mp-23341,10.050346999999933
mp-35647,5.897794666666667
mp-4156,4.2292863333333575
mp-42264,2.6928886666666663
mp-4511,5.121231000000001
mp-546285,5.836405772806832
mp-554507,2.0174133333520388
mp-557560,2.272403
mp-559931,2.689666666668435
mp-6684,2.9277226666666665
mp-752461,9.141411333333336
mp-761267,3.348953
mp-8267,3.7420000000152247
mp-975,1.7593333333354997
mp-10533,7.898278333333333
mp-16566,1.0000000000000082
mp-17885,11.220919
mp-18303,9.643253000000003
mp-20790,5.444626666666667
mp-22872,2.9523333333333333
mp-23138,5.54637299999997
mp-23675,2.7870373333333327
mp-27666,4.437000000029685
mp-29760,2.9189396666666645
mp-30058,4.01492900000001
mp-3163,5.467657000000002
mp-32310,4.826504333459291
mp-3395,3.3913580000000003
mp-3448,2.0570000000000013
mp-361,8.775081435811865
mp-3834,4.953464999999996
mp-3872,5.4056723333333325
mp-4964,23.24504099999997
mp-539,5.8637066666666655
mp-557577,2.9185780000000245
mp-557865,1.9590000000000756
mp-559450,2.2240000000000086
mp-569525,6.984728666666666
mp-6305,2.4409549999999998
mp-643069,2.746185333333333
mp-676361,3.0365343333333343
mp-696805,2.748
mp-753735,5.156991333333334
mp-755769,4.394951040717313
mp-760477,3.458241
mp-763240,4.345007576175676
mp-765289,3.475792
mp-7841,5.8569770000000005
mp-850951,2.8327403333333336
mp-10096,7.654877000000041
mp-10489,5.833862666666668
mp-1214794,21.990949
mp-1219553,2.2487459999999992
mp-13949,9.914909666666668
mp-15144,6.178431333333332
mp-16839,4.5621046666666745
mp-19410,5.002211333329634
mp-27257,2.594
mp-30959,3.079521666666666
mp-32760,13.887869
mp-33880,9.447559666666669
mp-35659,3.085063666666681
mp-37381,3.6383180000000057
mp-37920,6.3104960000000005
mp-4004,9.680848
mp-5279,3.6768276666666666
mp-549720,6.721585943416659
mp-557618,2.723773
mp-557856,2.4080000000038067
mp-558491,2.749820666666679
mp-561744,4.037976335461505
mp-569711,2.9123906666666657
mp-6015,3.3520893333333333
mp-707009,1.766333333333333
mp-7293,7.684976999999989
mp-752753,4.231232333333336
mp-7936,12.006016333333315
mp-7984,2.2890809999999813
mp-9986,3.794658343368995
mp-1096926,3.5828589999999845
mp-1205906,4.08681933422688
mp-1209982,3.3353246666666663
mp-29145,2.1844430000000004
mp-39542,2.202916333333333
mp-540828,4.146992333333333
mp-551816,6.537595666666658
mp-554138,4.370950666666666
mp-556546,2.137428666666556
mp-634059,1.8754533333333332
mp-643895,3.038082666666666
mp-7173,18.40956000000004
mp-7457,3.320733666666667
mp-753200,4.571442333333333
mp-763507,4.147716
mp-8376,2.952615
mp-867912,80.45943900000017
mp-924129,21.96650900000003
mp-10623,20.28956599999997
mp-1078823,5.837253333333333
mp-1184118,3.200991666666694
mp-19376,5.9816730000000335
mp-20411,11.150947999999978
mp-27452,2.635
mp-29266,2.9976666666676484
mp-30925,3.1549273333333225
mp-37879,7.038799016976604
mp-570213,13.006579999999987
mp-759601,7.165726666666667
mp-760461,3.278923392940302
mp-762,10.142666666666669
mp-772552,3.599274356435098
mp-8872,2.611089
mp-10163,7.514795666666618
mp-1024047,4.50784799834133
mp-1029660,6.113946000000001
mp-10322,7.353491999999998
mp-1103228,25.232520999999995
mp-11147,3.4412546666666675
mp-14434,3.7640996666666737
mp-18817,3.62764633333332
mp-23710,3.950333333333333
mp-2691,8.614419
mp-29082,14.812948333333331
mp-3056,5.368834666666689
mp-3744,8.203702666666683
mp-5151,6.071306333333332
mp-541619,3.478211666666668
mp-554311,2.390485372409446
mp-554573,2.2488236666666666
mp-561513,3.380666666666668
mp-567913,6.2836193979088
mp-655,961.1405616666666
mp-690544,4.437571333333291
mp-758602,3.304930666666667
mp-761324,8.589608333333333
mp-773512,4.489288999999999
mp-8752,6.104870333333296
mp-8804,5.094069
mp-9254,9.006000000012419
mp-9486,1.8229999999999995
mp-9732,8.699466999999997
mp-989643,12.743883999999996
mp-1065514,9.625485333333344
mp-1070356,7.528416666666634
mp-10776,6.097203333333312
mp-10809,3.594482333333333
mp-1189625,2.9444836666667147
mp-1220029,2.3082713333333333
mp-13055,4.6573213333333205
mp-13703,3.3186056666666643
mp-14092,8.759083666666667
mp-14172,1.0
mp-15572,8.307585999999995
mp-16610,23.12633333333333
mp-17167,3.604729000000001
mp-19727,5.708202666666666
mp-24381,2.406
mp-2447,5.554070333333333
mp-27214,5.904725000000005
mp-27573,2.5577589999999706
mp-4274,3.3629769999999994
mp-5033,2.486794000000004
mp-552307,4.651182666666667
mp-554199,3.029687333333384
mp-560394,4.455559
mp-676023,2.662337333333333
mp-679406,2.061097333333333
mp-7461,3.908120666666669
mp-752965,5.484412167338064
mp-753494,5.254008333333334
mp-754308,3.613965666666668
mp-754552,3.859694
mp-760415,4.511997666666666
mp-774155,10.969886
mp-1101989,8.936279333333333
mp-1103351,5.163235333333334
mp-1211746,2.510268333333377
mp-1221602,5.554368333333371
mp-1222442,3.887875666666698
mp-1226191,4.444352000000002
mp-37207,3.0651483508892805
mp-37906,5.105573999999993
mp-557614,2.793384
mp-559691,3.0072250000000005
mp-6661,3.3501549999999494
mp-7000,2.422681999999988
mp-721287,2.4658943333333334
mp-756090,3.554823666666666
mp-756935,4.0887160000000025
mp-8716,4.372643666666616
mp-977011,4.8868118766573865
mp-1087,4.6460000000000266
mp-1095180,10.765155666666653
mp-10952,13.52051566666667
mp-1120741,2.6910296666666578
mp-11520,18.55216300000001
mp-18129,5.854885
mp-24461,2.861076333333333
mp-27421,2.1810563333333346
mp-29585,5.388046333333314
mp-3439,3.571911666666667
mp-4360,2.282041000000003
mp-554048,2.6845559999999384
mp-559760,4.63851371993857
mp-560641,2.6692526666666683
mp-568436,6.6844790000000005
mp-569814,2.567999999999999
mp-625175,2.2063333333333333
mp-684704,1.7249933333333332
mp-696347,2.1672813333333334
mp-759375,4.770397333333333
mp-768906,3.9644983333333337
mp-8377,4.899752
mp-1113588,2.572321000000061
mp-12903,11.232284000000002
mp-1542042,2.904493666666673
mp-18501,10.498208666666663
mp-20569,4.608855333333324
mp-2542,3.102314999999999
mp-28911,3.71024566666671
mp-29711,19.38305033333333
mp-3700,2.314666656896468
mp-626165,2.0524273333333336
mp-675418,2.2884736666666665
mp-6983,4.464379666666665
mp-752899,2.3938370000000018
mp-759097,3.137012248462879
mp-1189791,9.327653999999995
mp-13654,27.056649333333315
mp-13983,4.075778666666629
mp-22386,12.675541999999997
mp-23237,3.540666666666666
mp-27272,4.783130666666643
mp-34116,7.529815333333333
mp-556492,3.588753023829914
mp-559724,3.698824666666684
mp-561190,3.376608
mp-682548,3.1875249999999866
mp-696308,2.313753333333333
mp-755197,6.636776666666667
mp-765493,3.985502
mp-771112,5.779960000000002
mp-773044,6.481328333333334
mp-7988,4.608999999978508
mp-8278,8.416559333333348
mp-8402,2.185519
mp-862947,22.219633000000016
mp-9712,5.109718000000009
mp-1023926,5.871657931295917
mp-1079726,10.712159003396875
mp-1103471,31.97520201049041
mp-11773,4.274646
mp-1190842,3.86899699983724
mp-1212660,3.850918333333333
mp-1249,1.990039439423857
mp-17245,2.167356333333317
mp-23178,3.26433333333334
mp-27294,5.010212999999995
mp-28264,2.396826666666666
mp-29331,1.759333333318292
mp-3785,13.32092066666666
mp-558917,4.314370333333333
mp-567931,12.547322333333346
mp-685097,5.012639333333333
mp-9922,6.466333333333334
mp-1029422,7.639760333333332
mp-1105549,8.556717999999998
mp-13907,2.258100000000025
mp-1479,9.191467999999988
mp-19851,7.288119333333337
mp-22304,7.502923666666668
mp-28872,2.7101946666666668
mp-29889,4.390415333333334
mp-554822,2.770194333333323
mp-557832,5.492395666666648
mp-5966,5.598021999999999
mp-600001,1.8453333333333333
mp-6526,3.607795666666658
mp-674341,5.47863664251944
mp-676038,7.983737333333333
mp-754496,6.877991000000001
mp-755603,2.533181666666666
mp-774243,4.820912333333332
mp-7896,3.085711999999996
mp-8180,2.5955420000000164
mp-976707,2.106723000000001
mp-985293,2.869847333333333
mp-1106,16.874666666666666
mp-11919,5.160965666666693
mp-1205714,6.780393333333326
mp-14037,3.154254666666636
mp-18596,3.3165916666666675
mp-21510,7.989287666666665
mp-21616,3.371777
mp-23798,1.8553333333333333
mp-23996,2.165223333333333
mp-27042,4.0377926666666655
mp-28433,2.1530089999999995
mp-30927,2.278578999999993
mp-33526,17.2302322029645
mp-36582,3.3136689999999995
mp-4649,4.152511333333351
mp-5012,2.7665360000000003
mp-504650,7.098590999999993
mp-510421,4.388832333333334
mp-5348,2.766553333333309
mp-554432,2.110875333333333
mp-555560,4.651201333333334
mp-556966,3.303248333333333
mp-638009,4.995155
mp-707170,3.0154916666666662
mp-753473,6.506138000000001
mp-754568,2.5810193333333333
mp-755792,4.426937
mp-7664,3.4977290000000143
mp-9631,5.837662666666699
mp-1078908,9.335453999999984
mp-1079050,4.891168333333334
mp-14395,2.837722000000022
mp-1778,3.1129329999999986
mp-18966,7.223179333333313
mp-27608,3.4106150000000053
mp-28768,4.834301666666666
mp-554517,2.4179736666666662
mp-557257,2.2611629999999976
mp-568052,31.25933332959596
mp-568301,3.903573
mp-568742,4.928999999999999
mp-570744,16.663884999999997
mp-650442,17.175666666666668
mp-757838,2.99447
mp-8579,7.50532733333329
mp-975115,2.6050463333333336
mp-989192,5.191200666666666
mp-1228828,3.753177666666667
mp-1541,6.017109000000004
mp-17770,2.520958
mp-17972,3.769970000000041
mp-18875,4.274005333333333
mp-20694,4.884530999999998
mp-26293,3.1265210000000003
mp-27336,6.816789333333333
mp-29342,4.369633999999997
mp-29892,4.471757000000001
mp-3595,13.154521999999998
mp-4820,4.209050666666698
mp-504967,2.630228666666666
mp-540284,12.300874666666669
mp-557631,3.7143896666666674
mp-569867,11.369999999948872
mp-571555,5.783666666755721
mp-606510,5.131585666666667
mp-675634,2.859668333333333
mp-7569,1.943333333329381
mp-7575,7.817958999999983
mp-774557,4.036366999999999
mp-13984,3.441066333333384
mp-18385,3.3917846666666667
mp-22576,4.5417549999999975
mp-25289,6.572773000000001
mp-2552,5.493000000000349
mp-27455,2.6093333333267936
mp-2908,3.4477340000000294
mp-29359,2.984095
mp-29644,30.13100000000129
mp-37091,7.340746999999998
mp-4495,4.494730000000001
mp-504460,2.255841666666649
mp-5540,3.159452
mp-558014,3.0466666666666664
mp-6208,2.992455333333333
mp-6442,2.3320736666666666
mp-7029,2.2262443333333337
mp-752973,2.508436333333333
mp-753816,3.134532666666667
mp-7582,5.558302333333334
mp-758341,3.361952333333333
mp-761033,5.373411666666667
mp-762268,5.406985000000002
mp-764354,2.7670513333333333
mp-9788,4.796761666666666
mp-998609,20.80873833333333
mp-1016108,7.923234333333333
mp-1039,5.490665666666676
mp-1101917,27.28334868877972
mp-1188845,6.201154666666692
mp-1205352,3.843728333333333
mp-13743,2.902323333333333
mp-17161,3.466505333333361
mp-18780,2.558433666666668
mp-20496,4.100317333333312
mp-23071,2.1136666666666666
mp-27304,3.4587680000000254
mp-27691,3.932304333333325
mp-27829,3.216432000000012
mp-28766,5.1123110000000045
mp-29047,5.159020333333333
mp-29163,8.339877333333336
mp-35236,4.349469000060171
mp-551873,10.295534999999989
mp-553896,2.0243936666666547
mp-554145,2.4629096666666666
mp-5707,2.154677
mp-5928,5.009990666666666
mp-625151,2.2596666666666665
mp-673682,7.778398666666664
mp-7035,2.9631079999999934
mp-752415,5.745269333333333
mp-754530,-64.83733233333335
mp-759764,3.120121666666666
mp-7631,7.11757100000002
mp-1013555,9.85816899999999
mp-1019518,2.7804756666666663
mp-10953,7.241638999999903
mp-1180553,2.8722488682781298
mp-1193222,2.003493333333367
mp-1225928,2.268176000000001
mp-1245535,6.88203
mp-20902,7.379951666666649
mp-34380,6.166635
mp-4710,3.8507060000000064
mp-4840,203.81666666312984
mp-567949,7.711009333333314
mp-625152,3.0943333333333327
mp-676464,5.614932
mp-7181,4.218288666666665
mp-758280,3.779289333333333
mp-8426,3.2963333333841702
mp-866291,4.3188519999999935
mp-8724,2.765702666666654
mp-9158,8.218928666666697
mp-9657,3.6153916666666057
mp-1080693,9.897398333333287
mp-10969,4.429981333333256
mp-1105728,11.940441666666665
mp-1191916,7.03062533333333
mp-1205341,2.6866120002917837
mp-15391,3.0904286666666665
mp-1540169,4.429694666666595
mp-19154,4.082427666666669
mp-21097,5.651614333333334
mp-22213,3.609898333333348
mp-4236,4.195600999999993
mp-4804,3.429374666666668
mp-557837,2.255333329590935
mp-560936,2.2159679999976087
mp-568536,4.342784999999992
mp-632291,1.5306666666666668
mp-675020,4.327946333333333
mp-675232,4.3854603333333335
mp-675926,3.018602
mp-753679,6.889233666666667
mp-759166,4.658918666666668
mp-886,4.146113333333354
mp-1101301,3.392856666666667
mp-1101801,7.472214666666666
mp-1183955,3.312752666666667
mp-11924,4.459615000000002
mp-12491,5.9215110000000095
mp-17128,2.565527
mp-22958,2.7389336666667177
mp-23210,2.585212000000023
mp-23297,3.098066
mp-23837,3.043128666666657
mp-27035,3.368380333333334
mp-28383,3.6227516666666673
mp-30993,4.468955333333335
mp-5238,8.648207000000001
mp-540574,3.73297116218269
mp-540783,2.4060722604953693
mp-557118,2.473136333333333
mp-6233,5.0729330000000905
mp-7094,4.281004833959819
mp-754363,4.408008666666698
mp-755582,2.188956666666667
mp-772830,3.598762333333333
mp-9843,8.225561333333319
mp-1001034,7.788892666666665
mp-1020011,3.732035333331917
mp-1029580,6.288034666666668
mp-1101197,4.6843233333333325
mp-1113614,2.468121333333395
mp-12016,3.29908333333332
mp-1205648,8.61288899999988
mp-13356,3.89420599999999
mp-16179,9.818075666666656
mp-19123,2.824617
mp-19894,6.133375
mp-23704,3.2177580000000003
mp-30161,3.524495999999999
mp-33363,6.031756354376618
mp-550506,2.311170333333316
mp-552234,4.320956337427249
mp-554960,3.0039066666666674
mp-556005,2.830666666666757
mp-643263,2.753226333333344
mp-697253,2.0770000000000004
mp-698060,1.9773333333333332
mp-706,4.449333333320743
mp-753262,2.801899666666667
mp-755493,4.830773666666666
mp-755586,3.888934666666666
mp-756044,2.4450643333333333
mp-756810,4.558240333333301
mp-758836,5.331262666666663
mp-775296,9.391061
mp-8422,5.388132666666654
mp-1021511,3.8029040000000474
mp-1078746,4.381115999999998
mp-17912,3.921836999999999
mp-18762,3.503859
mp-2071,13.726666666666672
mp-21084,7.934292666666669
mp-22791,12.165952999999996
mp-27662,3.7495306666666672
mp-32780,4.569333333269594
mp-5175,3.939145999999958
mp-567771,4.750633
mp-570248,2.9094323333333336
mp-632480,8.428427000000001
mp-643253,6.337210666666667
mp-696497,2.483294666666667
mp-699219,2.728079
mp-7903,2.2497996666666675
mp-8299,7.929663333333306
mp-9855,6.909652000000015
mvc-643,13.257238
mp-1020715,3.4961610000000007
mp-1147664,4.478216000000001
mp-1206440,2.2683176680752632
mp-1206514,10.320901999999991
mp-1214796,2.39163433333334
mp-21255,96.14182699999996
mp-22975,3.1154040000000074
mp-23846,1.895119666666652
mp-28000,4.789062
mp-4387,4.697749333333334
mp-4482,3.3011383333333675
mp-4586,6.146051
mp-557668,3.39884500000006
mp-676274,17.04500183562583
mp-755254,4.067059666666666
mp-755492,4.187554333333334
mp-8084,6.520947333333333
mp-8560,1.71400000000002
mp-8818,6.3533288497155
mp-1176792,3.76398933333334
mp-1188089,8.576475666666667
mp-1220883,17.606120000000004
mp-1224848,8.73232066666657
mp-19449,3.8515036666666416
mp-27385,2.8584676666667
mp-27849,9.183923333333334
mp-29289,8.390954666666667
mp-37498,3.493214333333333
mp-41742,6.464355333333334
mp-4632,3.102330000000027
mp-554150,7.735877666666661
mp-5558,2.932345006799757
mp-676861,4.065835333333335
mp-7372,21.336666666666662
mp-752632,3.674798000000001
mp-755483,3.280323666666676
mp-755685,4.432009333333333
mp-758018,3.021884209111961
mp-759974,5.357512333333343
mp-761931,3.2346799999999885
mp-865185,10.807893997566543
mp-974434,4.952995000738234
mp-9755,4.676928999999986
mp-997052,3.965741999999992
mp-998739,3.114163350213516
mp-1103664,7.557652333333357
mp-1220452,6.81864066666667
mp-14983,15.147006000000005
mp-20435,2.931372000000007
mp-2131,2.889000000026947
mp-23070,3.179333333333334
mp-23488,10.89392100000002
mp-29110,29.64766666666667
mp-33746,2.6921883333333336
mp-3536,3.0789423333333024
mp-510519,3.352968666666667
mp-557974,3.195756333333333
mp-559238,3.5526196666666667
mp-568252,3.052052
mp-626701,3.177051666666667
mp-697038,4.429919000000004
mp-753280,2.869573999999998
mp-755434,2.1206666666666667
mp-771568,3.742604333333333
mp-8176,5.305754666666707
mp-909,8.078999999999999
mp-1029359,9.493639999999967
mp-10695,5.903599999999994
mp-1211440,2.8705983333333336
mp-1220034,3.4005186666666667
mp-14367,3.4158676666666667
mp-20930,5.52054033333334
mp-21511,6.733521999999976
mp-22464,2.353309
mp-22661,5.500936666666636
mp-23329,6.2973936666666175
mp-23485,5.323829333333333
mp-24199,1.8930000000942104
mp-25296,1.0000001233995204
mp-27043,4.804349456183247
mp-27063,3.128360333333333
mp-28371,3.8805296666666655
mp-31149,18.63138400000002
mp-32244,5.341912
mp-34292,21.518686006454008
mp-34982,10.140485
mp-554885,3.2737456666666715
mp-561622,4.206812666666667
mp-696288,3.0972566666666665
mp-758054,2.9929329503254656
mp-760375,3.166025
mp-766811,2.4905226666666667
mp-772750,2.551139
mp-8616,5.414126333333311
mp-863111,10.108608306678754
mp-9059,3.3906779999999928
mp-989625,8.140196666666668
mp-1211701,3.291779333333323
mp-1228955,2.238801000000007
mp-12309,2.0478383333333485
mp-12829,2.140884000000089
mp-15223,4.520098333333265
mp-16060,4.571933999999973
mp-16763,6.536782999999971
mp-20032,5.990807666666666
mp-23907,1.261000000000004
mp-28163,2.2924406666666663
mp-28408,3.4984333333333333
mp-29541,4.658313333333333
mp-29754,6.835783666666669
mp-31468,5.947421333333334
mp-37183,7.843211333237079
mp-545850,5.688204678108195
mp-553243,5.834194333333206
mp-557537,4.416101000000043
mp-557619,18.05133333331328
mp-561639,5.258473666666665
mp-567680,3.198759333333335
mp-568018,9.313000000000024
mp-568848,3.226333333333333
mp-632403,3.1327046666666667
mp-7090,9.499655333333337
mp-7439,7.277715666666665
mp-756504,7.216032999999967
mp-772753,2.705303666666667
mp-8976,5.273577666666667
mp-9655,3.0162246666666674
mp-998743,3.567241333333334
mp-1029497,5.721853333333333
mp-1103722,6.454178999999999
mp-1253,5.294000000000063
mp-14485,5.6409349999999945
mp-19056,1.0000000000000122
mp-20256,6.706085666666624
mp-20459,6.439157666666667
mp-22897,4.435000000028096
mp-23127,5.449053333333363
mp-24104,2.3687590000000007
mp-27747,8.456882333333333
mp-30530,2.514015
mp-3216,7.678819666666672
mp-555286,3.221756000000012
mp-555342,2.8266750000000003
mp-6064,4.475283333333365
mp-625939,3.3433706666666665
mp-626037,2.136966
mp-626378,3.321
mp-752745,8.482187333333334
mp-752853,3.061166666666665
mp-776356,7.81455
mp-779070,2.6969616666666667
mvc-5693,6.280203659490499
mp-1008523,6.310447000000001
mp-1029385,6.4089886666666525
mp-1029705,8.382909333333332
mp-1095229,4.81055499999998
mp-1119092,5.410632666666667
mp-1191341,2.924720333333333
mp-1221267,3.891264000000047
mp-20187,5.897649333333335
mp-20778,3.775267999999999
mp-25223,6.957099666666676
mp-27243,3.713330333333334
mp-27457,2.719162333333333
mp-27704,4.163840333333337
mp-28261,3.787509
mp-3858,5.290592333333334
mp-4906,3.9434613333333335
mp-545541,2.54568233375738
mp-549589,9.998350999999998
mp-552806,4.020698663455359
mp-559068,3.1158473333333334
mp-625136,2.809710666666667
mp-6449,7.435592666666667
mp-675420,9.840044666666666
mp-680111,4.720420666666669
mp-754243,3.4329796666666668
mp-754329,4.985014333333353
mp-754401,2.626566666666667
mp-768176,4.868145999999999
mp-7909,7.964750333333332
mp-924128,20.83939200000004
mp-9562,9.230857333333333
mp-1009087,10.901283333333332
mp-1105201,6.529505999999999
mp-1185571,2.4859310000000003
mp-1219343,11.713012
mp-1220978,7.494476652598713
mp-15788,5.841902000000016
mp-2160,15.762666666666666
mp-22971,6.804134333333333
mp-23484,7.0552296666666265
mp-23492,6.213837333333355
mp-24041,2.432666666660667
mp-2793,10.760333333333335
mp-28406,2.362
mp-40204,2.946753666666666
mp-559928,1.8310000000000048
mp-569175,2.993666666666666
mp-760400,4.073400414150073
mp-767688,3.3892156666666664
mp-7940,11.615333333334128
mp-8883,69.08143
mp-9172,3.246373999999985
mp-996983,10.223538666666668
mvc-6654,4.795304333333333
mp-1176640,5.769772999999458
mp-1213869,4.810399666666529
mp-12263,2.534319666666667
mp-15222,4.727129333333344
mp-23828,4.0610463333333335
mp-390,6.838952666666618
mp-541062,11.892333333333337
mp-6138,3.2117186666666675
mp-676,3.076333333318658
mp-696656,1.942
mp-7392,12.07333333333596
mp-755709,4.86014566379159
mp-756500,3.5416645298399607
mp-763985,3.47563
mp-862721,322.04877200000004
mp-9322,6.91728366666666
mp-961665,44.49757000000002
mp-1019086,3.585034999999999
mp-1029730,5.924841666666668
mp-1077383,4.064867333333333
mp-1086652,5.059387999999999
mp-1095520,6.69515033333339
mp-1104183,17.919395666666688
mp-1193319,3.574632999999999
mp-1219591,2.581986666666669
mp-12442,2.4661413333333377
mp-1246430,7.685364
mp-1541585,3.728576422143463
mp-21183,8.193710666666668
mp-23513,3.183703000000016
mp-239,5.929814
mp-27361,5.364105666666668
mp-2809,11.211396666666667
mp-29983,2.685002000000008
mp-30247,2.6076666666667903
mp-5475,8.906409333333329
mp-548615,4.756624666662879
mp-551629,2.495861999999996
mp-557,5.630099333333334
mp-558645,2.489825666666667
mp-559126,2.503568333333334
mp-5621,6.391304000000001
mp-569675,3.607837000000004
mp-570370,10.383366666666667
mp-6948,3.2286043333333336
mp-752524,3.2991137993819977
mp-757163,2.599133666666656
mp-757954,3.066278666666667
mp-767556,2.9410923333333336
mp-774192,4.924246000000002
mp-850275,2.991278
mp-866665,2.552725664678695
mp-8876,2.796739666666665
mp-1018093,16.50949823583294
mp-1025201,2.5760056666666657
mp-1025286,2.2482020000000005
mp-1029863,13.481802666666669
mp-10378,7.842718666666587
mp-1080691,7.702600333333333
mp-11739,6.116434666666643
mp-11902,5.881363999999999
mp-16992,7.329747666666665
mp-17558,13.987
mp-17701,6.096622
mp-20832,10.118069
mp-22913,6.259173999999994
mp-27562,9.783978666666696
mp-27741,10.372813
mp-27834,3.9913243333333175
mp-42227,2.7353213333333337
mp-4530,4.010747333333314
mp-675800,9.334010231128133
mp-707735,5.133666666666668
mp-7387,2.3975923333333657
mp-755950,4.417448666666666
mp-760457,3.431315
mp-771260,3.901699
mp-775164,4.695891000000002
mp-7825,2.0308946666666667
mp-8673,3.8379763333333337
mvc-7568,5.0365646666667
mp-1019524,3.746765999999925
mp-1023934,4.960254333333338
mp-1025039,13.507623999999998
mp-1029857,5.047025666666666
mp-12022,4.392141666666666
mp-1206662,4.708753000000001
mp-1207861,5.050471666666668
mp-1216623,4.778567333333334
mp-12385,4.630326333333296
mp-14175,2.7110153333333336
mp-1540546,2.715248253970165
mp-16577,2.283422333333333
mp-19147,3.525774333333367
mp-19359,4.474618666666673
mp-20944,4.707727666666667
mp-21036,4.454748
mp-3288,2.414108333333329
mp-36262,2.5449903333333657
mp-41414,5.127135000000007
mp-541937,19.79378366666669
mp-569051,4.713381666666666
mp-634326,3.765472
mp-6955,3.571353333333333
mp-7297,2.199499666666649
mp-758501,2.308304044286184
mp-765411,3.731407666666667
mp-864928,2.9998056666666506
mp-10086,5.819760666666665
mp-1029868,5.429937
mp-1080747,7.776593999245868
mp-14568,2.2947516666666665
mp-2136,5.006666666666667
mp-23667,2.2689029999999994
mp-27871,6.124333333370534
mp-28508,3.8794776666666655
mp-35152,8.016493333333331
mp-3731,5.426164333333333
mp-504498,19.895779333333333
mp-5073,2.275024666666667
mp-510293,4.987904666666629
mp-558022,2.822717666666652
mp-560441,3.023764333333334
mp-5878,2.3497440000000007
mp-625404,3.0850000000000004
mp-6599,6.039871333333333
mp-675475,4.020535
mp-756018,3.644626333333381
mp-776015,5.289389666666675
mp-850855,6.790140333333333
mp-1016063,25.612066
mp-15514,6.762801666666671
mp-18311,4.361472
mp-23084,5.548224999999952
mp-23263,4.413999999980209
mp-25886,27.514560044307768
mp-2741,2.2540533333333577
mp-28377,6.125620333333373
mp-34139,6.025282666666667
mp-3654,2.117063000000001
mp-560555,5.216545333333307
mp-570752,1.2473333333333618
mp-570755,5.595464333333333
mp-626843,2.2585133333333336
mp-7446,3.762159000000001
mp-7470,3.6901490000000137
mp-765559,2.9938529999999024
mp-865681,30.740508999999975
mp-8697,3.903717666666645
mp-1029213,1.0000000000049856
mp-1104363,3.5283623333333334
mp-1206444,3.377896666666657
mp-1212662,2.736136333333333
mp-12626,2.0420000000097605
mp-15218,3.6814023333333417
mp-1539137,12.297552999999988
mp-23949,3.145042000000001
mp-2852,5.71044166666664
mp-29417,3.0738386666666675
mp-30373,5.293000000000005
mp-34185,7.689930333333334
mp-569084,2.715411
mp-706913,2.127762666666667
mp-753994,2.5535046666666665
mp-756952,2.1950936666666667
mp-780876,2.450320000000025
mp-961693,24.61265266664964
mp-9890,6.729689000000022
mp-1020122,2.275674333333333
mp-1026972,1.000000000038484
mp-1079645,5.658239333333332
mp-1105187,6.830763333333334
mp-13946,2.1558496666666684
mp-13948,2.2172840000000047
mp-14100,9.74886999999997
mp-18873,2.9530863333333337
mp-19399,6.318333333322869
mp-20854,2.828006000000034
mp-29606,3.9706103333333327
mp-34337,2.792502
mp-555318,2.652565666666667
mp-558387,3.2610526666666666
mp-560956,2.3162719999979706
mp-7430,39.14210466666668
mp-754540,4.351571
mp-755293,8.539649076297753
mp-758499,3.207266666666667
mp-7949,2.070262999999993
mp-7971,4.496170666666657
mvc-6576,5.275119000000001
mp-1224,5.548882999999999
mp-1543276,2.8974683333333338
mp-27355,3.988403333333332
mp-29337,6.8798803333333325
mp-29598,4.192251666666661
mp-3370,4.395981333333338
mp-33932,5.1592530000000005
mp-353,6.749153999999997
mp-541055,4.893603333333333
mp-559106,3.896308333333334
mp-570589,4.625229999999999
mp-625113,4.027344666666668
mp-626566,4.593184333333334
mp-626799,2.7340986666666667
mp-686208,4.547218
mp-752733,5.572010792826305
mp-766692,3.192199000000001
mp-766881,2.4810000000000003
mp-781505,3.815918666666652
mp-8258,4.882247
mp-862983,2.61245533343074
mp-9126,3.453869666666668
mp-978,19.135666666666665
mp-989190,4.699367333333334
mp-1106080,6.1712446666666665
mp-1210352,2.418225666666667
mp-1221102,13.180215000000004
mp-12266,2.6221186668557563
mp-17350,4.152485666666666
mp-17426,4.486859666666667
mp-18500,23.75598833333333
mp-18726,4.62169566659627
mp-18837,3.236371333333333
mp-22408,5.84752700000001
mp-23009,4.9578053333333285
mp-23046,3.360053666666665
mp-23774,3.3372653333333404
mp-28014,2.578666666666667
mp-29305,3.539128333333334
mp-29798,3.5611800000000327
mp-35683,1.957359666666667
mp-38951,3.910535333333333
mp-5005,2.874959666666667
mp-510539,9.782247333333332
mp-554405,5.868000000010831
mp-556340,6.877942
mp-567219,5.034733999999973
mp-567907,4.017999999998696
mp-571096,3123.242666666642
mp-643371,2.620764333333354
mp-643387,2.902612
mp-7280,11.074103666666668
mp-754445,3.1808083333333337
mp-756340,5.951413427171333
mp-772778,2.408724333333333
mp-8613,5.72417533333335
mp-10413,2.471108999999999
mp-1080625,4.770026333333395
mp-1191101,2.446068
mp-1205332,7.851715999999988
mp-13978,2.333187000000001
mp-20191,21.243773666666662
mp-27397,5.157333333333365
mp-29164,9.384626666666668
mp-29423,4.044333333333333
mp-32959,2.374758
mp-35751,2.217879333333333
mp-4016,6.755000000000806
mp-558731,7.842376999999999
mp-567505,7.0976666666668535
mp-625367,3.6636129999999993
mp-6273,4.392605666666593
mp-6870,2.16249333333334
mp-696752,2.322145
mp-697236,3.023333333333333
mp-720391,1.8663333333333332
mp-7441,6.365306333333334
mp-753371,4.621139000000003
mp-754339,5.277217666666668
mp-761669,5.4846093333333314
mp-770905,3.9051096666666663
mp-8397,2.197282000000001
mp-865269,11.58909003100913
mp-1078085,2.542253333333333
mp-1206881,11.36735933333332
mp-1210804,4.861126666666666
mp-13944,4.602450000000003
mp-14921,3.5115299999999965
mp-19,43.62450833333335
mp-23330,2.342291
mp-27409,4.146631666666672
mp-31493,38.41609833333332
mp-3839,15.013390333333335
mp-3881,2.500389333333333
mp-546279,3.675800666666667
mp-546989,5.797718666666666
mp-557403,2.491468333333333
mp-559446,5.370926
mp-559593,2.607242
mp-568987,2.6877026666666666
mp-5710,23.51100000000004
mp-573721,6.114902339661985
mp-613910,3.914755666666669
mp-643158,2.658660251121827
mp-684969,8.082133671547364
mp-690560,5.217003999999996
mp-7206,5.1602626996200085
mp-7427,17.575
mp-753300,3.370989333333334
mp-755234,6.692835
mp-7638,5.126012666666669
mp-765588,2.652231
mp-780490,3.749827
mp-8399,2.589646000000001
mp-961687,20.778000000002077
mp-998591,3.776425000000016
mp-1208447,2.882057000000001
mp-15684,6.900685666666661
mp-19717,26.21812600000004
mp-23498,4.459427666666667
mp-28796,4.59596109801861
mp-34375,4.067605666666667
mp-36912,8.58751
mp-550998,6.265704333333332
mp-6088,7.350465000000002
mp-643791,2.318
mp-677335,2.403305
mp-752397,3.215688999999999
mp-7709,2.553333333333333
mp-772099,12.326103302197618
mp-849459,4.004325666666667
mp-8871,2.854273333333333
mp-9920,10.036666666666669
mvc-14232,2.3874510958866844
mvc-3696,5.049009333333333
mp-1029938,4.940238666666667
mp-1077942,7.475807333333335
mp-1214569,4.845143999999992
mp-18000,9.519806666666666
mp-24084,2.72200000000003
mp-29095,2.208333333333333
mp-3277,3.056749
mp-33449,8.713552676652789
mp-34330,3.143847666666661
mp-3889,2.4402850000000247
mp-5416,2.845383
mp-571333,5.234323333333333
mp-696845,2.3466666666666667
mp-754628,9.616207
mp-756361,9.247823999999998
mp-767011,4.072766666666666
mp-780671,7.873666666666668
mp-7921,3.0803070000000297
mp-9820,1.986655666666648
mp-998412,4.9647901433243256
mp-1018737,6.040659666666667
mp-1024052,5.201161333333333
mp-1071955,3.0925129999998564
mp-1078995,3.75006600000004
mp-1096933,3.980674666666667
mp-1193896,7.393324
mp-1222411,7.467283666666666
mp-1227442,2.4720546666666667
mp-1228084,6.319375999999999
mp-12881,3.606744000000015
mp-13676,4.08758266660508
mp-20351,13.22921799999997
mp-23503,2.644009000000008
mp-28007,6.516709999999999
mp-29405,4.843678333333333
mp-29849,16.136333333333337
mp-3775,1.7828716666666466
mp-41283,5.287487
mp-542637,5.029030666666642
mp-550959,4.964837999999994
mp-556185,3.3725370000000106
mp-557930,2.2573926666666666
mp-623837,2.579000333333333
mp-625075,2.829600000000001
mp-644494,2.7658446666666663
mp-6968,2.6052469999981778
mp-6984,6.377824666666644
mp-754406,3.191027333333333
mp-754916,6.0622526666666685
mp-756117,4.606455333333333
mp-756317,4.595619000000023
mp-756849,2.453399500043365
mp-768305,3.9294993333333337
mp-7770,15.0463333333334
mp-8177,3.840000000000065
mp-867113,38.48394499999996
mp-8873,3.010353666666667
mp-9125,3.5823250000000004
mp-9511,4.408571333333334
mp-9947,7.387333333364005
mp-997585,4.788999999999995
mp-1020797,2.474741
mp-1029493,6.991075
mp-1074,5.835848
mp-13097,18.105999999999995
mp-1705,5.876666666672921
mp-18633,7.098090999999972
mp-23036,4.180181000000003
mp-27821,11.495666666650138
mp-28891,3.452703999999988
mp-29362,3.305296
mp-29515,1.9761433333333327
mp-41191,3.081415177952373
mp-550593,2.934733333333334
mp-556592,6.822275333333333
mp-569815,20.119666666667715
mp-570285,2.3440000000000007
mp-571558,4.542872999999992
mp-674948,6.112687333333334
mp-707249,2.287936666666666
mp-7467,4.043286666666656
mp-755067,3.435469666666666
mp-771648,4.614149000000045
mp-8446,6.521410999999991
mp-8881,9.467066
mp-1008223,3.8705289999999946
mp-1008858,25.990782000000006
mp-1210184,2.45357
mp-1213695,3.539279333333434
mp-1228058,4.750857002606145
mp-12355,4.383918666666667
mp-14447,5.481573666666667
mp-2097,7.291434333333335
mp-27624,3.8662810000000216
mp-30298,3.0553183333333336
mp-524,10.605666666666666
mp-546202,2.967842
mp-554142,3.9759316666666655
mp-559091,2.145547
mp-560860,5.435599999786416
mp-567998,3.7753333333333337
mp-571146,5.149717333334626
mp-574169,25.56469070109916
mp-614803,2.8656023333333245
mp-676002,2.4361503333333343
mp-6800,2.2111813333333807
mp-696210,2.279018
mp-763588,3.104967
mp-989571,2.8138440000000013
mp-1020633,2.543598
mp-1111665,2.462691666666685
mp-1180133,3.8892600000000015
mp-1223855,8.636470666666668
mp-14396,2.459554
mp-20015,4.525703666666629
mp-2293,6.95276999999999
mp-23041,8.207995333333331
mp-27843,4.044038999999999
mp-6987,9.124084999999996
mp-753854,2.323370666666667
mp-753899,3.712001334234257
mp-754764,4.549409666666667
mp-8449,2.7154890000000003
mp-862787,6.94176266666667
mp-10419,3.9156723333333225
mp-1078724,12.15208933333332
mp-10811,4.084194333333358
mp-1103275,6.593892333333323
mp-1217,6.005876999999999
mp-1223306,16.344441666666697
mp-1227994,3.999089
mp-14038,2.3703356666666706
mp-16236,7.078319666666666
mp-23008,5.209333333333334
mp-24007,2.4546666666666668
mp-25246,69.262906
mp-26057,2.622163666666667
mp-27438,24.05872333333336
mp-27623,4.067514666666672
mp-32669,8.813427666666668
mp-3378,4.364673666666668
mp-34296,5.580139666666665
mp-3575,3.1538666666667545
mp-35785,6.143389333333368
mp-36234,6.046892483421179
mp-505558,9.837957666666664
mp-549706,3.0153550000000044
mp-554650,2.8644736666666843
mp-554955,2.5182046666666955
mp-562523,2.691071666666655
mp-569442,3.049375666666681
mp-570553,19.46600000000012
mp-573358,4.501439333333334
mp-5860,3.0459249999999742
mp-600004,2.0136666666666665
mp-625150,3.833258666666666
mp-643259,2.264
mp-6667,2.901337999999986
mp-6675,2.6053173333333683
mp-8622,5.8769053333333146
mp-1020141,2.444557
mp-1029368,6.243977999999999
mp-1189974,4.276289333333335
mp-1190486,3.958874333333289
mp-1206640,2.190637666652529
mp-13634,2.098503666666657
mp-1569,6.999000000000184
mp-16787,3.395356666666667
mp-17694,3.080005999999996
mp-18733,3.3100743333333327
mp-19241,5.847281333333368
mp-2286,4.325000000000078
mp-23207,3.1060000000000003
mp-23771,3.060245999999996
mp-24668,2.089831333333335
mp-28855,3.119526666666665
mp-409,3.6857120000000094
mp-4681,5.416820666666666
mp-504607,4.449139333333331
mp-504769,3.0333333333334607
mp-554203,2.607224000000001
mp-625501,2.0440783333333337
mp-638070,6.9378473792374615
mp-6406,2.527033666666666
mp-675324,2.685708
mp-752508,2.676401000000012
mp-754500,2.868717333333333
mp-762454,5.078145666666667
mp-8256,3.2744660000000394
mp-974267,2.5552240000000004
mp-1178399,2.772553666666658
mp-1206552,4.237278666666565
mp-1213157,2.9088449999909165
mp-1819,5.339333333347558
mp-18440,6.058159
mp-23022,2.2130000000000005
mp-23032,3.662950999999989
mp-23326,3.229764
mp-27724,3.264347666666667
mp-2918,4.87635566666662
mp-29568,3.7316666666666674
mp-30303,7.336137333333334
mp-3614,5.481166000000001
mp-4524,12.117934
mp-541771,10.539333333340933
mp-541772,10.152000578970007
mp-554689,3.193881000005693
mp-602,14.238333333333678
mp-6066,3.9874259999999992
mp-755289,3.8793026666666672
mp-782050,5.351845333333357
mp-8001,3.091998666666654
mp-8658,4.093914000000001
mp-1029510,5.0502503333333335
mp-1111979,2.5262680000000226
mp-11625,2.356335000000023
mp-1175,5.657331333333334
mp-1188827,8.06911
mp-1221169,5.335850333333334
mp-1222065,5.303188666666667
mp-1595,5.217333333336049
mp-17313,3.0958079999999897
mp-17833,16.270793
mp-18908,4.387364686688302
mp-18939,2.5533543804246954
mp-23702,2.6805126666666665
mp-29794,2.548555000000017
mp-504894,2.4315870000000146
mp-5246,5.620386333333333
mp-5328,5.21046666666664
mp-540924,6.770663333333334
mp-540957,4.844932000000006
mp-545552,6.560427
mp-555726,2.001475
mp-561942,2.794124
mp-571085,8.201004666666666
mp-7188,17.302666666650214
mp-754249,4.953244
mp-754648,2.3468853333333333
mp-774235,5.189577923362264
mp-7744,1.9810000000056325
mp-961675,16.430184000000036
mp-1205567,6.685292333333333
mp-1211643,2.601152
mp-1228172,3.484343000000045
mp-13900,5.972380333333331
mp-17186,9.962666666666667
mp-17862,17.136348333333384
mp-18037,4.598542666666667
mp-28256,8.027666666670624
mp-29310,2.6837036666666663
mp-4453,4.081228333333331
mp-4867,2.818390333333363
mp-504729,2.281907666666656
mp-5055,4.101433333333296
mp-600033,1.891999999999998
mp-6040,2.853497999999991
mp-625199,3.665068333333334
mp-625837,2.650243333333333
mp-626755,2.7671213333333338
mp-643277,1.9226666666666663
mp-6799,4.386500666666662
mp-690977,3.8371316666666666
mp-6989,3.297490666666667
mp-7324,2.4660650000000004
mp-753440,3.169195666666667
mp-759722,1.986333333718899
mp-9812,3.412510666666668
mp-1029665,7.592150666666686
mp-1190733,2.7159383333333404
mp-12623,2.7220919999999893
mp-2150,8.833666666673063
mp-21823,7.486573666666668
mp-22922,4.874353333333263
mp-27702,3.466036666666666
mp-552,34.67394799999998
mp-555217,3.214491000000012
mp-556953,3.50145900000012
mp-558243,4.136105
mp-6920,2.151554666666672
mp-696231,2.5912173333333333
mp-7471,4.4121136666666665
mp-757948,2.812061
mp-7642,6.978394333333276
mp-865713,95.4376000000001
mp-8973,4.292468666666666
mp-9384,4.658161666666667
mp-979264,7.238251000000005
mp-1025396,7.723958
mp-12103,1.4080000000000064
mp-1220879,11.657421666666622
mp-23054,4.508573333333341
mp-27235,2.3021773333333333
mp-29468,2.512457666666648
mp-31451,20.92792699999997
mp-3772,7.384244
mp-4223,2.3511146666666662
mp-5185,1.926333333333333
mp-541581,2.2178003333333334
mp-550469,6.184607333333333
mp-551203,3.870108338550249
mp-558749,2.331379999999999
mp-559155,3.7109800000000006
mp-561642,4.474872
mp-625094,3.4706123333333334
mp-642740,2.997507333333351
mp-643001,3.757962333333356
mp-672234,1.3957250000000003
mp-672966,4.542749000000001
mp-6783,2.280193666666668
mp-684580,5.0321973333333325
mp-6941,4.495920666666667
mp-7404,3.265327333333333
mp-754389,4.175187333333349
mp-755097,5.609505
mp-756432,4.464517
mp-759069,2.100184333333354
mp-759421,2.048656666666668
mp-770690,4.627996333333329
mp-771646,3.4949116666666664
mp-771952,5.8098106666666665
mp-773663,3.281140666666667
mp-8058,3.595773666666636
mp-865427,2.3101653333333183
mp-998599,2.9688536765408915
mp-1020630,2.1773816666666668
mp-1029850,7.235890000000002
mp-1190809,6.273109666666617
mp-1214348,8.092476332147376
mp-13133,3.280180333333306
mp-14797,9.41753566666666
mp-23894,2.491254333333333
mp-31097,2.6364183333333333
mp-3332,10.539034666666668
mp-34034,8.697915
mp-34857,2.0358586666666665
mp-36252,11.103595999999998
mp-3667,2.533084
mp-3870,4.77067299999996
mp-569450,7.316121666666651
mp-571453,2.6098370000000006
mp-5859,1.8405949999999889
mp-632229,2.5010103333333333
mp-635425,2.1111156666666666
mp-706983,2.690009
mp-777553,2.568292999999988
mp-8507,18.82933333333489
mp-961698,11.973829000000016
mp-1009084,13.428254000000017
mp-10182,9.947903999999996
mp-1029677,4.074829333333331
mp-1029689,-127.55378633333338
mp-10990,14.826100000004796
mp-1102523,5.391594666666666
mp-1105300,6.216960333333334
mp-12955,8.706228666666666
mp-13099,6.567707999999906
mp-13275,7.867429333333342
mp-13445,8.36882366666667
mp-19131,3.115967999999995
mp-19395,8.659333334293569
mp-28035,9.649608666666667
mp-3237,2.322318666670283
mp-4497,3.4618766666666665
mp-505634,8.71926733333334
mp-554781,7.942013000000006
mp-555836,4.272265666666667
mp-558412,2.084706666666667
mp-640889,12.909478
mp-6867,2.3928256666666665
mp-7262,13.464333333333334
mp-755693,2.2161403333333323
mp-764074,5.1691666666666665
mp-863678,4.152487000000004
mp-9259,3.430855666666579
mp-972387,3.0589569999999995
mp-9821,1.9748093333333443
mp-995215,2.957087
mp-1206187,3.013176333333341
mp-13923,7.062937000000001
mp-22909,2.8693933333333344
mp-23292,3.485458
mp-28413,18.796666666666667
mp-28744,8.15948433333333
mp-29898,9.438904666666668
mp-36358,8.083174666658692
mp-42190,2.2745363333333333
mp-541032,22.69797
mp-556163,3.428483666666668
mp-568722,3.5202096666665947
mp-625826,2.867027666666667
mp-626716,2.387983
mp-6408,9.966428333333331
mp-643759,2.349463333333333
mp-690,3.559666666666667
mp-754802,4.716838333333333
mp-755026,7.878348000000002
mp-756401,5.6992
mp-7667,4.0337163333333335
mp-767409,6.60784901453367
mp-9205,2.449571333333333
mp-1020019,2.976287333333333
mp-1189259,6.155604333333334
mp-1193265,6.075812999999999
mp-1228131,4.942679333333249
mp-12908,12.25166666666668
mp-15794,6.792624666666689
mp-16608,18.948000000000004
mp-18935,2.656744
mp-23333,4.143529
mp-23432,2.891048666666667
mp-30949,12.436698666666665
mp-31126,3.456097
mp-38117,8.695345000000001
mp-554799,2.606
mp-554929,4.554967
mp-558200,2.3209283333333333
mp-632760,3.095124000000224
mp-677192,2.21392
mp-6841,3.735007999999999
mp-690711,2.9066666666666667
mp-7077,4.339648333333359
mp-754564,3.103991666666667
mp-755100,3.0692040000000005
mp-755561,4.392928330579441
mp-768232,3.077094
mp-768907,3.614914333333362
mp-1025496,13.329274
mp-11607,4.692769333333199
mp-11641,4.435848999999905
mp-1193963,4.961328
mp-1226138,2.558824333333291
mp-13276,7.992069000000025
mp-13610,2.908498999999997
mp-22170,4.014946666666554
mp-23582,3.8379956666666537
mp-2507,5.4006666666670045
mp-29506,3.723134000000009
mp-556100,5.377635666666682
mp-560151,2.2663203333333373
mp-569060,4.458083000000001
mp-569454,6.4387446666666674
mp-569779,17.964780999999967
mp-6134,2.030000000000019
mp-626411,3.230296666666679
mp-7128,4.210038
mp-7219,7.47092466666665
mp-7435,45.99226333333336
mp-754237,3.746734333333336
mp-760489,2.539
mp-1029826,44.66936133333332
mp-1091394,3.596805999999997
mp-1225833,2.4290570002249514
mp-13986,2.652456436216396
mp-14091,6.974351000000001
mp-14653,2.640600333333334
mp-17894,3.910577
mp-22450,5.5648133333333405
mp-2455,20.885
mp-28405,2.1829856666666614
mp-29454,4.977520999999999
mp-31703,3.071124333333332
mp-34022,3.486977666666636
mp-504426,2.416153
mp-541236,7.586666666666669
mp-570044,6.8401733333333326
mp-626449,2.3083333333333336
mp-6281,5.492453666666485
mp-644223,2.614365999999997
mp-7547,7.90766666667161
mp-763481,7.755739999999997
mp-774146,5.020818333333334
mp-779287,4.665720666666654
mp-7955,8.29100000000011
mp-1019379,4.702326999999998
mp-1029945,1.0000000000102565
mp-11007,6.958957000000001
mp-1189305,9.322494
mp-1639,4.6166129999999885
mp-16432,3.064587333333362
mp-1960,2.9216740926899942
mp-23151,2.323217666666667
mp-24468,2.2942086666666666
mp-26940,4.823214666666666
mp-27488,10.830666666602186
mp-27743,2.466666666651056
mp-27832,3.5218556666666445
mp-28250,3.6563333333331336
mp-28630,3.2925386666666667
mp-29379,5.442684999999998
mp-3416,1.8796833333333336
mp-540703,3.920666666666667
mp-556104,4.885016666666667
mp-561525,2.621565666666652
mp-5874,17.693
mp-683875,3.389
mp-703568,2.5047496666666667
mp-754718,5.466277333333333
mp-759568,3.3629023333333343
mp-850964,4.504905099148519
mp-8966,7.154773000000049
mvc-4323,3.648127904729188
mp-11582,5.770301666666668
mp-12904,11.247040333333333
mp-14324,2.8126949999999997
mp-17008,3.3765979999999995
mp-18814,3.189082333333346
mp-18992,4.568386335434931
mp-20450,41.459
mp-2245,4.281871666666657
mp-23998,2.2836269999999974
mp-27837,1.708000000004592
mp-28626,5.812062999999977
mp-28879,9.52866666670589
mp-28918,6.2829433333952265
mp-29149,4.040272666666715
mp-29209,17.088706000000013
mp-31114,4.129170333333296
mp-4747,3.9489256666666654
mp-5342,7.106573666666665
mp-554144,2.1684928806853785
mp-554206,2.8926193333333337
mp-570324,3.685994999999983
mp-7566,3.217756000000015
mp-8405,16.209444
mp-8836,2.0030493333333195
mp-983061,3.524184000001341
mp-984,3.5757343333333385
mp-1009828,6.860024666666668
mp-1101160,6.005476666666698
mp-1147776,3.463083000000001
mp-11869,19.458673999999977
mp-1193049,2.722330003499813
mp-1213705,6.777708333333347
mp-1214793,17.652758000000002
mp-1221125,8.257561666666684
mp-18725,5.248522333333334
mp-22483,9.44865500000001
mp-28959,2.140999999995716
mp-31235,15.745450666666668
mp-35035,2.0243936368804683
mp-540188,3.324851333333333
mp-541013,4.966954000000001
mp-541280,4.349491333333333
mp-559885,7.207916333333333
mp-643043,2.429666666666667
mp-752623,3.845856000000006
mp-753557,7.965369333333332
mp-758560,4.4508556666666665
mp-765230,3.2012886666666667
mp-767471,6.088641064016817
mp-772968,3.328014666666667
mp-9298,6.417905999999978
mp-9628,2.325843666666666
mp-976280,2.7296626666666834
mp-1029387,6.866366000000002
mp-18310,1.0000000000000056
mp-23225,2.2210000000000467
mp-23442,3.008148333333333
mp-23862,4.4406783333333335
mp-26910,2.7168079821959377
mp-27996,2.838
mp-28230,8.83463266666667
mp-28270,3.727837000000001
mp-28599,2.9937243333333137
mp-31507,35.97112233333331
mp-39215,3.6656276666666887
mp-4175,12.346318666666669
mp-4533,2.538702666666666
mp-4974,4.887619333333319
mp-547792,3.2036926666666385
mp-554959,3.096252000000041
mp-558807,6.193527333333333
mp-558852,2.5499583333333327
mp-560045,2.62047
mp-561991,4.744616666666655
mp-6270,4.662696666666703
mp-733,3.100808333333332
mp-754974,4.223100666666666
mp-756156,3.488892
mp-861979,19.16966666671784
mp-9396,9.35069299999998
mvc-2858,4.217703193079007
mp-11390,21.689378999999963
mp-1188124,4.301498
mp-1542939,3.327562999999999
mp-15573,3.979097666666668
mp-20474,9.467861333333332
mp-24423,3.861576
mp-24620,2.9293053333333336
mp-27725,4.6706666666666665
mp-28557,4.961734999999906
mp-34361,20.990349164192008
mp-557954,2.372573
mp-558102,2.4699323333333334
mp-568690,3.5379840000000136
mp-5795,5.844212000000006
mp-604884,3.8488730000000153
mp-626073,2.564515
mp-626785,2.545341333333333
mp-6949,2.275000000021651
mp-753752,5.939972333333334
mp-754712,2.5916666666666663
mp-7562,6.351211
mp-9273,9.81299999999206
mp-989229,2.088
mp-1018040,4.657034887062326
mp-1029139,1.000000000233176
mp-1029801,23.390743333333333
mp-10392,4.851903000000008
mp-10577,6.137753
mp-1078834,2.588967378524632
mp-1102961,2.6114746666666666
mp-1170,5.772496666666669
mp-18317,8.144999999999998
mp-1958,5.897000000000087
mp-21276,16.395291706067255
mp-22003,2.3113333333448955
mp-28237,2.7481329999999904
mp-29537,3.026333333329737
mp-35082,2.301673333333333
mp-35777,9.147701
mp-560527,1.9543333333358517
mp-567504,3.7549999999983616
mp-568970,3.1081920000000003
mp-626143,2.584806
mp-648932,5.151894333333334
mp-665,8.06429766666667
mp-675989,16.741017910038796
mp-695170,3.772199000000001
mp-753256,4.097822
mp-753694,2.189168
mp-755882,3.4793919999999967
mp-756622,3.933400333333333
mp-757939,3.090210333333333
mp-759690,2.404888666666652
mp-997588,4.9099999999999975
mp-1008556,5.221399666666666
mp-10097,8.857641333333328
mp-1111926,2.410719333333297
mp-1223443,7.433237000000001
mp-12814,11.140000000000027
mp-14289,9.753999999998348
mp-20716,4.580947666666667
mp-24181,2.4943640000000005
mp-28546,4.091252333291968
mp-37399,3.686861164769749
mp-545500,3.929584333565046
mp-567942,2.8822283334249463
mp-569790,7.904498666666666
mp-757203,2.29082
mp-765573,4.314704
mp-765579,2.8456376666666667
mp-768368,2.956838
mp-770192,7.373251666666667
mp-7931,7.479446333333335
mp-9146,5.807363333333356
mp-942,3.476352999999988
mp-9634,4.06657466666665
mvc-1623,5.362318332486086
mp-1029293,18.97300233333333
mp-1070,8.760061333333342
mp-1218347,4.157827999999997
mp-14243,5.271906666666666
mp-14364,2.826165666666667
mp-17605,2.530841333333333
mp-17791,7.220139
mp-19163,3.5028590025258204
mp-22859,7.880999999932111
mp-24500,2.414646333333333
mp-26416,5.979243333333333
mp-27419,2.441666666640148
mp-28020,2.959383666666667
mp-29027,5.984509333333324
mp-29510,4.742760666666666
mp-30300,2.980903333333341
mp-510341,8.671666666666665
mp-535042,2.4660300000000017
mp-555313,5.791733666666676
mp-555763,5.880353666666657
mp-567515,3.544744333333341
mp-623028,3.8208416666666856
mp-625998,2.270703333333333
mp-763610,3.906863333333334
mp-8200,14.243333333333334
mp-8348,2.314656333333347
mp-850916,5.940328333333333
mp-8922,4.244327666666668
mp-984350,27.32401499999999
mp-1079583,2.0639549999999978
mp-1084770,9.238554666666666
mp-1105692,9.083766666666667
mp-1228129,4.320314666666667
mp-14796,9.85112766666665
mp-16329,26.099631999999968
mp-2251,6.002000000000032
mp-23185,2.4601333333333346
mp-23352,6.238670000000006
mp-27782,2.333068999999986
mp-30106,2.5403333333333333
mp-30847,20.75358899999997
mp-552604,5.494466333333334
mp-554051,1.9948273333333173
mp-622295,2.991818333333333
mp-675104,2.599402333333315
mp-776478,5.038177999999999
mp-9274,8.198666666666938
mp-985571,3.016716333333333
mp-1006888,4.790268999999985
mp-1029584,4.101059666666667
mp-1029872,102.553984
mp-1101894,27.313014
mp-1178391,2.50085034183562
mp-1178449,4.100029737753545
mp-1188875,8.915619999999999
mp-15781,4.644002666666702
mp-15951,1.8004650000000006
mp-22811,16.48133333333522
mp-23576,2.7991993333333336
mp-27265,6.460765000000014
mp-28400,17.429000000000002
mp-29796,2.352430666666672
mp-35695,3.649237666666668
mp-505702,4.220212999999998
mp-541368,5.009516666666702
mp-558502,4.744063000000001
mp-561118,5.878333333333416
mp-6023,8.041964000000007
mp-6342,7.070310999999937
mp-696396,2.2590190000000003
mp-753318,3.4260539999999997
mp-756202,3.8273516666666665
mp-758397,3.281610333333333
mp-758977,3.6490266666666655
mp-773864,5.427854
mp-8965,5.426570666666666
mp-9166,3.3440153333333504
mp-1013911,2.579022333333333
mp-1029396,6.615617333333332
mp-11715,3.377961666666684
mp-1210598,8.272811333333333
mp-16238,23.46843499999998
mp-18946,4.595759333333356
mp-18984,2.958475
mp-23251,2.492911333333323
mp-23844,3.578
mp-27227,7.460106333333221
mp-27529,3.640465333333352
mp-29187,18.883896666666665
mp-32899,4.030754352539036
mp-4025,18.578459999999968
mp-542435,5.667029000000007
mp-546633,2.0423930000000023
mp-555867,5.996865666666674
mp-556802,2.190437
mp-568024,3.792333333333333
mp-568269,27.59772100000005
mp-643009,4.160964333333333
mp-6560,2.217
mp-7863,4.691555666666652
mp-971,3.182000000000004
mp-996996,9.08274400000011
mp-1029505,96.78027599999996
mp-1069706,6.654752333333302
mp-1188700,3.369115666666667
mp-1211670,3.1666639999999986
mp-13589,3.163055999999999
mp-15079,2.2121216666666697
mp-1542856,3.109772
mp-1700,4.617935999999991
mp-1821,10.132666666667012
mp-18274,5.040793333333327
mp-1836,11.430999999392816
mp-22849,4.986670333333353
mp-23218,5.7793333333224455
mp-23366,3.1379999999999995
mp-25403,2.7705916666666663
mp-28289,1.9886666666666668
mp-28375,2.5209626666666667
mp-29236,5.317354666666667
mp-463,1.95517966666666
mp-4784,7.30861799999997
mp-568540,8.606589000000008
mp-707304,2.672028333333333
mp-753670,4.01195697608684
mp-7941,3.075286000000068
mp-998552,4.648779000002375
mp-1101327,6.463805333633494
mp-1102743,8.413262999999999
mp-11602,6.258836999999997
mp-1189702,7.358339333333333
mp-1225854,5.001842333333394
mp-1245967,6.840458333333333
mp-1295909,6.7328416666666655
mp-19225,7.205685999999985
mp-24172,2.189666666666667
mp-28109,4.12268
mp-28603,4.624967000000001
mp-35539,7.552098666666666
mp-40144,1.980666666672122
mp-540634,3.586418666666655
mp-5587,5.405846333333333
mp-559200,7.176712999999984
mp-560829,2.720872
mp-580554,2.7771806666666663
mp-626721,2.500808333333333
mp-6766,2.9874610000000064
mp-7617,1.9289213333333397
mp-766442,2.9798929999999992
mp-8190,5.702545333333333
mp-8753,4.907872333333314
mp-8959,2.376595333333333
mp-1025460,2.0237290000000017
mp-1029595,4.954411333333334
mp-1078552,4.137592000000003
mp-1208879,5.345433
mp-1219568,2.286608
mp-12286,4.459663666666701
mp-12894,5.096499666666614
mp-15649,21.35766666666667
mp-18929,3.7440699999999993
mp-19140,2.845889
mp-20066,1.8653333333333333
mp-2402,9.04233333326651
mp-27205,3.511808333333306
mp-27484,11.599708901064073
mp-27831,2.805261000000011
mp-27987,2.183300333333333
mp-29089,34.79119733333332
mp-29628,4.086017000000001
mp-3118,3.3560323333333515
mp-4558,2.948921333333334
mp-553961,5.546751333333334
mp-568228,3.2093317395947203
mp-643004,4.656182333376263
mp-7129,5.203246666666668
mp-755363,15.187331666666667
mp-759115,3.159597666666658
mp-7618,2.107021666666656
mp-771264,2.5986903333333333
mp-776740,8.487009666666664
mp-9548,14.027666667606852
mp-1078677,4.254541999999995
mp-1189464,11.804470333333322
mp-1225923,4.125172000000052
mp-13755,2.5038439999999995
mp-1591,8.166000000026079
mp-16031,9.555666666725983
mp-17486,7.569211999999992
mp-18889,5.965009666666636
mp-19422,3.978866333333333
mp-20489,6.739796000000001
mp-21272,18.45932199999998
mp-22355,4.440796
mp-27915,2.679894666666666
mp-28582,2.446362333333333
mp-29761,3.389568
mp-567823,2.721628333333333
mp-570219,3.6640000000364368
mp-580748,9.512333333333336
mp-642996,4.202559666666651
mp-675821,4.425115000000001
mp-752851,3.144560333333333
mp-753845,6.020521666666667
mp-755727,7.840082
mp-766460,2.9868843333333337
mp-7979,2.463787333333334
mp-861937,20.124371
mp-9427,2.606441333333333
mp-961706,18.313000000002116
mp-978553,11.687333333333331
mp-1029265,246.87157399999987
mp-1029920,3.737390666666657
mp-1078295,4.042136000000062
mp-1106352,2.83641900000035
mp-13985,2.965720485798535
mp-18502,2.887536333333356
mp-22443,4.100247666666659
mp-2319,18.212666666666667
mp-24165,2.4072946666666666
mp-24625,2.50268
mp-27931,3.772099
mp-28189,3.5333333333333345
mp-28994,6.385693
mp-3748,5.564980000000001
mp-4342,5.671017666666667
mp-4979,6.602789999999999
mp-510625,7.248159666666656
mp-554626,2.8745839999999983
mp-559934,2.6692473333333333
mp-568619,7.083303333333345
mp-569410,3.304000000000013
mp-697020,2.433958333333333
mp-7205,3.334346
mp-753815,3.73055933333333
mp-7621,2.684297999999987
mp-767722,4.287438666666668
mp-778152,7.600121000000001
mp-7943,15.447666666666668
mp-849636,7.322333333333333
mp-8500,2.439999999988724
mp-9008,6.009454999999999
mp-1213194,7.759653666666666
mp-1220972,4.710603996944954
mp-13820,4.494651333333333
mp-17066,4.049935666666667
mp-17228,7.1872583333332285
mp-17229,1.9140346666666952
mp-17830,9.033666666666669
mp-22935,2.805260333333388
mp-23489,2.5692016666666664
mp-28489,422.26534733333307
mp-358,15.308951999999977
mp-5045,6.144584999999999
mp-549697,3.070832333333332
mp-552098,12.753102666666678
mp-554400,5.266132666666668
mp-554948,2.669845333333336
mp-557142,3.9348929999999984
mp-561511,25.0176667049598
mp-573229,3.156025333333333
mp-695850,3.247950911127703
mp-753736,5.798208666666667
mp-755380,5.870239999999999
mp-758131,2.86132
mp-8335,4.532347999999977
mp-864638,6.664316666666667
mp-865973,2.542968000000001
mp-9676,7.796567660772197
mp-9719,6.905929666666665
mp-11692,10.10733033333333
mp-1206176,2.5711783333335068
mp-16376,24.468743999999983
mp-17307,6.27256766666666
mp-18481,3.998719333333359
mp-18572,2.6772473333333333
mp-25542,4.609299337611577
mp-28319,7.481666666666666
mp-29057,6.103885999999993
mp-29072,15.73
mp-37458,2.056474333333316
mp-484,32.76733333333333
mp-505633,4.59313161183524
mp-567503,4.919497333333323
mp-568100,4.501698666666667
mp-574338,44.23763799999998
mp-640885,12.957602666666666
mp-673245,6.355339666666666
mp-683918,2.6750159999999994
mp-690525,3.120694666666667
mp-7020,3.7181319999999993
mp-706430,2.0155993333333333
mp-7223,9.072
mp-753141,3.503639666666667
mp-772052,3.628829
mp-781081,2.9241853333333334
mp-9583,2.1462746666666934
mp-1030243,1.000000007633534
mp-1057286,3.015769000000003
mp-1189341,11.119707999999989
mp-1190647,2.6789206666666665
mp-1227983,5.658457666666668
mp-14506,7.465792999999988
mp-14780,4.6552183333333454
mp-17133,6.693141333333333
mp-19252,2.852644666666657
mp-20337,6.128443
mp-2125,5.049838333333333
mp-29033,3.5388130000000007
mp-29091,9.79292
mp-3312,8.498112666666666
mp-36033,3.693109999999994
mp-36381,5.395703000000054
mp-37449,8.734115666666668
mp-38511,15.565093666666664
mp-505825,6.331884333333321
mp-6494,2.522545333333336
mp-755256,4.391488
mp-759181,2.8145586666666667
mp-763246,3.885957
mp-773085,3.835803666636908
mp-774666,4.439946333333332
mp-7937,11.0729266666667
mp-865188,2.1946666666666665
mp-10166,5.578648666666706
mp-10246,6.243382
mp-1118832,10.297838333333337
mp-11583,9.539793666666728
mp-27689,3.873666666666667
mp-29314,3.4593226666666888
mp-3054,2.369999999996766
mp-31036,8.777482000000001
mp-31045,6.586365333333334
mp-37036,6.225851000000001
mp-3788,2.791639666666665
mp-5077,9.25963499999993
mp-696944,3.991959666891397
mp-755013,3.619876666666668
mp-755401,3.366665
mp-768127,2.505635
mp-768353,4.059304666666657
mp-9066,2.7021686666666667
mp-9819,1.9500000000332551
mp-1001780,8.23210834790396
mp-12180,4.418508333333292
mp-1218032,6.455877000000001
mp-1542038,5.673322333333334
mp-22994,3.261790333333334
mp-23060,4.800296666666673
mp-23063,3.0633446666666733
mp-30086,2.167666666666666
mp-30460,24.59433199999997
mp-42805,3.0014633333333336
mp-552941,2.767363333333338
mp-555606,2.573974999999999
mp-557163,2.919484666666666
mp-567713,9.118820999999995
mp-600038,1.8496666666666663
mp-606711,2.51649703900096
mp-611316,2.0196666667412946
mp-7289,8.796858
mp-759216,4.142779666666666
mp-759973,4.1733286666666665
mp-760343,2.911372
mp-865492,11.764546404578669
mp-1008559,9.155520999999974
mp-1104130,12.465966
mp-1105775,8.430639666666668
mp-1207120,3.7752340000000015
mp-12885,3.387771333333326
mp-13863,3.219902
mp-17129,5.547391333333333
mp-241,2.803000000000021
mp-3107,3.435342333333338
mp-35907,12.47859299999999
mp-401,7.992666666629589
mp-548403,3.20941866687536
mp-556699,2.3856136666666665
mp-556792,2.286132000000246
mp-560670,2.9501980000000003
mp-571544,6.633089333333341
mp-613733,2.973107333333333
mp-632402,2.5925953333333336
mp-6655,3.615142000000001
mp-755260,3.4558209999999967
mp-758521,3.938568333333332
mp-7603,2.440573
mp-7928,5.330502333333264
mp-861906,2.7948576690329383
mp-9872,4.350555666666609
mp-999265,4.787955333333369
mp-1029572,7.796874
mp-1113583,2.571726000000048
mp-1178403,3.705721333333333
mp-1191586,2.1594436666667485
mp-1191787,4.844466333333301
mp-1214228,3.01996200000001
mp-18893,5.765056333333331
mp-19086,4.670672395001268
mp-19412,5.341155333333334
mp-22766,4.00813665088863
mp-29894,6.045453333333319
mp-33723,9.064584000000016
mp-4187,4.246948333333333
mp-554542,2.3420000000000107
mp-557391,2.548864666666667
mp-568428,2.38266666665266
mp-7440,8.127884666666667
mp-754943,5.593990333333341
mp-755367,7.396967999999995
mp-755425,4.955487000000001
mp-763200,6.118999333333334
mp-771248,2.781953333333333
mp-776952,3.4710823333333445
mp-8145,4.030430999999957
mp-9666,6.60467897277396
mp-996984,2.6854343333333337
mp-1025377,4.492663999999999
mp-1206410,5.648230333333353
mp-1541753,3.140959666666667
mp-18831,7.989025333332978
mp-1999,4.2466666666620085
mp-22786,31.98347299999993
mp-27499,6.2395206666666665
mp-27647,3.258314
mp-2955,1.9483686666666664
mp-30005,2.644677999999956
mp-39460,2.9957863333333337
mp-510566,7.542206666666697
mp-556295,5.370749024920109
mp-570084,7.753063666666651
mp-6383,3.022345666666667
mp-675349,10.093824666666626
mp-697139,3.7427196666666656
mp-754519,5.574092
mp-756651,2.7800953333333336
mp-770707,3.374916666666666
mp-866922,4.005894
mp-971787,4.074911374311404
mvc-5962,4.875986056230043
mp-1013548,13.848859999999988
mp-1029337,10.88286766666667
mp-10556,5.269821
mp-1078748,4.4665186666666665
mp-1078965,8.267654333333333
mp-1219924,17.811411999999994
mp-1225824,2.3752480000000005
mp-1228809,18.38328
mp-24589,2.4596666666666667
mp-24601,2.934481666666667
mp-29250,3.063000000000025
mp-3481,11.031552999999994
mp-3637,3.40511233333331
mp-3647,4.845899
mp-4030,6.052828333333332
mp-504422,2.172840666666666
mp-510281,8.215235666666752
mp-558369,2.83706499999998
mp-625111,3.960807666666666
mp-648,3.5063333323862147
mp-6528,2.18430666666668
mp-754979,3.966935333333333
mp-759788,3.890465
mp-9573,8.228907000000001
mp-9687,6.641221333333309
mp-1029652,5.207046333333333
mp-1029921,5.251302666666666
mp-1105094,3.648708
mp-1118943,22.371375
mp-11660,11.181046999999992
mp-14500,25.6449999999935
mp-23818,4.981334000000003
mp-24354,2.8207733333333334
mp-27857,4.223
mp-28734,4.912782666666595
mp-30126,4.718379666666666
mp-4604,5.108044000000003
mp-502,4.445
mp-557519,2.3637839999999595
mp-582549,12.099967772431429
mp-642210,2.4984083333333333
mp-644271,3.0889043333333333
mp-6660,3.095232333333364
mp-723049,1.836331
mp-752463,9.337700333333332
mp-752467,5.375256333333334
mp-777589,2.175826666666667
mp-849504,6.742092666666667
mp-867207,95.5694480000001
mp-8684,4.038628333333354
mp-9197,2.7828963333333334
mp-989193,5.930815333333332
mp-1023936,4.649557000000042
mp-1029312,15.28466933333334
mp-1030245,316.5668926666667
mp-1079772,11.753194086670808
mp-11661,13.266250000000008
mp-1190141,5.030752
mp-1342,4.264000000000008
mp-13538,5.297566666666667
mp-18938,4.119784333333345
mp-20072,4.791683333333328
mp-22192,20.442000000000004
mp-22373,5.073949647637665
mp-22895,6.352149000000007
mp-26819,2.667023666666666
mp-38240,7.490766666666667
mp-4541,5.792447333333329
mp-553932,2.690874333333332
mp-557574,10.947053666666667
mp-559616,3.399
mp-570778,1.517
mp-634418,2.753676
mp-677103,1.925175
mp-686677,2.351
mp-690794,5.602119666666617
mp-752395,3.9116943333333336
mp-7610,3.046895333333333
mp-8450,2.8540546666666664
mp-866062,26.689535999999933
mp-9846,6.178738000000003
mp-14420,3.750898999999999
mp-19294,3.1441983333333337
mp-21497,3.932434666666666
mp-23474,14.365375333333333
mp-28177,2.8164546666666666
mp-28240,2.175294999999964
mp-28358,2.470884333333333
mp-567371,5.53145066666668
mp-610706,2.38724100000001
mp-626417,2.684794
mp-626435,2.624239
mp-643727,4.920068666666666
mp-7469,4.48067368938357
mp-752827,5.014235666666668
mp-753378,5.162106333333334
mp-754384,8.834158333333333
mp-771335,2.979365
mp-1147773,3.813564000000053
mp-1205304,4.778933666666666
mp-1205397,6.932823000000013
mp-1208839,9.783232333333308
mp-1222719,4.646975356391833
mp-13312,8.649247
mp-18764,4.257187666666673
mp-19247,5.075418333333297
mp-19378,7.113140666666695
mp-19417,5.819882333333318
mp-20397,9.104777
mp-23495,2.772
mp-24798,2.781000000008973
mp-2530,4.967333333253362
mp-26974,5.435941
mp-28548,2.9212010000000017
mp-31454,19.55922699999997
mp-39387,4.513459666666665
mp-3980,2.005333333337456
mp-4122,2.6664313333333336
mp-540839,4.432080666666667
mp-553432,3.821543999999989
mp-554646,3.6090646666666673
mp-555272,2.1119160000000003
mp-556372,2.415847
mp-558042,7.897358333333323
mp-570223,6.549907999999999
mp-618991,13.054124333333332
mp-626259,2.3817736666666667
mp-674842,5.093516666666666
mp-7482,3.023295
mp-764607,4.958875333333332
mp-777422,3.6493509999999993
mp-8234,13.878905333333336
mp-856,4.731193185747636
mp-9780,9.109068333333331
mp-9900,8.089903666666666
mp-1030663,7.652175333333332
mp-1216588,2.6112293333333354
mp-23715,4.261666666666668
mp-35555,3.762642000000008
mp-556424,2.3738780000000017
mp-561827,2.2740049999999927
mp-561902,6.916914000000003
mp-568328,20.896931333333335
mp-570136,5.432739333333316
mp-571162,6.302156666666665
mp-616573,3.584403666666668
mp-625394,3.363087666911836
mp-7123,6.716923333333335
mp-755203,5.584237999999999
mp-756793,5.623308000000001
mp-9250,4.096664666666668
mp-1019589,6.6408009995467765
mp-1222351,2.904398666666389
mp-16917,4.664062666666698
mp-18835,3.837508666665842
mp-28080,15.243956333333331
mp-28295,3.206230333333333
mp-555076,1.9320383333333333
mp-556788,2.5924063333333334
mp-561664,2.593
mp-561786,10.557528333333332
mp-569639,4.078324333333332
mp-5962,8.305145333333332
mp-697047,11.289796999999972
mp-753235,16.384582000000005
mp-754222,5.303189333333333
mp-756365,5.298401666666667
mp-760762,3.1562126666666663
mp-7848,2.136258
mp-8014,2.351337666666699
mp-8621,6.05053333333333
mp-9359,4.531706333333332
mp-9798,9.363356333333336
mp-996994,10.258210000000132
mp-1188784,4.907965666666667
mp-1189598,6.543135333333333
mp-1213834,3.0823173333333407
mp-17458,4.3420190000000085
mp-22888,3.1300000000000003
mp-23472,4.161541999999987
mp-27810,14.665284
mp-29643,20.749704333333312
mp-543045,3.983761031408848
mp-551243,4.601725667623026
mp-561446,3.534003333333333
mp-569843,3.900000000027976
mp-570081,5.462000000101196
mp-643101,2.6734639999999987
mp-754071,10.514339333333332
mp-755436,2.6451776666694737
mp-7583,5.057938666666668
mp-762649,7.162224333333334
mp-7670,6.8190356666666645
mp-772898,3.723777333333333
mp-8192,2.355491000000025
mp-850957,2.807848
mp-866640,4.5326429999999975
mp-9212,2.6265253333333334
mp-9720,4.267064333333356
mp-989531,2.239543999999998
mp-989617,7.480253
mp-989638,12.283254666666672
mp-10281,5.865967666666683
mp-1189054,10.942327999999998
mp-14115,7.58354766666663
mp-14241,7.049942333333334
mp-22981,4.454055333333334
mp-27639,4.546999999999623
mp-28691,492.4468813333336
mp-29624,5.846135666666669
mp-34169,7.691845333333336
mp-3432,18.301273000000023
mp-384,10.286
mp-550514,12.038666667584332
mp-556034,1.883333333333333
mp-556886,2.599082000000001
mp-560157,3.593404666666677
mp-5606,2.7054080000000003
mp-570046,5.2250206666666665
mp-696946,4.388062
mp-707339,2.3480523333333334
mp-755047,8.792601666666668
mp-758703,3.901761333333333
mp-777418,2.1286710753389144
mp-865532,4.080312333333333
mp-866105,242.78764100000055
mp-9069,6.728728666666591
mp-1009085,9.474666333333332
mp-1013527,10.623756666666663
mp-1025276,5.775044
mp-1029616,6.534636000000003
mp-11670,5.312316999999992
mp-11677,9.801999999987776
mp-1190450,4.019206
mp-1191203,22.523981000000003
mp-18458,10.260666666666664
mp-18740,4.571719666666653
mp-20727,4.44668933333334
mp-23598,3.025671666666667
mp-36447,3.6195849999999976
mp-5213,13.035046333333334
mp-5347,1.9363333333333328
mp-545756,2.0581090000000013
mp-549207,2.494385000018115
mp-558430,2.014339681600053
mp-676049,1.650277666666667
mp-677072,10.437022
mp-755680,5.578896666666666
mp-760,26.700666666666667
mp-7774,18.05320333333333
mp-780217,3.532536
mp-8877,2.797035666666704
mp-989535,6.575426999999995
mp-998537,2.8669489999999733
mvc-15643,6.633450259337434
mp-1080847,10.756434932820843
mp-1101755,18.328481333333333
mp-1111928,2.410945000000027
mp-1185537,5.926021999999995
mp-1213712,4.6717070000000005
mp-19481,2.614599333333333
mp-20305,17.290701999999694
mp-22894,4.968275333333355
mp-28231,5.812683666666666
mp-28407,2.798666666666667
mp-29927,4.030796333333333
mp-30133,12.414333333333332
mp-3521,1.7539999999943328
mp-4675,5.568346000000001
mp-504864,5.151257333333333
mp-555812,4.040439666666625
mp-557082,2.1869372824853475
mp-5652,3.239176000000104
mp-568264,3.846000000032216
mp-571636,5.940293666666666
mp-5782,5.748606666666667
mp-608311,3.190651735430699
mp-755559,4.490402129998043
mp-756520,3.76207
mp-7787,7.050192
mp-8253,3.668274666666647
mp-8938,28.55873466666668
mp-10401,2.84063333333335
mp-1543124,4.249974333333333
mp-28373,19.634
mp-28612,16.296333333333333
mp-29605,4.448263333333333
mp-5222,16.675584000000015
mp-567629,4.206047000000001
mp-5679,3.0697
mp-643066,2.7481526666666665
mp-703684,2.7282840000000004
mp-7232,3.166535666666698
mp-753647,3.2320816666666663
mp-753785,3.197276
mp-865412,2.3021873494102496
mp-9946,5.887411666666691
mp-10555,5.328073666666666
mp-1192816,3.8386769999999992
mp-15661,16.770339000000007
mp-17389,8.80923433333333
mp-31488,3.964996000000004
mp-334,2.900374333333336
mp-3359,4.349762999999984
mp-38975,3.4185283333333274
mp-39843,2.276730666666666
mp-561561,2.448789333333325
mp-569522,19.673000000000005
mp-643260,3.473603666666667
mp-7117,4.950882666666666
mp-760405,3.4038846666666664
mp-778061,3.884232333333333
mp-8874,2.7028200000000004
mp-9538,8.612694
mp-1030950,4.673963333333333
mp-1079891,3.3976319999999505
mp-13852,5.163999999996152
mp-27267,18.325333333333333
mp-28011,10.16573866666667
mp-28514,2.8576653333333337
mp-28932,3.404654666666667
mp-35327,2.2148036666666666
mp-569994,4.676852666666659
mp-625211,2.280327
mp-643061,4.946535332385763
mp-758963,6.082215802903092
mp-8255,2.460449666666752
mp-1009818,6.194937666666667
mp-1103261,18.885664
mp-11980,2.1837139999999984
mp-1205521,3.777289666666622
mp-12171,3.2013519999999915
mp-1221101,10.314490702536274
mp-1224076,6.671964629566656
mp-13042,3.901754999999984
mp-16855,4.053627666666675
mp-18732,5.823616333395996
mp-22067,4.783501666666666
mp-24292,4.286176000000004
mp-2653,4.624563333333323
mp-28248,4.5737519999999865
mp-306,2.7233033333333267
mp-3503,4.806735333333333
mp-36248,3.059159
mp-3653,4.2645003333333324
mp-4829,2.338320999999985
mp-540584,4.285318333333336
mp-550798,1.8782533392200955
mp-551905,2.4775786666666666
mp-554023,2.282333413122457
mp-567756,5.039531000000003
mp-5926,2.05078
mp-614013,7.351834999999995
mp-625993,2.6267720000000003
mp-656887,6.106612550291526
mp-685145,4.450915666666666
mp-753710,3.0234500000000004
mp-754215,2.889690666666666
mp-8603,3.62744400000001
mp-9509,4.139464
mp-1223853,2.6809310000775084
mp-12485,6.893499333333334
mp-15012,3.3897666666666617
mp-27253,9.283499
mp-28529,3.408082333333335
mp-2970,2.732519
mp-4690,2.627321333333334
mp-541950,2.4730513333333337
mp-555070,2.926263666666564
mp-558227,2.178017666666678
mp-559377,2.6926666666666663
mp-562100,9.407333333333334
mp-567278,4.611329666666666
mp-567558,3.070247666666668
mp-675625,2.0483810000000005
mp-753370,3.527613
mp-756773,10.01771833333336
mp-8194,10.736407333333332
mp-867799,45.24994900000001
mp-1210275,9.653428333333284
mp-1222462,3.680858333333333
mp-18922,9.370666666645253
mp-23683,2.1689353333333288
mp-24018,3.4854319999999994
mp-29297,4.5772070000000005
mp-30031,3.237089333333368
mp-30520,6.0240496666666665
mp-4009,7.798030666666666
mp-4351,3.929536333333304
mp-4468,13.924892999999996
mp-550433,3.857220999999999
mp-551269,4.316746334342629
mp-552663,3.485180333333334
mp-556880,2.2719816666666666
mp-558401,3.1388113333333325
mp-570008,34.41491700000004
mp-6062,3.2605570000000026
mp-676020,2.7146753333333336
mp-743,2.4556666666551337
mp-755959,2.979315666666668
mp-7571,2.0887093333335955
mp-758533,3.5667711591412767
mp-765119,6.857401333333335
mp-1021464,3.5932570006675264
mp-10802,7.829000000000001
mp-1105,3.519999999916544
mp-1572,6.494420999999982
mp-18247,4.919000000008476
mp-19450,3.5069703333333675
mp-22756,4.315202666666667
mp-22898,2.7953356666667246
mp-27263,3.224939333333308
mp-27369,2.797889333333334
mp-28015,2.364355
mp-28950,3.584958666666667
mp-29208,16.751003666666666
mp-29584,4.674111666666653
mp-29721,2.4122826666666666
mp-3032,1.818503
mp-3082,2.4162016666666486
mp-545646,3.1691606668675565
mp-546552,4.38304033333337
mp-5488,4.405217667416569
mp-559417,3.441630666666667
mp-626543,1.8303373333333333
mp-642735,2.7839493333333336
mp-755568,6.111067999999976
mp-766,23.544
mp-770618,5.965957000028894
mp-7913,4.564806
mp-8195,11.877695333333332
mp-8714,4.00210766666664
mp-9672,8.633255666666615
mp-989575,5.707299000000003
mp-1101765,33.290600999999995
mp-11714,7.123320666666668
mp-1315,5.400333333308384
mp-19039,4.8635803405818
mp-24097,2.526000000000009
mp-2697,3.2726666666462108
mp-27742,3.64864
mp-27863,2.995607
mp-27949,2.1861516666666665
mp-4002,2.3218486666666864
mp-541911,4.639662333333355
mp-554737,2.505442666666642
mp-567677,5.677016666666673
mp-568233,4.396148666666512
mp-570706,6.861278333333334
mp-626149,2.54231066666667
mp-626720,2.78583
mp-676851,2.031753333333362
mp-697030,5.287232999999993
mp-7388,2.5219226666666867
mp-752767,3.746726
mp-753224,22.087983333333337
mp-754605,3.7029320000000014
mp-757722,3.414998999999993
mp-7639,9.474999999996584
mp-776816,2.421907
mp-861950,60.18693700000024
mp-10550,6.161468333333295
mp-11695,7.233717154923005
mp-1180119,6.750248
mp-1211247,2.1607913333333326
mp-1213231,2.843900000000009
mp-1214502,5.088740333333316
mp-1214505,4.763718333436901
mp-1221979,9.878858995440092
mp-12867,4.511725333333245
mp-14398,3.286356666666684
mp-1477,12.342999999999998
mp-23714,4.076
mp-27912,3.295892666666667
mp-28912,5.248666666666668
mp-30148,5.652518333333332
mp-30284,4.879832666666726
mp-32854,2.262195
mp-37839,4.703213666666667
mp-4473,11.303333333333336
mp-505077,2.098908333333333
mp-558111,2.157639666666626
mp-559151,4.633520666666656
mp-567841,10.07100000000002
mp-569114,7.952861666666667
mp-753222,5.468198666666496
mp-753251,4.140762333333334
mp-754610,3.9601383983768814
mp-754812,2.8261269616469487
mp-771341,2.527746333333333
mp-775430,6.537159000000003
mp-7907,6.276062
mp-1105535,6.491122333333334
mp-1153,3.8640000000001486
mp-1205391,5.781775
mp-1208162,2.781466666666654
mp-1213104,2.7893639999999995
mp-1228784,5.490800999999993
mp-19238,15.857701666666662
mp-20289,5.884306333333323
mp-23038,3.476900666666674
mp-23400,3.766990333333328
mp-26326,3.2025369999999995
mp-27399,2.8175866666666667
mp-28719,2.6101646666666665
mp-4609,3.927834999999994
mp-496,1.0
mp-553025,3.981573333333335
mp-615138,2.5290890000000004
mp-6402,3.070508333333333
mp-642729,3.041856666666669
mp-752917,2.664650333333334
mp-756490,4.315666669637001
mp-757447,3.037777
mp-760386,2.361030999999985
mp-760462,3.2066866666666662
mp-769025,2.984665333333333
mp-8857,7.410305333333313
mp-1029627,10.552642333333331
mp-1192769,3.068337666666683
mp-1209316,4.596168999999999
mp-14871,4.648690333333339
mp-17244,4.734962666666665
mp-22142,3.526332335681483
mp-23871,2.926061000000121
mp-26173,4.173197333333334
mp-31268,3.433333333333333
mp-5038,3.621942666666664
mp-560625,4.131949
mp-570957,6.732493000000001
mp-571414,2.269029333333336
mp-6391,2.773645333333334
mp-707532,2.286675
mp-7204,4.788584666666693
mp-772840,3.7810986666666655
mp-8931,6.733547999999966
mp-8957,2.9410509999999928
mvc-6532,6.716993999999999
mvc-662,4.104639333333334
mp-1014251,8.148511666666659
mp-1016197,10.17042433333333
mp-1018630,10.318091358168145
mp-1020712,5.137041333333333
mp-10226,5.145981000000003
mp-10368,24.277666666666665
mp-1190487,4.744604000000024
mp-1214087,4.874465
mp-1221831,4.598029999478388
mp-14659,4.945238338033335
mp-15983,5.523451666666666
mp-15999,5.398916333333244
mp-21855,8.207707999999998
mp-2400,4.0846666667052345
mp-27699,4.106304000000001
mp-28022,2.575917666666672
mp-30167,3.915333333333335
mp-39259,6.9965893333333335
mp-510273,3.4841456666666475
mp-549711,3.820355000228501
mp-697135,2.0731733333333326
mp-757646,4.607074666666667
mp-777483,4.446856333333334
mp-8184,3.2708616666666663
mp-979137,14.497244000000403
mp-989405,3.5275540000000003
mvc-4854,4.184556681165343
mp-1079513,9.096887666666657
mp-1102857,22.772511000000005
mp-1105876,3.6357160000003206
mp-1106310,9.210226
mp-1189018,2.054628666666676
mp-1321,27.828375333333327
mp-23376,3.857383333333333
mp-28108,6.622401666666666
mp-510268,6.134804890655473
mp-545469,2.8620269482547718
mp-556316,4.3147626666666605
mp-626554,2.056469
mp-7437,8.518522666666714
mp-7826,5.562405999999956
mp-7922,2.677250333333357
mp-8062,7.00014299999999
mp-8484,4.181
mp-866132,35.049240999999924
mp-973793,5.731211999999999
mp-9839,2.0490000000000257
mp-998745,3.356226729188826
mp-1068941,5.602260333333355
mp-1078751,8.363682666666636
mp-1095440,7.525287
mp-11790,10.59252966666667
mp-1206523,2.1866833333333475
mp-1222080,3.066300000000016
mp-17250,2.993960999999999
mp-20817,23.47385
mp-21374,9.517437
mp-27904,27.680666666666667
mp-28364,3.745462666666666
mp-29025,3.729142666666648
mp-3196,4.830983666666668
mp-3652,56.7188136666667
mp-545974,2.0131520000000003
mp-549737,3.374065667391442
mp-558310,3.0508700000000086
mp-558380,2.70900000000054
mp-567809,4.730619
mp-571093,14.361360000000028
mp-625488,3.3468113333333336
mp-698018,2.406219333333333
mp-722832,1.9883333333333333
mp-754840,5.280637333333333
mp-8280,9.464481333333335
mp-8300,9.355290000000029
mp-8710,5.746713333333331
mp-8961,4.167341666666654
mp-981511,4.275514666666666
mp-999448,5.960891999999994
mp-1188535,6.902779
mp-1192373,8.915933999999998
mp-1205533,6.844322666666685
mp-12411,38.97618999999995
mp-14794,4.2747473333333295
mp-22982,14.483882
mp-23033,4.669440666666573
mp-23318,6.031656666666667
mp-30002,3.994560666666636
mp-31077,6.271333333333334
mp-35795,3.373678333333333
mp-40778,3.31546399999999
mp-560547,2.464958667088512
mp-571195,9.200701999999994
mp-643276,4.242700000059477
mp-756328,3.5169796666666664
mp-759972,2.4354910000000003
mp-774907,4.376635999999999
mp-10289,15.845258666666677
mp-1029711,6.404211999999999
mp-1213704,10.967697666666652
mp-1214020,3.1814863333333747
mp-16252,22.158
mp-19896,7.389971000000002
mp-2341,5.577333333333665
mp-24205,3.871731666666667
mp-24294,3.217333333333334
mp-2784,4.322666666663344
mp-28069,4.461392999999995
mp-29513,2.519533
mp-4549,4.766024000000001
mp-625686,2.515217
mp-634859,3.381333333333334
mp-642831,2.324156
mp-754323,5.545591333333332
mp-765958,2.8900816666666667
mp-8017,9.965826666666668
mp-8281,97.6322756666667
mp-8452,3.9208906666666663
mp-866620,2.388082666666666
mp-9127,3.445353000000017
mp-1029404,5.399429333333334
mp-1205638,3.254947666666676
mp-1209018,10.53252100000004
mp-1226003,20.976514000000005
mp-15840,2.853256999999987
mp-23563,2.149
mp-23737,3.5507340000000025
mp-29205,3.5542206666666663
mp-29703,4.350771666666667
mp-365,11.608333333333333
mp-3934,9.593536
mp-4185,2.035749
mp-505381,2.549310333333333
mp-555377,3.7828563333333327
mp-561256,2.8155330000000003
mp-570238,15.504836999999972
mp-581024,7.640905666666669
mp-638424,3.4302589999999995
mp-684770,3.145730333333333
mp-753012,5.996768
mp-761675,7.844914000000055
mp-768310,5.710602666666659
mp-774639,2.9632506666666667
mp-777585,2.7589503333333334
mp-983589,7.950756333333333
mp-1029375,3.2371363333333467
mp-13925,2.24997700000003
mp-14753,4.833861999999997
mp-18262,7.125739558472175
mp-19128,5.452140666666639
mp-19803,5.019488395282444
mp-2172,9.510797000000016
mp-23657,2.195000000000011
mp-23850,2.4071613333333333
mp-24517,2.9568956666666737
mp-27449,5.172492666666667
mp-2858,5.347666666666666
mp-29920,3.915699333333333
mp-34467,6.040255666666666
mp-38394,6.821393467974002
mp-505212,4.322843666666682
mp-560977,5.004515333333344
mp-6204,2.3177043333333223
mp-644385,1.9508383333333328
mp-644419,3.1006433333333328
mp-7438,24.779698333333368
mp-753382,2.712136333333333
mp-753667,2.594318835931794
mp-850195,2.522222
mp-9056,2.718837333333324
mp-9272,12.533546000000014
mp-984107,2.7082216666666667
mp-1029403,5.811081666666667
mp-1070498,6.7325070056215965
mp-1104293,2.4292336666666667
mp-1189171,4.469402
mp-1219649,2.480496000054436
mp-12954,8.332039333333332
mp-1345,8.19861833333333
mp-20731,8.670256
mp-22957,2.8622176666666665
mp-22988,3.642229666666671
mp-23339,2.7286999999999995
mp-23436,2.9703109999999886
mp-2352,3.2719999995167632
mp-23558,12.944955
mp-23904,2.776901333333333
mp-23969,3.129091999999997
mp-27911,4.991488999999999
mp-28901,2.129605333333363
mp-28989,5.114651666666686
mp-3104,7.736799333333335
mp-441,3.441000000000048
mp-555218,3.416637
mp-555495,2.832225
mp-561947,3.1800360000000008
mp-568450,4.52981
mp-570971,6.322549666666668
mp-571222,2.4978700000000083
mp-5840,4.256620999999966
mp-626046,2.115867
mp-6972,4.871842333333358
mp-7385,2.325666666623408
mp-758191,2.8919520000000003
mp-760360,5.374284333333333
mp-768203,3.271265666666667
mp-867193,27.234294999999975
mp-8978,7.659437999999926
mp-991676,9.824244999999996
mp-11703,5.264874666666663
mp-1208643,8.214833666666665
mp-1222482,4.238011333333333
mp-13982,8.992063333333332
mp-14338,6.543259000000004
mp-23262,6.629333333333334
mp-28347,6.705344333333333
mp-28650,3.4981439999999986
mp-30159,2.719117666666667
mp-3443,4.611940666666509
mp-3716,18.853474999999957
mp-38125,10.716685333333336
mp-5029,5.536142333333333
mp-555354,3.393856333333332
mp-555403,2.006658000000041
mp-556319,2.307769
mp-625819,2.092078
mp-641923,3.205257666666654
mp-7323,2.190858666666685
mp-7444,7.779045333333333
mp-754009,5.956688333333371
mp-7604,2.8116990000000013
mp-768573,3.8608703333333327
mp-775808,3.028812666666616
mp-9195,5.992266666666668
mp-9307,7.182940643881317
mp-9610,2.7012313333333267
mp-1017534,7.592924666666666
mp-1029288,15.141831333333334
mp-1191931,1.9610463333333168
mp-1208595,2.884097666666667
mp-1221515,7.354913666666669
mp-1986,5.804079000000001
mp-23072,5.904757000000001
mp-2371,13.85566666674267
mp-28792,2.9068939999999905
mp-31050,2.1873333333333336
mp-36988,5.903624333333351
mp-5061,4.501074000000035
mp-558071,2.836333333277379
mp-560149,3.987576666666667
mp-571213,2.5496666666666665
mp-571281,5.816460000000004
mp-626012,2.605058333333333
mp-696125,2.51938
mp-7017,11.995442333333452
mp-7449,4.935087666666667
mp-753345,3.521993666666668
mp-754359,4.195508666666687
mp-772813,6.334532666666667
mp-7756,10.126
mp-7791,2.097223333333334
mp-9889,5.356999999904516
mp-997394,2.688252333333333
mp-1029408,5.698336666666665
mp-1030657,6.724269
mp-11006,4.642909
mp-12244,2.337878666666666
mp-13744,3.06526133333332
mp-17171,3.049068333333334
mp-17395,3.442715333333334
mp-18789,3.202565
mp-2943,2.424600666666633
mp-561480,2.2464790000001966
mp-568666,6.314483000000013
mp-632282,1.825467678483484
mp-643010,2.875024
mp-643364,4.4049450000000006
mp-6853,3.4812073333333213
mp-6973,3.843808333333332
mp-754280,3.780330400590844
mp-755898,4.557741666666666
mp-757388,2.2098056666666666
mp-760313,3.5418133333333337
mp-765508,5.947559000000001
mp-766325,3.4085279727174203
mp-9143,1.8743333333288816
mp-989194,5.941128666666668
mp-989524,13.467063666666672
mp-989577,3.0710379999999997
mp-1029562,6.444925000000006
mp-1102531,20.069493999999995
mp-1206689,8.436665999999883
mp-1219557,5.786233333333336
mp-1222326,2.601093
mp-1287,3.069726999999986
mp-14128,2.2394790000000104
mp-16609,19.645426000000004
mp-20310,5.761189000000001
mp-24034,3.0214910000000006
mp-24239,2.504000000000039
mp-29738,3.118603333333334
mp-30547,3.7647580000424634
mp-3318,1.769
mp-36641,10.734371780732326
mp-4165,8.822073000000001
mp-510011,9.01696266666666
mp-547244,4.064757668097154
mp-555223,2.433246333333333
mp-556582,5.54648766666675
mp-558219,4.239377666666667
mp-626464,2.2960000000000007
mp-637251,4.010608000000018
mp-753217,4.125321
mp-754295,2.831873333333333
mp-757042,3.338335333333333
mp-985626,3.6281593333333895
mvc-13985,2.5227761749932163
mp-11321,4.530465999999936
mp-11772,5.073006333333346
mp-1207386,6.216598333333333
mp-1220004,14.572737999999996
mp-14088,2.2544863333333134
mp-14437,3.678190666666685
mp-14635,4.889696666666683
mp-15622,9.548
mp-15833,4.490110666666596
mp-19052,2.5538866666666675
mp-19215,3.5450116666666625
mp-27726,2.419116
mp-29365,4.017250333333334
mp-304,16.557333333333332
mp-36526,3.493105000000009
mp-37405,8.70127400000001
mp-4359,5.691333333980608
mp-4385,3.3209450000000054
mp-570886,3.1926666666399046
mp-571046,5.742715333333334
mp-616185,2.5136286666666665
mp-675620,9.749803333333332
mp-754014,3.804775
mp-762644,2.9456513333333185
mp-766262,2.3460066441856022
mp-769365,3.764365
mp-8294,3.237454333333334
mp-9570,12.056000000000283
mp-9751,3.1368043333333144
mp-1019558,3.3201143348522955
mp-1019560,2.8847246666666666
mp-1019576,5.803597666666666
mp-1020703,3.732274333333333
mp-1029262,9.012578
mp-1029743,6.518085666666667
mp-1029965,39.62512433333334
mp-10517,2.7893950000000003
mp-11719,4.68595566666666
mp-14069,3.225816333333308
mp-20027,23.04833333333333
mp-25280,4.523915333333334
mp-2782,9.842504
mp-28475,4.433802666666666
mp-5368,2.0876820000000067
mp-553310,3.8871083334343695
mp-554151,2.148968
mp-555147,2.470984333333333
mp-561410,3.4385219999999994
mp-561491,2.4361936666666573
mp-568661,7.593774666666666
mp-638590,14.583169666666668
mp-643023,6.592542333333332
mp-643432,2.399463
mp-756353,2.8879326666666665
mp-7657,4.817519
mp-8041,3.177666666669838
mp-974713,2.833138999999999
mp-10337,8.799657666666647
mp-1040443,5.427378999999999
mp-10614,8.362255666666675
mp-1101885,3.866272
mp-1102055,19.426939
mp-1102536,3.406717333333333
mp-1206350,9.14786666666669
mp-1209295,3.2048230000000024
mp-1217269,17.515939
mp-14,9.692769000000014
mp-15701,4.4733
mp-1598,9.962666666658189
mp-17095,7.884228333333333
mp-22235,6.43526199442277
mp-24428,2.644352666666667
mp-26311,2.7715063333333334
mp-27126,3.051905333333384
mp-4405,6.405117
mp-556094,6.716363
mp-567542,5.378531333333377
mp-569812,3.147477333333334
mp-625359,3.843715
mp-684816,2.5485597465418794
mp-7331,2.9329400000000057
mp-754369,3.260080666666666
mp-8207,15.758666666666548
mp-8411,10.554607000000004
mp-863076,5.436721666666666
mp-10390,5.628000000013624
mp-1223469,4.046334333333371
mp-1265,3.208362000000001
mp-17518,5.756972
mp-17909,1.7783333333456015
mp-18722,3.1884
mp-27979,4.5455190000000085
mp-5020,5.577026666666679
mp-556405,4.310067666666636
mp-556859,5.63167104198892
mp-625051,2.4453853333332964
mp-625943,3.3238703333333337
mp-762996,4.577046666666665
mp-771909,3.655829
mp-866051,38.16379299999991
mp-866663,2.1448296666666664
mp-8943,4.445004666666666
mp-9697,7.761931333333334
mp-989615,7.038518999999998
mp-1009088,13.091827
mp-10161,18.410282333333345
mp-1019508,5.556973999999998
mp-10340,3.3210983333333512
mp-10547,3.725660333333307
mp-1069695,13.466276323670025
mp-1094098,6.706499
mp-1208602,2.497676333333333
mp-1221753,12.562387000000456
mp-18843,5.535333333358291
mp-22989,3.266697666666667
mp-24413,3.613950333333333
mp-29909,3.9745276666666656
mp-34376,8.448245666666669
mp-471,15.036310666666669
mp-570300,4.075234666666667
mp-675748,5.920033000000001
mp-695960,2.6705996666666665
mp-720,3.8013333333333335
mp-7505,7.631262999999874
mp-753056,3.415749333333333
mp-759724,2.090805666666668
mp-8612,25.79655999999999
mp-9763,4.353048666666679
mp-1018678,2.3937753333334726
mp-1029699,2.702074333333333
mp-1102938,3.28233966666668
mp-1103091,2.8306376666666675
mp-1105143,3.5388886666666663
mp-1213706,4.490087000000001
mp-12422,4.845174000000003
mp-23291,4.713
mp-23632,3.690124
mp-27149,2.347334666666621
mp-27411,10.781999999999998
mp-344,4.663152999999952
mp-555434,3.819470666666666
mp-556748,2.3048640045755557
mp-754629,10.454441333333328
mp-760432,23.197145333333328
mp-7929,5.287672999999992
mp-864898,74.52735900000006
mp-9007,6.403113666666666
mp-9881,4.679927333333332
mp-989548,2.232
mp-1023954,6.228462991248858
mp-10621,5.130646000000001
mp-1211088,8.238686999999999
mp-1228446,11.8972206671827
mp-12403,1.6589573333333354
mp-1539190,4.813632668517253
mp-18220,2.578520333333337
mp-19330,3.94268900183987
mp-23486,3.501215333333333
mp-27852,6.654142000000004
mp-27891,10.727195666666669
mp-4547,6.49530766666668
mp-504535,4.276079
mp-504611,2.330269333333366
mp-542168,3.073218333333333
mp-543031,4.181001667723579
mp-6333,3.027878666666654
mp-644506,2.441848333333333
mp-7067,39.49964266666666
mp-756746,3.178085999999999
mp-762295,3.7132133333333015
mp-8393,8.707950333333335
mp-8756,4.034572666666667
mp-927,16.290000000000003
mp-1017551,7.677585
mp-1029331,8.327820000000001
mp-1192582,6.111696333333332
mp-1205833,7.704161
mp-1209248,2.929903999999992
mp-1228141,4.537833000000002
mp-13898,2.288453666666666
mp-17756,6.68383533333331
mp-27569,3.4946929999999927
mp-27830,3.08308600000001
mp-27851,5.632679999999997
mp-31232,4.3863243333333335
mp-505166,5.244959000000001
mp-550300,3.3980026666666667
mp-554012,2.061333333333333
mp-555152,3.003979666666654
mp-555234,2.8297380000000003
mp-556489,6.054530463975478
mp-557309,3.2820246666666666
mp-561319,2.340482372404867
mp-600059,2.0699416666666663
mp-634657,3.280333333333333
mp-755821,2.8412566666666663
mp-761486,2.711071333333333
mp-9068,5.881866008075991
mp-997088,4.103637000000011
mp-999052,178.17964600000016
mvc-16283,4.13416031172626
mp-1029922,239.63377666666668
mp-1187172,4.531279666666666
mp-1223057,4.719669666666618
mp-1247,24.86
mp-18921,5.6559083333334215
mp-20458,3.490139333333375
mp-21892,3.6566043333333327
mp-23281,5.593666666667005
mp-28110,5.146616666666664
mp-28683,4.309094999999983
mp-29504,2.832333333333333
mp-29820,5.613927666666666
mp-30301,2.322
mp-30996,3.866579
mp-33775,9.678638333333351
mp-35308,3.673746666666621
mp-35746,7.364910333333332
mp-37923,8.740514333333332
mp-3915,3.561230666666688
mp-3924,8.696470000000009
mp-4406,2.664950333333328
mp-4674,1.8756666666666664
mp-5414,7.922454974748615
mp-543040,3.731391333333337
mp-548469,5.156243333333339
mp-559366,2.429215333333333
mp-560025,10.864152666666664
mp-571102,5.514517333333267
mp-6384,2.1790000000000003
mp-642999,3.1027796666666667
mp-644607,1.9653333333333332
mp-754929,4.147606666666658
mp-755246,4.157997000000035
mp-755488,7.557333333333332
mp-8934,6.500803333333309
mp-9107,8.524990333333355
mp-9566,10.153562333333328
mp-1190024,3.929337333333325
mp-1205338,9.858935
mp-3188,4.877348333333333
mp-32662,5.79200466666666
mp-4731,2.524911333333316
mp-550070,5.319862135690099
mp-5513,7.421752000000006
mp-554769,8.333492999999985
mp-554921,10.02824184686096
mp-558808,2.167599
mp-560008,2.362016333333333
mp-568400,11.540923333333332
mp-578604,4.2876209999999455
mp-5858,3.0182530000000205
mp-643033,2.671298333333333
mp-675682,3.280091666666667
mp-677378,5.025374666666667
mp-677526,2.3847956666666668
mp-754202,2.406164
mp-755130,4.60078
mp-777541,3.21045
mp-8989,2.994548333333333
mp-9984,6.1240000000000165
mvc-11115,4.835578000000004
mp-10851,2.352304000000008
mp-1096925,3.265006666666667
mp-1103709,2.9838780000000003
mp-1210849,4.436156333333334
mp-1219089,5.593583333333385
mp-149,13.003383000000028
mp-19957,3.6842556666666826
mp-27199,9.784249999999998
mp-3338,3.1014243333333336
mp-34011,7.585250307719097
mp-35220,3.682743333333333
mp-540789,5.348333333335527
mp-549158,5.50239866666669
mp-557881,1.9293333333390763
mp-560029,4.048792666666686
mp-571436,3.0575180000000013
mp-618177,2.4907006666666667
mp-643002,5.098064999999997
mp-674981,8.388918666666667
mp-690647,2.581333333980052
mp-7456,3.325902333333333
mp-755392,3.152821666666666
mp-756005,4.532812
mp-761711,3.4507966666666667
mp-766808,5.13529
mp-999472,5.807551683653234
mp-1009894,26.898811000000013
mp-12221,3.5215623333333337
mp-12797,3.025435
mp-18147,2.803550333333319
mp-22946,4.043822666666666
mp-24118,2.1197800000000004
mp-27167,4.776909333333333
mp-27703,3.743477666666666
mp-28013,4.97466666666667
mp-531265,4.223597000000001
mp-555021,5.284258
mp-560878,2.380947999999905
mp-607477,11.85238390410901
mp-696735,2.0381736666666668
mp-753436,3.782762333333333
mp-753940,4.537678333333333
mp-755337,3.730766000000002
mp-760492,5.052772755471199
mp-767779,4.291955333333333
mp-7684,10.462333333328884
mp-7891,11.28500000000014
mp-8755,4.434882666666667
mp-8863,5.762872333333333
mp-9718,4.603270333333339
mp-998712,3.035088333333334
mp-11116,5.383816
mp-1205361,8.79010066666669
mp-1205560,7.438666999999889
mp-1213077,2.914813000000013
mp-1218560,6.129169000000002
mp-1227238,5.530070333316143
mp-1714,24.635333333329072
mp-2074,10.187000000000095
mp-27833,3.935588333333318
mp-27920,4.006561666681059
mp-28505,6.734704999999997
mp-29946,3.9240023333333327
mp-30055,3.459951
mp-556588,2.8894420000000003
mp-558828,4.506794666666657
mp-559872,2.3423700000000003
mp-560588,5.835373000000043
mp-642834,2.631317666666666
mp-765466,4.370071665731497
mp-768159,2.581872666666667
mp-768849,3.5188183333333334
mp-7801,5.615230333333336
mp-9386,5.159024999999964
mp-1020016,4.834769000000001
mp-11152,32.845666666666666
mp-1120733,3.708117
mp-1190131,8.002333
mp-1190360,3.1565496666666664
mp-1205774,2.360225000040955
mp-1217830,5.30358466666673
mp-1219571,2.1468933333333333
mp-2176,9.017235000000005
mp-2758,5.177000000000118
mp-3247,4.856064999999999
mp-36775,2.926723666666671
mp-560836,1.9732990000000008
mp-561641,4.397823333333303
mp-569152,4.369
mp-6633,2.6746743333333334
mp-675944,2.6197546666666667
mp-7492,3.6838453333333336
mp-754450,8.638343333333337
mp-754659,6.049818666666667
mp-7650,4.048800666666637
mp-774242,4.666466333333333
mp-8262,4.795999999925761
mp-8351,2.30639
mp-8568,4.717000000001479
mp-8812,1.9469810000000072
mp-9144,2.0036666666884813
mp-1019888,3.2134203333333797
mp-1029625,10.940732666666651
mp-1095586,3.076756666666667
mp-1111952,2.499326666666667
mp-1214475,4.80399799999998
mp-1217825,6.8892370000000005
mp-14090,1.0000000000000049
mp-1541458,2.629128347468032
mp-18742,4.070616666666666
mp-20282,2.886225000000052
mp-23947,3.0394933333333327
mp-27869,5.443951333333355
mp-28027,2.1876666666666664
mp-28931,4.666076666666665
mp-32880,6.282771000000001
mp-510347,8.320201666666668
mp-556525,5.662795
mp-556878,4.246919666666667
mp-561055,2.390086
mp-567655,3.071314333333333
mp-6564,2.835316333333333
mp-7100,3.5508193333333327
mp-755428,3.017111
mp-760066,3.923391
mp-7688,3.506542333333333
mp-8754,5.37887
mp-1025227,2.5437030000000127
mp-1102545,9.494520333333334
mp-11694,6.855546323681132
mp-1190619,2.690861333175333
mp-13456,5.899666666669147
mp-16793,3.454198
mp-19251,2.718969333333341
mp-22870,6.842666666610193
mp-24721,2.799000000000099
mp-26251,3.3275046666666666
mp-31358,2.384759000000013
mp-31455,32.122698000000014
mp-36100,7.719973666666668
mp-557373,6.016091666666665
mp-557480,4.210306666666667
mp-560639,2.5804366666666665
mp-560688,3.405917333333333
mp-560790,2.4157940000000004
mp-561011,2.814990333333338
mp-574620,5.3278700000000105
mp-696379,1.8306666666666669
mp-753030,2.5716566666666663
mp-9569,11.11882999999999
mp-9845,5.9449266666666665
mp-1209350,3.294572666666733
mp-1217120,22.61778903561098
mp-1220823,6.314798666666664
mp-13542,13.916862
mp-17771,3.1190549999999995
mp-22939,5.660656999999998
mp-23059,2.732935000000007
mp-23153,9.910000000003636
mp-27172,2.765086999999987
mp-27648,10.690666666666669
mp-27936,2.185325
mp-34081,2.253291603936741
mp-34293,6.249246666666667
mp-4770,2.238204666666709
mp-554124,2.91853433333335
mp-563025,3.790400999999999
mp-568557,5.777643333333335
mp-570887,6.316848666666666
mp-6318,2.2110616666666663
mp-675651,4.395569666254862
mp-691,16.959938666666662
mp-7374,5.920038333333349
mp-7436,8.973497666666697
mp-754851,4.456213000000001
mp-774357,3.535615000000004
mp-779689,1.9729220000000005
mp-9295,9.134332
mp-1029,2.317813000000046
mp-1029479,22.223710666666666
mp-10381,6.986734666666646
mp-1205652,4.483071666666237
mp-1218189,4.952251333333287
mp-12622,2.773141666666632
mp-13800,2.403149000000018
mp-14205,7.77650333333334
mp-1434,10.06585233333336
mp-18953,3.4455916666666666
mp-4081,6.975818000000003
mp-558055,8.300271313251365
mp-561412,2.7112743333333333
mp-571442,3.631671000000047
mp-626750,2.583804666666667
mp-641,5.526201
mp-676650,3.748070666666667
mp-685969,49.90600866666667
mp-768161,2.494387
mp-9870,4.223385666666677
mp-12418,17.253999999999998
mp-1539038,2.638660239587009
mp-18781,4.02860133333333
mp-19447,2.997844333333333
mp-23149,2.270252999999999
mp-23406,2.9039326666666674
mp-23655,2.4309659999999997
mp-24422,3.4517089999999997
mp-27828,2.9793200000000213
mp-28883,2.8363746666666665
mp-4899,12.720822666666663
mp-5114,3.790866666666666
mp-553303,4.584509342351435
mp-561075,4.467116333333333
mp-569346,6.22009066666666
mp-754459,2.385
mp-761098,3.614146666666667
mp-770839,3.621434333469837
mp-778194,4.339271333333333
mp-778602,3.855330666666666
mp-8387,6.65201833333338
mp-998555,5.237251333333341
mp-1022,3.095666666665855
mp-1029330,9.612104333333264
mp-1079088,1.8470166666667165
mp-1210796,3.274094333333386
mp-1228964,7.481670666666667
mp-15511,5.058520666666683
mp-19931,1.895289
mp-23336,3.143943333333343
mp-2604,10.429
mp-2632,3.885666666666667
mp-27655,12.149333333333336
mp-28473,2.0819496666666666
mp-540997,3.3739876666666664
mp-558085,2.830474666666667
mp-5614,3.7334286666666654
mp-675511,9.73647466666667
mp-754172,8.804972999999999
mp-767222,3.66693131121006
mp-774922,3.898098333333333
mp-778819,2.189766
mp-8930,7.166897333333317
mp-9750,3.292112333333304
mp-1017548,9.581722664552954
mp-1029733,5.393177666666667
mp-11017,2.8156423333333485
mp-1173671,2.2459360065760574
mp-13383,6.969876999999992
mp-13956,9.639076666666666
mp-15472,3.959677666666666
mp-16135,6.720196333333331
mp-18292,7.23942999992678
mp-19218,4.579189999889635
mp-19970,5.278410000000001
mp-22856,12.461814666666667
mp-22874,5.1433333333333335
mp-27207,2.515335333333367
mp-28306,3.66100000000006
mp-32570,3.173648
mp-3524,4.240518666666667
mp-5394,5.552462666666666
mp-753195,3.507228333333334
mp-758057,3.6677426666666655
mp-11018,3.3442560000000032
mp-1224048,8.632967333333333
mp-1540904,2.011578666666666
mp-18685,7.856613000000009
mp-23061,3.8509383333333336
mp-28453,8.997380666666665
mp-29863,2.468386333333333
mp-30056,2.972577999999999
mp-30068,2.76269966666665
mp-30091,7.255403999999978
mp-30244,2.789333333333451
mp-3033,3.696431666666668
mp-34932,4.575010333333333
mp-37747,3.076585
mp-554097,7.483523333333331
mp-571642,2.786666666666666
mp-626151,3.727164666666667
mp-643279,2.7378549999999997
mp-643458,2.204
mp-753203,5.368499
mp-755627,9.047474333333332
mp-759876,3.312348
mp-804,5.94622966666666
mp-8147,8.576515999999986
mp-8830,6.923034666666685
mp-1004528,1.8396533333333331
mp-1078298,1.9938786666666664
mp-1189451,4.749278
mp-13108,4.350414
mp-14873,4.577311999999999
mp-18864,2.564134666666679
mp-19329,2.7035500000000003
mp-27774,2.661666666642555
mp-28328,4.114036666666666
mp-31043,1.9683333333333333
mp-34078,2.347537666666653
mp-39681,6.508196666666628
mp-505511,28.99066666666666
mp-553923,4.887069666666666
mp-554229,3.284571333333343
mp-608555,2.683677999999
mp-6137,3.9010930000000026
mp-625112,3.938877
mp-642682,2.5946576666666665
mp-642725,2.8798390000000023
mp-752826,3.0640753333333337
mp-757075,7.708524333333334
mp-766217,7.949716666666667
mp-777801,2.3037334015879787
mvc-5908,5.089074333333334
mp-10402,3.0652600000000283
mp-12364,11.047999999988953
mp-16988,9.32771333333333
mp-1873,2.555
mp-19260,3.816928000000016
mp-1943,6.490666666666875
mp-19795,8.774333333333333
mp-22205,1493.0087103333333
mp-23209,2.879000000000127
mp-288,14.463608000000002
mp-29157,18.983030333333332
mp-29185,3.913709
mp-30192,7.482438999999999
mp-37430,2.730074
mp-4086,4.554728000000011
mp-554288,2.2504686666666665
mp-559454,2.3827691660980155
mp-570321,11.773285698483823
mp-625924,2.0502303333333334
mp-644222,3.5524146666666687
mp-675601,3.6271533333333337
mp-752644,3.1909603333333334
mp-752930,2.859569666666667
mp-753323,2.5849893333333336
mp-753539,3.075836
mp-753946,17.22759985501305
mp-754246,5.494243333333322
mp-754919,3.029185
mp-760506,3.3339164126222367
mp-773137,7.329725
mp-8081,1.9382019999999995
mp-11114,9.427544666666666
mp-1221952,5.248791666666967
mp-1222009,3.040731
mp-1227993,5.426400666666667
mp-14416,3.8273733333333326
mp-23192,4.849
mp-23427,6.844762666666663
mp-23861,3.5591500000000003
mp-27453,3.1930816666666217
mp-27517,3.6586666666666665
mp-28824,3.630557668710655
mp-4452,5.803701333333334
mp-4559,2.8269856666666704
mp-556275,3.0857109999999923
mp-556994,2.2702063333333338
mp-558134,3.996244
mp-560748,2.479458
mp-625996,2.388567333333333
mp-675124,9.104167999999996
mp-6945,2.2259069999999994
mp-697168,2.5675756666666665
mp-753406,2.8091940000000304
mp-754113,2.928098333333333
mp-755562,5.185032
mp-768240,2.537494333333333
mp-768729,3.689461
mp-7991,3.461333333333334
mp-9791,8.480083999999989
mvc-7761,3.7382723333333545
mp-10426,7.0573603333333175
mp-1103744,6.424585333333333
mp-11836,18.343393999999996
mp-1211745,3.531178333333338
mp-13641,5.735320666666683
mp-1875,1.8646666666666667
mp-19734,2.4023333333460823
mp-2231,13.144832333333332
mp-2659,2.7626666666846886
mp-29826,3.556871333333333
mp-29910,4.097444666666699
mp-30240,3.107499666666669
mp-510727,3.878415
mp-5532,5.030203666666677
mp-561397,2.281
mp-673624,6.778586333333333
mp-690733,2.1826666666666665
mp-7472,3.5739440000000013
mp-754853,4.359669333333334
mp-769931,4.541295666666667
mp-984604,4.136558
mp-1020031,5.2993586666666666
mp-1029517,6.1236250000000005
mp-1029592,5.964332000000007
mp-10492,1.8810250000000224
mp-16183,7.196427666666653
mp-19239,3.632895666666612
mp-19352,3.0181820000000106
mp-23025,4.285715333333333
mp-23909,2.5804059999999995
mp-29287,2.9395513416244192
mp-34328,4.624162999999999
mp-35906,3.7286646666666576
mp-3922,9.214054666666664
mp-422,5.275456000000008
mp-4571,4.712913999999999
mp-554818,4.066847000000002
mp-556916,7.096211000000001
mp-557761,7.9602899999999535
mp-676284,9.449099483703977
mp-696736,1.8351046666666668
mp-754027,3.8728346666666673
mp-772261,3.625362
mp-779443,3.435681666666667
mp-7972,3.7503486666666426
mp-8313,3.0852520000000005
mp-1079896,4.639524999999998
mp-1222,30.74812633333333
mp-1222349,5.157409333333335
mp-1222366,2.915995000000001
mp-1226307,4.8843340000942215
mp-1346,5.752333333309205
mp-17392,3.2296433333333336
mp-23398,2.069333333333333
mp-23866,2.5403333333333333
mp-2452,2.476666666665257
mp-26511,3.3887713333333345
mp-27729,3.156333333333334
mp-30980,3.712929666666657
mp-31243,14.735270666666668
mp-3668,12.786425333333328
mp-510346,10.540488333333334
mp-5146,9.061269333333314
mp-5492,2.892046999999985
mp-559256,5.593748999999973
mp-625238,3.10887
mp-638729,2.7366496666666684
mp-6499,3.167193333333333
mp-6586,1.9690000000000052
mp-696983,2.7380443333333333
mp-756912,3.0326249999999995
mp-757146,2.718185
mp-764642,3.215682333333332
mp-765593,3.358673666666667
mp-9650,5.1339093333333325
mp-989189,6.686321666666668
mp-1025442,6.027629333333292
mp-1079181,2.3847570156072884
mp-1103379,4.006685333333333
mp-1106089,4.347011333333295
mp-11175,4.7583726666666655
mp-11674,5.925409666666667
mp-1225894,4.611722333333254
mp-12317,3.1489483333333403
mp-1413,19.857333333333337
mp-14433,5.2540656666666665
mp-16742,6.198704333333332
mp-19234,3.051449333333333
mp-2079,4.551000000007988
mp-4555,3.6277890000000266
mp-555760,4.284385333333336
mp-559270,7.9226753333333315
mp-632250,1.1550000000000007
mp-6486,2.8189213333333183
mp-675902,9.982388
mp-677191,7.094470666666666
mp-7198,6.235838666666666
mp-754665,3.739464333333333
mp-755701,3.990986679187501
mp-759095,2.893889
mp-972448,6.806224
mp-989616,8.821445
mp-1029313,19.741213333333278
mp-1214080,5.044220999999997
mp-1221146,5.976012
mp-16773,2.671959666666666
mp-18778,3.624828
mp-1880,2.989119
mp-20042,9.850603
mp-22930,2.556286666666653
mp-23985,2.4326666666666683
mp-2416,2.654333333333333
mp-25301,3.633849304128832
mp-27716,4.970608999999976
mp-30041,7.451417999999962
mp-30452,25.167384
mp-4280,5.840376666666679
mp-541111,2.9729999999999994
mp-556434,6.879572666666668
mp-557539,2.5165779999999685
mp-679669,6.222535333333333
mp-753051,3.444062666666668
mp-755801,2.203495000000009
mp-758074,2.788923
mp-850922,3.2185160000000006
mp-9268,3.547143
mp-9996,7.367
mp-1014013,2.6614729999999995
mp-1019525,2.9786776666666666
mp-1023937,4.197179666666672
mp-1029573,8.372439666666665
mp-1079483,2.93166166671946
mp-1183302,13.58882
mp-1207448,30.240602999999997
mp-1284741,5.161910666666688
mp-15335,5.561815666666667
mp-1747,3.475000000000004
mp-17926,34.75700000000011
mp-18957,4.464920668259317
mp-19363,5.219784666666662
mp-22876,3.843193666666668
mp-23240,15.65000000019817
mp-2414,2.102028333333333
mp-28967,9.929364666666666
mp-2920,4.701084333333351
mp-504506,2.9389803333333773
mp-611219,3.3590925643755427
mp-675531,13.054674666666664
mp-754513,4.936096666666661
mp-757002,2.4795903333333333
mp-758196,3.1567120000000006
mp-777778,3.996790690948464
mp-841,3.1596666666666877
mp-8703,5.999029000000005
mp-9775,9.071128333333334
mp-989627,6.842312666666669
mvc-7701,4.473049333333337
mp-1095603,851.9451800347914
mp-1266,3.960333334040014
mp-14001,9.941409999999992
mp-22965,9.981131333333368
mp-28262,3.426998
mp-31302,2.2133333333333343
mp-4008,17.781104999999997
mp-40143,2.356546
mp-41472,2.934874333333344
mp-542942,3.441563668992591
mp-550751,2.9364443333333337
mp-557923,3.2608930000000007
mp-560387,2.436361
mp-569267,13.426999999999998
mp-573658,4.73785499999998
mp-674350,6.61496533733516
mp-753207,2.623727333333333
mp-753476,4.1072310000000005
mp-753594,4.902872025433841
mp-753719,4.240324
mp-770932,3.458509851837732
mp-8196,3.29098000000002
mp-861942,8.573123333333333
mp-989618,2.2345969999999977
mp-1103771,3.988249333842751
mp-11738,3.458649
mp-1193894,3.578584
mp-1210286,3.4934856666666896
mp-1220908,1.999804333360234
mp-14193,2.297542666666667
mp-15668,6.276333333281831
mp-15703,4.803901666666667
mp-1771,2.228
mp-22638,4.410072668327845
mp-22903,2.709000000000037
mp-22914,5.1084241617865525
mp-23674,2.393333333333333
mp-23991,2.5277
mp-27888,5.310265
mp-2910,1.9640000000000004
mp-29529,10.692239333333324
mp-29976,3.628680000000015
mp-30943,5.620335999999983
mp-3848,3.47265266666666
mp-4730,8.581220333333334
mp-505431,8.287961999999984
mp-540900,4.732324666666666
mp-552623,2.8376276667457536
mp-557993,7.650999999992021
mp-561495,2.9417716666666665
mp-5794,4.2201886666663215
mp-616378,8.043180666666666
mp-7027,3.683378666666703
mp-753197,5.905736666666669
mp-776911,3.0365579999999945
mp-8249,5.243976333333326
mp-8890,6.268104999999999
mp-9062,3.0414346666666763
mp-9309,3.396559
mp-984550,2.5221243333333336
mp-1190488,3.032928666666667
mp-1209214,2.984922666666666
mp-12271,3.802624
mp-1922,19.582
mp-23074,4.922472333333334
mp-23803,3.963179666666667
mp-30952,2.352333333176213
mp-4624,5.1860079999999344
mp-510456,3.727241333333333
mp-5377,4.629436666666668
mp-540771,9.587379
mp-541044,4.081696
mp-554894,2.6106130000000003
mp-567177,5.102214333333332
mp-684503,3.1746746666666663
mp-755309,3.0387159999999995
mp-849528,8.751211000000007
mp-8979,4.900334
mp-9330,5.170112666666662
mp-985591,3.676615000000007
mp-1009129,3.470689666737394
mp-1029633,6.009808
mp-1104707,9.288539666666669
mp-11718,2.0590000000000472
mp-1215697,5.113842999999437
mp-13150,3.716424000000069
mp-14307,6.358000000000019
mp-15220,5.748818333333349
mp-15349,3.2022033333333333
mp-24012,8.77338166666667
mp-28676,1.995
mp-29175,14.506786666666668
mp-3038,7.131936333333333
mp-5470,5.337528999999972
mp-583071,4.850815666666667
mp-626256,2.1859676666666665
mp-643370,4.856722667914741
mp-6951,2.3851640000000023
mp-7214,5.883747
mp-756427,5.91763
mp-7648,2.2180633333333333
mp-780155,2.488821666666667
mp-924130,24.271837544299625
mp-9783,3.467718666666683
mp-998604,3.3094553343670428
mp-1025567,4.579283000000043
mp-11022,5.843995000000013
mp-1156,24.080946999999966
mp-1238804,3.3523573333333494
mp-1244,17.504666666666665
mp-14206,7.899492333333324
mp-19167,2.8901413333333843
mp-29877,2.7432393333333227
mp-31231,5.763743666666667
mp-352,4.811
mp-4627,23.790623333333333
mp-616566,3.418123
mp-6591,2.008666999999979
mp-697084,5.754387333333333
mp-7310,3.032480999999993
mp-755802,2.961911333333333
mp-768221,5.558068333333332
mp-776684,2.253245
mp-7910,9.328566666666667
mp-9071,6.896616000000026
mp-1105223,2.8850673333333337
mp-1188559,8.737416333333332
mp-1191353,2.640053333333333
mp-1210180,2.9306066666666664
mp-1225916,2.3685596666666657
mp-12433,8.446395666666623
mp-160,9.381314333333307
mp-17747,7.919288000000016
mp-18968,3.1827973333333333
mp-19133,4.239415333333369
mp-23730,3.628958333333333
mp-23758,2.4216666666996667
mp-24052,7.343310000000002
mp-29396,8.811184333333337
mp-31306,1.8767246666666668
mp-505139,3.685693333333333
mp-554722,4.145087333333287
mp-561243,3.606685666666658
mp-570598,4.207383
mp-625207,2.4155306666666667
mp-625830,2.716501
mp-642739,4.477749
mp-651723,2.3850180000000063
mp-690542,4.124548000000001
mp-752960,3.2581799076926874
mp-753039,6.615892
mp-754815,3.121333333333334
mp-754838,2.6933571903246167
mp-761842,4.624248000000001
mp-766173,6.746828666666667
mp-766838,6.731288666666665
mp-768479,4.2655620160042425
mp-775027,6.921956999999995
mp-820,16.742244000000024
mp-866883,6.718937666666666
mp-9248,9.050120333333334
mp-9576,6.320934811535629
mp-1021328,1.6508586666660263
mp-1193673,4.999862
mp-1207108,15.04641766666665
mp-12532,5.731813666666665
mp-20316,10.183402
mp-27176,3.0710510000000277
mp-29689,8.622666666666694
mp-34508,7.510595666666666
mp-3855,1.780333333333333
mp-38605,36.1839999999844
mp-554243,2.0003333333333373
mp-557134,2.236603666666667
mp-560186,2.915607333333339
mp-567817,13.785153333333318
mp-600002,1.9423333333333328
mp-675577,10.234535666666666
mp-684745,4.659385333333333
mp-753571,2.9510596666666644
mp-755896,4.6034983333333335
mp-765142,3.667650178417117
mp-772842,2.921832
mp-7738,6.30793333333333
mp-861938,4.437937666666667
mvc-5921,4.891598666666667
mp-1030015,5.169510000000001
mp-1115,15.281333333353556
mp-1219755,8.536122666666435
mp-15339,11.66733333333174
mp-23350,3.084165333333338
mp-24375,2.8579226666666666
mp-30532,4.646170000000001
mp-34202,32.602999999915035
mp-36866,3.738817000000008
mp-4824,9.450218666666668
mp-550553,4.500558
mp-556239,3.2954533333333225
mp-557719,4.504000666666667
mp-626534,2.5167316666666664
mp-632296,1.740341333333333
mp-642648,2.28133
mp-697592,2.3373236666666664
mp-6999,4.773258
mp-755205,9.246812891840955
mp-780702,10.57762466666667
mp-780737,7.278487000000001
mp-7958,3.666492666666673
mp-865799,43.63964800000013
mp-9510,6.478346666666667
mp-989196,6.145189333333335
mp-1019550,5.293994333333333
mp-1095634,20.55116633333333
mp-1205671,5.513169000000002
mp-1220014,5.021725333333333
mp-1232308,5.217145999999989
mp-13546,3.7447456666666654
mp-1863,8.629666666666687
mp-22253,21.24576466666668
mp-23104,4.567829666666669
mp-2605,3.7840069999999577
mp-28922,4.327307333333334
mp-380,7.222614000000001
mp-4163,5.307461333333333
mp-540912,-31279.227684572063
mp-556209,2.5639066666666577
mp-557632,2.5566096666666667
mp-561672,3.892718666930939
mp-6376,5.885993666666667
mp-7074,3.1156773333333327
mp-752611,5.628128666666666
mp-754920,2.444516333333333
mp-755244,2.4805896666666665
mp-763252,4.083507498890481
mp-7824,2.2535683333333347
mp-8070,2.783351
mp-995219,2.145951333333333
mp-1079559,6.494007000000049
mp-1206097,5.267653999999995
mp-1209499,5.172957333333334
mp-1218762,7.427960666666621
mp-1219274,23.4495896666666
mp-1245510,5.2737783333333335
mp-1818,1.6299210000000004
mp-19833,7.976540333333332
mp-22038,3.172413333333356
mp-3125,2.2215513333333594
mp-32884,8.671562333333336
mp-3427,2.7319956666666667
mp-38971,11.24892632936728
mp-41219,4.4067999999999925
mp-554540,4.520897666666623
mp-556395,5.879000000000032
mp-559798,2.5093333333333327
mp-675109,3.347163
mp-755895,4.670513
mp-756589,6.884119333333325
mp-8042,4.998441681244947
mp-989623,5.926700666666666
mvc-3669,6.214348000000001
mp-1009639,8.094085999999985
mp-1015567,40.869773333333335
mp-1019509,2.5777423333333336
mp-1209302,3.0792970000000497
mp-14726,2.835264666666666
mp-23184,2.03133333333334
mp-23446,5.2349406666666285
mp-504340,2.585282
mp-555978,7.787232999999998
mp-557401,3.780006
mp-570377,19.275082
mp-676483,2.523122666666666
mp-753798,3.475852
mp-755468,3.2365076666666663
mp-755527,4.510904
mp-774833,6.17622
mp-8932,5.490508999999986
mp-9565,10.626666666666814
mp-971683,4.990353733989017
mvc-11980,6.043210333333334
mp-1029978,883.8164019999999
mp-1079718,6.850811
mp-11917,4.7053439999999975
mp-1209234,2.8297996666665823
mp-15013,3.2682526666666334
mp-17112,9.948666666666666
mp-22628,2.6775300000000004
mp-2469,6.220105999999991
mp-35876,7.716995333333334
mp-551092,3.446599340239486
mp-555186,4.959501666666666
mp-555251,2.010940666666667
mp-556120,3.0884636666666574
mp-559400,1.4379999999922737
mp-560791,3.5903213333332977
mp-6026,2.4917603333332976
mp-626644,2.6450143333333336
mp-703470,2.56
mp-7502,4.88322633333337
mp-755352,3.918303333333333
mp-756775,3.546520333333333
mp-768074,4.557212333333332
mp-9064,4.245015333333321
mvc-3680,5.837616
mp-1029490,4.430671666666668
mp-1029522,4.904277000000003
mp-1104717,2.527889333333334
mp-11824,8.444999999999995
mp-11923,3.9431786666666815
mp-1201,44.217666666623934
mp-1208619,2.1088060000000506
mp-1223929,7.499849666666634
mp-1540000,3.9335173315650063
mp-20726,18.108999999999995
mp-22869,4.1376666666571
mp-27688,4.707906333333334
mp-28712,5.550762333333381
mp-4200,3.8024840000000464
mp-546546,2.1193276666666683
mp-551403,4.491693043273272
mp-556550,7.165976333333326
mp-5637,4.263057
mp-5854,3.292893
mp-754944,5.011055333333332
mp-755505,2.6222326666666667
mp-758688,2.334809666666667
mp-770632,3.417853
mp-779539,3.176794333333333
mp-7956,10.976000000000129
mp-14624,6.075670999999943
mp-23963,3.899368
mp-29521,3.844013666666653
mp-33319,3.6191870000000006
mp-3540,3.681659000000004
mp-36940,1.8668070000000003
mp-4812,3.269825999999998
mp-554383,2.387586333333333
mp-5548,5.774644333333302
mp-558892,4.974788666666668
mp-561940,3.8115703333333344
mp-6930,2.42438966666665
mp-752920,5.866826333333333
mp-761568,5.592360666666667
mp-8208,15.015071999999838
mp-989400,2.1290000000000013
mp-1002124,16.173917000000003
mp-1078366,14.484660999999994
mp-1207629,10.768693333333331
mp-18179,5.848643
mp-18361,6.104069333333334
mp-19390,7.361666666666664
mp-541844,42.719499000000006
mp-546190,14.686282
mp-554381,4.058717333333277
mp-558681,1.969666666666667
mp-635393,5.826359
mp-752498,2.253004333333333
mp-754535,4.718201846032379
mp-755192,3.977584333333333
mp-755285,4.433330666666687
mp-756042,4.886204
mp-763464,5.2289563333333335
mp-768941,3.635782
mp-8346,3.7018843333333327
mp-1029569,474.7699413333333
mp-1192133,2.386295333333333
mp-1206568,3.1268029999999976
mp-1222047,4.4874370000123545
mp-16995,5.330330333333333
mp-17265,6.395538333333332
mp-18876,2.884445
mp-20554,10.145816999999996
mp-23162,8.633851666666647
mp-23174,4.020666666676132
mp-23425,2.945493000000011
mp-23617,2.928624666666655
mp-23778,2.3492373333333334
mp-27300,6.47791533333334
mp-29169,2.792145
mp-34126,16.986648000000006
mp-3771,4.765766666666669
mp-534870,2.475487999999999
mp-552567,5.268117670836977
mp-8491,2.701087
mp-849735,3.571199333333334
mp-850201,3.648955
mp-961711,16.455712333333302
mp-989523,2.343999999999998
mp-1029763,6.073848333333332
mp-1095151,7.944228666666667
mp-1101971,22.154282333333335
mp-1193111,3.531174
mp-1208776,4.6852746666666665
mp-1220821,5.454100999999998
mp-14482,6.649466333333254
mp-19048,3.377633679608088
mp-19097,4.844256333333331
mp-19120,3.623002666666674
mp-20526,5.873760333333333
mp-22867,2.4530000000000345
mp-22987,6.645148666666668
mp-29252,3.807052391344736
mp-30294,5.135212
mp-3953,2.7212486666667157
mp-4608,1.8590000000046825
mp-4779,2.5410000000091704
mp-510032,22.997582333333337
mp-542846,4.405999999993997
mp-555918,4.391679333333333
mp-558753,3.8340323333333415
mp-560210,2.380956
mp-571623,7.309469666666665
mp-626680,3.1277728219632013
mp-644225,4.700524000788391
mp-652046,7.214333333333333
mp-706608,2.143666666666667
mp-754000,2.286476011609272
mp-754826,3.420457999999998
mp-755816,3.358259666666666
mp-8439,15.282000000000002
mp-9392,3.0545360000000765
mp-971678,3.632910666666659
mp-1030153,1.0000000034519994
mp-1104135,2.0305350000000963
mp-1189914,6.317399333333334
mp-1246515,6.687242999999974
mp-13947,2.119415666666697
mp-14340,7.277394333333319
mp-16136,3.421003000000013
mp-16264,10.593149666666667
mp-20199,7.578740333333333
mp-22993,2.817333333333333
mp-23794,1.7785500000000052
mp-27349,1.947
mp-30930,2.8347006666666665
mp-3751,2.759549999999973
mp-40226,2.572432
mp-4661,3.751944666666666
mp-5141,2.486638666666708
mp-554278,6.205000000000028
mp-554845,4.072039666666666
mp-557266,6.368666666666667
mp-557414,4.237500666666405
mp-585189,3.2022653333333344
mp-610744,4.701478756690616
mp-617,7.442666666666907
mp-624190,6.520884666666666
mp-638061,3.014
mp-754909,3.873758333333333
mp-756507,3.5492456666666663
mp-973225,2.2203693333333554
mp-10080,3.652065999999989
mp-14501,25.16033333333479
mp-15776,7.575306999999999
mp-18805,5.697686333333365
mp-18870,7.009087666666652
mp-19913,9.710737666666684
mp-23050,4.55
mp-27211,2.6437899999999988
mp-29170,3.1348843333333334
mp-4103,4.082794999999989
mp-4249,3.890097
mp-505153,3.2630293333333333
mp-554159,2.746995666666667
mp-557610,2.086159333333352
mp-571518,3.5473333333573334
mp-669426,2.329
mp-753740,4.7547723333333325
mp-755278,5.111954333333332
mp-755811,3.165224
mp-770219,5.655718
mp-1206558,7.549944333333333
mp-1208634,2.2375986666666288
mp-13109,4.356284666666634
mp-14232,2.9285660000000004
mp-16180,2.320000000000045
mp-1853,7.866
mp-2076,12.29900000000096
mp-23713,4.4526666666666666
mp-23933,4.492666666632835
mp-27148,9.871999999277651
mp-3228,3.914590333333333
mp-33588,4.576946711482093
mp-40186,3.9335356666666654
mp-504554,4.714534000000032
mp-559773,2.6183270000000003
mp-625521,2.637528333333333
mp-653579,6.958333333333333
mp-6632,2.911465000000016
mp-6654,2.182847333333342
mp-675436,5.289029333333333
mp-7386,2.8127853333333044
mp-754833,8.357508000000001
mp-775196,11.999886333333317
mp-8016,8.082106333333334
mp-850274,1.5523333333333331
mp-8624,4.829973999999997
mp-9580,9.193147333332838
mp-995393,1.1959123333333332
mp-996959,6.376259333333304
mp-10165,6.104324333333332
mp-1106233,5.112087000000009
mp-1210923,3.3072166666666667
mp-14070,2.792722333333344
mp-17123,17.133333333312947
mp-189,44.437724
mp-22966,2.016362333333336
mp-29139,9.247702333333336
mp-3102,12.17392
mp-35687,2.408843333333333
mp-541037,3.803980666666664
mp-555014,2.293046
mp-556911,2.416666666666666
mp-561395,2.239125666666667
mp-632684,2.4606056666814635
mp-661,4.5425330000000015
mp-758637,3.1469466666666666
mp-770967,2.611205
mp-862670,6.013522333333345
mp-8962,2.494589666666685
mp-9479,5.403565000000001
mp-9764,4.493236000000016
mp-989191,5.705045646743041
mp-9899,28.198885999999973
mp-1023941,8.15153454796753
mp-1029832,6.663427333333332
mp-1029903,9.470060666666663
mp-1067744,7.991238333333331
mp-1210128,5.130196666666702
mp-1541909,4.716771666666666
mp-17685,3.111771
mp-17944,1.9536666666666804
mp-23973,2.659408
mp-28029,20.69916533333333
mp-28471,4.923487333333333
mp-28944,7.607641333333341
mp-29376,4.016893666666667
mp-4051,2.2929176666666664
mp-540696,10.89433333333333
mp-555891,2.115182
mp-559232,2.1485293333333337
mp-676561,8.205605333333336
mp-684690,10.459676685306237
mp-7084,16.614
mp-753066,5.9232613333333335
mp-754589,4.6478530000000005
mp-757204,2.988744333333333
mp-758876,1.947683666666667
mp-763609,5.617327666666667
mp-769148,3.089191377225973
mp-9462,8.721739000000001
mp-1112622,3.3376350000000428
mp-11639,3.4713233333333444
mp-1171010,3.503248333333333
mp-1205381,3.700832
mp-1205388,6.247719666666721
mp-1218418,3.051674333333334
mp-16964,2.0309373333333327
mp-18244,3.7239709999343766
mp-22984,5.424548666666671
mp-23029,4.299495666666664
mp-30034,3.026666666666668
mp-542136,2.7718609999999853
mp-553278,7.564588666666668
mp-557467,2.7132380000000005
mp-560311,2.102596
mp-568208,4.768666667376398
mp-568656,7.116666666667299
mp-6433,2.6494433333333336
mp-722865,2.831659333333333
mp-755543,3.628652666666666
mp-755571,3.401146666666667
mp-756668,5.172411
mp-760089,2.818145666666666
mp-766229,3.379526333333333
mp-77,2.832110333333341
mp-8479,6.659523
mp-1226281,9.081075333330809
mp-14743,5.503220666666667
mp-1539400,5.036304962965605
mp-15685,10.384333333335473
mp-15988,18.382908999999977
mp-20652,3.452996
mp-22995,8.598094333333362
mp-23450,2.577315334025003
mp-2667,4.990999999999993
mp-29260,4.776540999999999
mp-29514,1.7933333333333337
mp-36007,8.862057666666669
mp-4809,6.612515999999999
mp-5158,2.0691623333333333
mp-568177,14.289710000000008
mp-580941,4.999323666666659
mp-583463,5.205666666666743
mp-625231,2.4626836666666665
mp-759107,2.520938000000001
mp-759593,3.9038626666666674
mp-8708,2.5820323333333337
mp-9124,12.662632000000013
mp-1019740,4.978493
mp-1079149,12.315130666666676
mp-10919,6.397093000000017
mp-1104024,4.218651666666666
mp-1105821,7.045689666666668
mp-1189528,4.215514666666666
mp-13305,24.925565
mp-20088,3.5338666666666665
mp-23843,2.697999999999999
mp-24431,2.2289999999992416
mp-28099,3.305347333333333
mp-34465,3.6503386666666655
mp-37153,2.267000000000016
mp-4078,3.78621266666668
mp-4170,5.206058303030107
mp-4510,18.729587000000024
mp-555769,5.760438000000001
mp-556640,6.222760666666666
mp-556649,2.664198999999998
mp-707226,2.802731
mp-754075,2.54959
mp-756347,7.202350000000004
mp-761106,4.487977666666667
mp-8153,3.603031666666714
mp-8430,3.658102666666668
mp-8725,7.805470333333332
mp-961673,21.359200666666982
mp-984718,9.80032766666666
mp-1019743,5.894582
mp-1078636,10.777731666666668
mp-1106356,3.448348000000001
mp-11166,2.854829000000061
mp-1190390,2.562122333333333
mp-1206644,5.278480000000001
mp-1209088,2.200295666666667
mp-1213080,3.106495000000013
mp-12181,6.826262666666665
mp-1536,8.628
mp-19262,5.186074666662308
mp-20096,2.2145073333333034
mp-2072,5.114999999999998
mp-23691,3.120296666666737
mp-26559,2.7148756666666665
mp-27420,2.0837233333333884
mp-28175,3.2902099999999934
mp-29463,4.475455666666666
mp-29491,3.362413333333333
mp-3042,1.8578800000000055
mp-541226,2.3362943333333543
mp-555731,3.141507999999986
mp-559092,2.230915666666668
mp-560963,2.180358333333294
mp-606680,2.9379759874793976
mp-752764,2.321580999999993
mp-752975,4.338465666666667
mp-755803,3.708369666666666
mp-758141,2.712257666666668
mp-9702,4.792946666666672
mp-1029702,8.628347
mp-1229128,4.559906
mp-13992,5.859782999999965
mp-16253,23.066000000000003
mp-18163,7.5607013333333315
mp-26477,6.967134666666667
mp-27736,18.95533333333333
mp-28987,12.080409333333336
mp-486,26.526999999991254
mp-5350,5.908642333333333
mp-540635,3.2456786666666946
mp-556215,3.3557816666666564
mp-556503,2.1454256666666667
mp-556786,3.03701
mp-559847,6.521868333333333
mp-559961,3.818162
mp-560354,2.2906220683627945
mp-569787,2.075377
mp-570485,13.237179666666618
mp-5942,5.477911666666667
mp-600000,1.9389999999999996
mp-633158,2.630171666666669
mp-753813,2.775647333333333
mp-772659,6.089554333333333
mp-7798,5.0265293333333325
mp-9270,16.452805333333334
mp-998358,2.72559524329537
mp-1029542,4.672240999999999
mp-1078799,2.147825333333374
mp-1095507,18.407076
mp-1210267,6.137462999999993
mp-1217925,6.144793666666668
mp-1285,21.335
mp-1394,3.491666666686909
mp-19267,5.073100999999483
mp-19302,3.305047333333344
mp-24214,2.166
mp-27275,2.6304346666666665
mp-28517,6.381222
mp-29750,2.969124666666674
mp-4024,11.262915333333334
mp-504351,2.983337999999474
mp-556365,2.3841699999850103
mp-557070,3.760122333333305
mp-558016,2.9639963333333337
mp-621112,3.0925446666666683
mp-697111,1.8526223333333331
mp-697146,2.6928856666666667
mp-736,6.873999998771381
mp-757,7.55600000000021
mp-761252,2.198
mp-775810,8.525196999999999
mp-8212,17.373424333333332
mp-866056,6.9031116666666685
mp-9711,4.966491333333334
mp-978847,38.31508033333333
mp-1016069,33.59159666666667
mp-1024067,4.4199106666666665
mp-1029650,62.04505866666667
mp-1101793,2.9774320000000003
mp-1205991,5.571809666666667
mp-1206511,3.980695999999997
mp-19005,4.448446666666658
mp-23202,8.458333333335817
mp-23860,3.509048
mp-24537,2.671
mp-28084,4.680464333333332
mp-29487,3.7946666666998494
mp-30304,5.958303333333334
mp-40189,4.433704999999992
mp-505349,4.279058333333334
mp-540118,4.194645333333334
mp-541837,17.33633333354044
mp-541914,3.906161
mp-568469,6.244872333333333
mp-570270,3.863116
mp-571189,8.69322000000002
mp-583836,3.791795666666667
mp-754901,5.125466666666667
mp-754967,3.379263333333333
mp-770553,3.8041553333333327
mp-777233,2.346839333333333
mp-7786,4.707081335874928
mp-850878,9.837044999999998
mp-9921,6.697333333333333
mp-995226,2.2288523333333337
mp-997024,3.47236833333333
mp-1008492,3.737133
mp-1008506,16.54851497603612
mp-1019323,8.039557646934835
mp-1029915,303.0050326666668
mp-1079666,11.25667833333332
mp-1084823,4.68645299999998
mp-1105594,25.54662800000001
mp-1205354,9.673329666666666
mp-1205511,7.494589666751054
mp-12265,2.515406000047005
mp-22473,7.556818666666653
mp-22880,166.1846666629872
mp-22950,3.47972633333332
mp-27770,4.915333333366995
mp-28423,6.8182736666666655
mp-28602,2.8823280000000007
mp-29829,6.640974666666647
mp-30293,6.040098666666669
mp-30908,9.438351333333332
mp-34903,9.532609666666666
mp-35264,10.37273599999995
mp-35759,2.136382333333218
mp-4527,3.2915913333333613
mp-504482,5.410647333333329
mp-554643,2.404183
mp-556553,2.440005666666667
mp-556898,2.999665333333334
mp-557772,2.305938666666648
mp-558728,2.272018333333333
mp-643036,3.177107
mp-774508,4.892919999999999
mp-774797,5.000512999999999
mp-9575,13.246474666666709
mp-996962,7.782706666666667
mp-1029779,5.917264333333333
mp-1080438,6.271598666666666
mp-1209180,3.1412236666666544
mp-13032,4.039166000000005
mp-14018,13.796333333333436
mp-18509,1.891155333333333
mp-24119,5.334406000000023
mp-28038,5.204632000000001
mp-29194,4.986330333333343
mp-30950,13.54974133333333
mp-34418,1.8688876666666456
mp-3606,5.834453666666666
mp-554543,1.9781179999999996
mp-558879,3.246697
mp-561200,2.1238010000000003
mp-624,7.674000000047993
mp-676799,21.51084566666667
mp-697921,2.66233334007496
mp-7048,3.1636666666913573
mp-722455,2.7893876666666664
mp-7288,6.356144666666669
mp-763007,8.867214333333331
mp-769384,2.598081
mp-770865,6.0711520000000005
mp-863731,2.598688000000016
mp-8946,6.744695999999981
mp-9675,4.493211666666668
mp-10474,1.66900000000003
mp-1182061,3.672732999999999
mp-1206495,4.97712000000002
mp-15687,28.234645000000043
mp-17024,6.543232666666666
mp-17297,1.8694320000000249
mp-24336,2.46466666666576
mp-29168,4.1665410000000005
mp-30033,12.102333333708176
mp-36053,4.208289
mp-540193,2.870650734659417
mp-540895,2.6509766666666668
mp-559053,3.351965
mp-560869,2.731942
mp-643062,3.326665999999999
mp-685043,3.270333333333334
mp-7434,9.441403666666664
mp-752925,3.2633683333333336
mp-753535,3.102040291528446
mp-761280,6.494884000000002
mp-762018,2.838642333173239
mp-998560,4.1679228010587
mp-1019893,5.489006333333332
mp-1078191,5.361111666666665
mp-1180504,3.327928324514318
mp-1185319,2.4399659999999934
mp-19212,2.629455666666667
mp-22904,2.7383333333333333
mp-23116,15.689445333333335
mp-27882,2.7335160000000176
mp-28558,3.9779206666666656
mp-29274,3.187636
mp-30456,12.512695666666668
mp-38725,2.511353
mp-4666,10.787988333333333
mp-5132,3.2964393333333404
mp-546111,5.522047000330837
mp-568443,2.358827333333348
mp-607953,4.756602
mp-626506,2.362053
mp-626620,2.621434666666666
mp-643573,5.230199999946428
mp-720570,2.171119
mp-7277,6.244525333333331
mp-754676,2.287271666666653
mp-760502,2.6183333333333336
mp-760729,3.030974666666667
mp-7911,3.780566999999998
mp-8039,1.9036665329391895
mp-8224,1.8908523333333271
mp-9383,10.913333333315402
mp-1029258,8.905110666666662
mp-1029811,8.995823
mp-10485,10.442355000000036
mp-1095283,4.330220333333334
mp-1105142,8.501422333333336
mp-1205825,4.801792000000004
mp-1205862,3.2251333333333414
mp-1213068,8.838644
mp-1215629,4.834315667311885
mp-14649,3.76265
mp-19182,4.332814000000011
mp-19926,3.900694666666666
mp-21489,4.288422
mp-23321,3.0421173333333367
mp-25279,4.883666666666667
mp-30120,3.2966770000000003
mp-36066,3.172307
mp-37995,5.975438666666665
mp-557426,2.343083754586424
mp-752955,2.467489666666667
mp-850339,2.335017999999984
mp-997586,4.668000000000005
mp-1011695,3.5117041488546623
mp-1029469,158.864005
mp-11020,6.132886333333332
mp-15571,3.734361666666711
mp-165,12.747945333333332
mp-22506,7.548254666666668
mp-23349,3.4321346666666663
mp-23475,3.07205733333331
mp-28926,7.331825666666667
mp-38162,11.075660333333332
mp-510338,3.5773330000000088
mp-546007,4.137798666666668
mp-546794,2.1850876666666674
mp-550925,3.4018246666666663
mp-555052,2.1810386666666663
mp-556020,1.9642933333333328
mp-556418,2.373333333333333
mp-567290,7.0415133333333415
mp-569066,6.430494666666689
mp-7176,5.116962333333367
mp-774702,4.532851333333333
mp-849223,4.463974
mp-862868,4.877666666666666
mp-10461,3.625646666666708
mp-1079364,2.4011993338377646
mp-1188093,9.915308333333362
mp-1190404,4.1790746666666925
mp-1192851,3.284665333333327
mp-1206098,2.1304449999999986
mp-1226455,2.610581002784564
mp-17155,9.190213666666663
mp-21137,4.700497333333334
mp-23879,2.6479590000000472
mp-27462,3.1750786666666664
mp-28695,3.6806
mp-30092,2.271666666666667
mp-37436,3.2109660000000004
mp-505245,2.7556096666666665
mp-541487,17.133976333333347
mp-550714,5.252541
mp-556139,3.057461333333322
mp-558054,4.593844333333303
mp-625509,2.6367646666666995
mp-6913,7.46703633333329
mp-722866,2.36642
mp-7233,5.443463999999982
mp-753398,3.1101316666666663
mp-753746,4.240028333333295
mp-755756,7.059200999999999
mp-989561,2.906700999999998
mp-989604,7.872483333333332
mp-1030704,4.889441666666667
mp-1079487,4.697965
mp-1190364,6.772001666666644
mp-1539317,5.278627666667645
mp-18853,4.730252666666678
mp-18860,3.51017499999996
mp-19202,4.435437683289744
mp-22899,4.110000000000203
mp-22934,3.336297333333334
mp-27277,2.25
mp-27734,4.674000000000067
mp-29398,3.802438000000005
mp-3376,3.956160666666664
mp-37267,2.3815949999999853
mp-39770,3.11343966666668
mp-5450,2.299013666666678
mp-554089,2.2421493333333333
mp-675101,6.616485000000001
mp-753227,4.523204666666694
mp-754153,2.872333333333333
mp-771147,2.749305666666667
mp-9588,10.812333333333331
mp-1018031,3.922537997801394
mp-1025340,6.208783333333375
mp-1087504,10.215818999999998
mp-1102534,16.702103000000005
mp-11653,2.766443000000008
mp-18793,4.615346666666665
mp-22881,3.013766333333237
mp-22955,3.600318000000002
mp-28369,2.4236463333333336
mp-3821,2.351458
mp-42583,2.2896286666666668
mp-5461,2.6385843333333336
mp-557359,3.128799333333323
mp-571324,2.5353333333459624
mp-571452,5.507202666666668
mp-573316,9.123054999999963
mp-643047,4.14069503997703
mp-713,7.388775
mp-7290,6.563085999999999
mp-754233,4.560273
mp-756603,5.194583333333334
mp-757410,2.429251995267236
mp-8235,5.466706333333312
mp-9200,4.955130999999996
mp-1027692,8.173882333333308
mp-1079630,4.701248999999996
mp-1095378,4.344505
mp-1185959,6.000242333333276
mp-12015,4.207555666666667
mp-14651,4.874395666666668
mp-1550,8.142618999999996
mp-17172,8.139686666666666
mp-17708,3.622229333333337
mp-17709,2.7635493333333336
mp-22917,4.799333333333332
mp-23797,2.226666666666691
mp-28595,4.017575333333333
mp-28698,3.834356999999993
mp-29845,3.252301999999992
mp-31218,3.698285999999999
mp-38442,9.386531666666668
mp-540714,2.1488356666666664
mp-541462,5.264006666666682
mp-542464,3.29944766666666
mp-626726,2.704333333333333
mp-6325,4.574469333324521
mp-8298,7.287888000000028
mp-849525,3.3057746666666668
mp-866229,225.3748429999999
mp-1102430,20.591890000000003
mp-1205548,3.274654333333333
mp-17696,7.131956333333334
mp-18661,2.6725133333333333
mp-18986,4.370131333333384
mp-223,3.105508666666717
mp-23145,2.2786279999999994
mp-27173,17.445333333333338
mp-2898,6.737866333333348
mp-3081,3.168735333333333
mp-3167,10.698100333333334
mp-33985,8.492901333333332
mp-3527,4.071254333333278
mp-4182,12.511907
mp-546035,10.266513354470383
mp-562283,6.524389666666667
mp-571242,2.7139323333333327
mp-647343,4.876999999999999
mp-754710,3.571309999999999
mp-8361,5.184455333333333
mp-861606,5.206999
mp-996956,9.862799
mp-1078186,2.464253001875869
mp-1103397,3.008687
mp-1210021,3.597602666667436
mp-1539853,3.942910666666666
mp-18578,3.691385333333334
mp-20546,4.651400666666665
mp-21266,3.598943666666693
mp-23418,5.066555333333388
mp-29455,3.96141166666667
mp-29484,5.372432666666671
mp-38487,3.710587333333333
mp-4226,10.238462333333327
mp-505034,4.189701596856266
mp-541152,2.557698
mp-549058,4.866431051716437
mp-556216,3.9256666666666655
mp-556585,2.376
mp-556609,5.080313
mp-557510,10.134375666666674
mp-558990,2.399345333333333
mp-568284,3.648954
mp-5709,4.033870333333328
mp-690687,4.095154
mp-697114,2.483107
mp-760367,3.075734262966794
mp-768164,2.629399666666666
mp-8188,3.8671399999999703
mp-867169,69.21734400000004
mp-980057,13.579919671411693
mp-1019794,2.384457
mp-1029015,1.0000000000124611
mp-10299,5.187589666666672
mp-1100405,17.016552999999963
mp-1105268,6.744170333333332
mp-14951,2.9100326666666647
mp-15998,5.637204
mp-16433,3.932779333333333
mp-18761,3.882153335241689
mp-19343,3.518002999999996
mp-24043,2.090666666629341
mp-24266,4.171090333333333
mp-27999,6.880393333333324
mp-30129,5.1937896666666665
mp-31096,3.7379306666666654
mp-31116,5.00939
mp-35822,2.696559
mp-510760,4.263044
mp-554947,2.6328113333333345
mp-555908,2.611666666666667
mp-556645,3.1054633333333324
mp-557878,2.3874350013647034
mp-558118,1.745323000000016
mp-6013,5.643829
mp-6215,8.885751999999963
mp-7148,4.132468666666649
mp-753467,5.765516666666666
mp-755018,5.287121000000021
mp-766094,4.102533666666667
mp-777972,2.1933616666666667
mp-8630,16.750698
mp-866943,5.413691
mp-9157,2.723794666666629
mp-9579,8.2856833333333
mp-997086,12.107169666666676
mp-1103730,5.707192666666665
mp-1211274,2.784893333333333
mp-1212164,6.225408000000001
mp-13658,2.290033
mp-14864,2.669637
mp-20098,5.19024366666666
mp-22896,3.7403333333333486
mp-22925,5.026624000000012
mp-23131,3.541575
mp-23651,2.565235999999999
mp-23849,2.231144
mp-24064,2.330350333333333
mp-28479,6.711843333333387
mp-34460,5.867547999999999
mp-3933,4.417706333333334
mp-4961,3.618451999999961
mp-504838,3.2763183333333217
mp-557387,4.655422000000001
mp-557653,2.7351530000000004
mp-558836,1.9212183333333
mp-559826,7.609310666666667
mp-560767,3.295933333333352
mp-561725,2.5229989999999893
mp-675645,9.687501
mp-767668,4.230679333333334
mp-773418,4.226892
mp-8015,2.3382056666666617
mp-866818,5.4752679999999545
mp-1102092,3.096120023617856
mp-1138,2.0356519999997578
mp-1147551,8.619010333333339
mp-1205992,2.0602806666666678
mp-14444,4.655797333333341
mp-2437,7.0919999999866095
mp-27641,3.219
mp-3857,3.23623300000007
mp-540632,3.229365666666664
mp-558332,3.269494999999999
mp-571288,4.798158666666667
mp-606393,4.467678333333333
mp-623024,2.4649846666666506
mp-675918,5.978310333333336
mp-6856,3.2234770000000013
mp-752664,2.870397333333345
mp-753206,3.378594
mp-754128,4.454621333333345
mp-754741,4.780554333333334
mp-754954,14.534443333333334
mp-756638,10.873594666666664
mp-761036,3.409405333333334
mp-765775,4.012814333333334
mp-769079,4.543873000000008
mp-938,37.75363866666665
mvc-3102,2.7382278853813937
mp-10417,3.6379419999999993
mp-12878,4.0040553333333335
mp-19033,6.5539103333333335
mp-23173,3.997977666666665
mp-28538,2.741666666666667
mp-30390,22.53207833333333
mp-4035,2.540192666666664
mp-4192,8.580527333333334
mp-553919,4.796891000000003
mp-556507,4.087250333333333
mp-557147,3.996253666666666
mp-557728,8.207495999999999
mp-571306,11.948000000000022
mp-7012,2.023481333333333
mp-754913,4.491873666666666
mp-756873,3.026090666666667
mp-7944,14.140666666666668
mp-8187,3.3158066666666515
mp-867149,372.07295700000014
mp-989622,8.075568333333331
mp-998787,3.33139400300072
mvc-667,4.352970000000001
