ID,G_VRH
mp-10014,23.0
mp-1008733,15.0
mp-1009787,37.0
mp-1014111,11.0
mp-1018647,56.0
mp-1025241,52.0
mp-1029267,123.0
mp-10366,113.0
mp-10601,64.0
mp-1068,35.0
mp-10784,23.0
mp-12120,167.0
mp-20536,72.0
mp-2537,-90.0
mp-2540,125.0
mp-31119,82.0
mp-4595,44.0
mp-4697,31.0
mp-542488,49.0
mp-567279,5.0
mp-6174,50.0
mp-700,14.0
mp-739,91.0
mp-753257,19.0
mp-775001,12.0
mp-7899,36.0
mp-81,15.0
mp-8291,22.0
mp-8414,5.0
mp-862289,11.0
mp-866163,59.0
mp-867346,19.0
mp-962064,1.0
mp-973229,32.0
mp-973614,1.0
mp-980945,7.0
mp-1008785,184.0
mp-1018674,51.0
mp-1025385,57.0
mp-1029655,30.0
mp-1029932,46.0
mp-13660,36.0
mp-137,42.0
mp-14827,64.0
mp-15783,26.0
mp-1786,71.0
mp-19824,55.0
mp-2085,19.0
mp-20956,73.0
mp-29241,33.0
mp-30040,23.0
mp-30177,78.0
mp-31081,76.0
mp-3532,23.0
mp-36052,37.0
mp-4117,50.0
mp-568006,65.0
mp-568319,62.0
mp-568466,53.0
mp-568587,31.0
mp-580357,47.0
mp-5920,51.0
mp-608366,7.0
mp-755450,60.0
mp-7598,90.0
mp-7906,22.0
mp-861932,13.0
mp-861943,55.0
mp-861991,57.0
mp-862,38.0
mp-863679,79.0
mp-865653,115.0
mp-865857,64.0
mp-866064,47.0
mp-867253,40.0
mp-9350,44.0
mp-972119,39.0
mp-972874,1.0
mp-974949,5.0
mp-976943,94.0
mp-983607,30.0
mp-996979,28.0
mp-999558,89.0
mp-1014231,59.0
mp-1017507,18.0
mp-1018136,32.0
mp-1018165,32.0
mp-1018949,10.0
mp-1029656,37.0
mp-10748,25.0
mp-1125,26.0
mp-12781,64.0
mp-15985,71.0
mp-1678,55.0
mp-1797,44.0
mp-19311,7.0
mp-19443,101.0
mp-2068,34.0
mp-22204,79.0
mp-2489,36.0
mp-28150,35.0
mp-30028,99.0
mp-31160,36.0
mp-31502,20.0
mp-3938,86.0
mp-4875,65.0
mp-555293,4.0
mp-567597,15.0
mp-568402,42.0
mp-569886,19.0
mp-571520,61.0
mp-625054,82.0
mp-6939,72.0
mp-7070,77.0
mp-752398,54.0
mp-7752,38.0
mp-8277,34.0
mp-862730,65.0
mp-862734,22.0
mp-862994,19.0
mp-864608,28.0
mp-864920,32.0
mp-864966,123.0
mp-865888,108.0
mp-866154,121.0
mp-867350,19.0
mp-972275,89.0
mp-975880,24.0
mp-977997,64.0
mp-1002222,109.0
mp-10187,22.0
mp-1021672,20.0
mp-1024991,26.0
mp-1025185,9.0
mp-1025338,10.0
mp-11918,63.0
mp-13682,17.0
mp-14039,18.0
mp-1495,91.0
mp-15178,75.0
mp-16528,70.0
mp-19149,68.0
mp-19281,86.0
mp-19306,64.0
mp-20469,21.0
mp-20541,102.0
mp-23247,4.0
mp-23711,33.0
mp-23804,61.0
mp-2499,20.0
mp-2652,62.0
mp-2666,33.0
mp-29633,26.0
mp-29751,2.0
mp-29803,10.0
mp-30483,13.0
mp-30822,25.0
mp-4519,40.0
mp-567456,38.0
mp-570578,48.0
mp-6988,60.0
mp-7421,22.0
mp-744,62.0
mp-753669,72.0
mp-862601,26.0
mp-863708,72.0
mp-865,86.0
mp-865441,30.0
mp-865999,12.0
mp-866174,18.0
mp-867794,43.0
mp-961700,-29.0
mp-978498,36.0
mp-999455,28.0
mvc-11152,21.0
mp-1017985,35.0
mp-12070,26.0
mp-13308,31.0
mp-14285,122.0
mp-14476,42.0
mp-1708,20.0
mp-19282,59.0
mp-21313,115.0
mp-21415,49.0
mp-2474,27.0
mp-30175,36.0
mp-30587,24.0
mp-30817,47.0
mp-33104,43.0
mp-3833,33.0
mp-4047,-7.0
mp-4384,24.0
mp-542777,64.0
mp-570229,9.0
mp-631515,-0.0
mp-675180,29.0
mp-754358,31.0
mp-862842,18.0
mp-864927,100.0
mp-864972,37.0
mp-865459,36.0
mp-866225,12.0
mp-867357,150.0
mp-971712,20.0
mp-974865,21.0
mp-976343,34.0
mp-976425,16.0
mp-982779,47.0
mp-983585,0.0
mp-999469,-72.0
mp-1018148,45.0
mp-11705,83.0
mp-12093,-6.0
mp-12097,105.0
mp-134,24.0
mp-14208,47.0
mp-14336,4.0
mp-224,20.0
mp-2331,225.0
mp-28797,64.0
mp-30670,7.0
mp-31148,25.0
mp-4429,47.0
mp-5022,77.0
mp-672388,-1353.0
mp-675734,90.0
mp-753181,43.0
mp-755920,78.0
mp-863704,20.0
mp-865662,13.0
mp-866069,58.0
mp-9400,47.0
mp-977369,25.0
mp-981530,22.0
mp-990448,78.0
mp-996971,26.0
mp-1001113,-28.0
mp-1018070,24.0
mp-1024990,125.0
mp-1025183,128.0
mp-10266,105.0
mp-1029834,75.0
mp-10712,90.0
mp-12075,74.0
mp-13090,44.0
mp-13117,28.0
mp-1439,81.0
mp-1738,47.0
mp-18918,54.0
mp-18919,36.0
mp-1941,42.0
mp-2093,17.0
mp-2123,61.0
mp-21381,17.0
mp-22598,58.0
mp-2740,36.0
mp-29496,2.0
mp-31055,81.0
mp-31205,36.0
mp-31756,75.0
mp-3405,67.0
mp-35717,30.0
mp-487,114.0
mp-530274,122.0
mp-548,64.0
mp-569848,37.0
mp-570113,21.0
mp-571211,-60.0
mp-571506,65.0
mp-7038,12.0
mp-754326,26.0
mp-862297,64.0
mp-867211,3.0
mp-867834,18.0
mp-9371,44.0
mp-961664,28.0
mp-975646,20.0
mp-978287,53.0
mp-989613,74.0
mvc-4299,46.0
mp-10142,208.0
mp-1025331,9.0
mp-10598,34.0
mp-11266,8.0
mp-11299,13.0
mp-15651,45.0
mp-19773,54.0
mp-21022,52.0
mp-22779,34.0
mp-22964,59.0
mp-2399,27.0
mp-2418,14.0
mp-2426,15.0
mp-2582,111.0
mp-29088,30.0
mp-29364,65.0
mp-29520,4.0
mp-30340,19.0
mp-30349,29.0
mp-30500,19.0
mp-3055,83.0
mp-30768,23.0
mp-30885,48.0
mp-3299,57.0
mp-349,42.0
mp-3740,40.0
mp-4611,57.0
mp-4651,102.0
mp-5072,11.0
mp-541989,18.0
mp-542791,12.0
mp-558149,2.0
mp-559998,83.0
mp-569857,9.0
mp-570673,78.0
mp-581733,48.0
mp-631302,77.0
mp-631576,54.0
mp-637576,-20.0
mp-6686,9.0
mp-754631,-165.0
mp-758052,15.0
mp-7914,70.0
mp-8022,-66.0
mp-8432,51.0
mp-865284,31.0
mp-867287,29.0
mp-867877,-2.0
mp-975896,17.0
mp-976106,57.0
mp-977363,113.0
mp-977542,17.0
mp-1008798,127.0
mp-1013713,9.0
mp-10600,33.0
mp-11270,162.0
mp-12696,20.0
mp-13903,23.0
mp-20384,44.0
mp-23267,2.0
mp-2547,15.0
mp-2553,103.0
mp-2739,35.0
mp-27638,6.0
mp-27835,3.0
mp-29556,5.0
mp-29900,45.0
mp-30656,69.0
mp-30846,32.0
mp-3211,55.0
mp-3677,104.0
mp-4227,7.0
mp-504594,6.0
mp-558059,32.0
mp-567431,10.0
mp-568792,90.0
mp-570686,16.0
mp-571247,97.0
mp-643257,8.0
mp-644264,44.0
mp-762271,-8.0
mp-810,50.0
mp-862892,20.0
mp-862918,20.0
mp-862989,21.0
mp-864607,34.0
mp-864892,9.0
mp-865050,71.0
mp-866141,146.0
mp-867128,26.0
mp-8994,11.0
mp-961688,15.0
mp-971763,-50.0
mp-976291,17.0
mp-983604,17.0
mp-989562,25.0
mp-996961,27.0
mp-1001914,27.0
mp-1025105,54.0
mp-1029349,37.0
mp-10636,21.0
mp-1076,107.0
mp-1094490,12.0
mp-11436,73.0
mp-13031,16.0
mp-15605,73.0
mp-1877,60.0
mp-19276,23.0
mp-19299,109.0
mp-1969,69.0
mp-20083,60.0
mp-21440,95.0
mp-2201,27.0
mp-2250,73.0
mp-22877,7.0
mp-27546,27.0
mp-29736,54.0
mp-30865,61.0
mp-4174,56.0
mp-4229,42.0
mp-4433,105.0
mp-495,31.0
mp-505244,14.0
mp-568711,82.0
mp-569807,7.0
mp-571461,9.0
mp-571500,77.0
mp-605860,6.0
mp-6394,38.0
mp-6459,44.0
mp-669,58.0
mp-672294,79.0
mp-680671,32.0
mp-861610,146.0
mp-862896,41.0
mp-865171,12.0
mp-865184,-1041.0
mp-865656,120.0
mp-867507,124.0
mp-867807,31.0
mp-867881,61.0
mp-9,23.0
mp-9010,6.0
mp-915,25.0
mp-9208,237.0
mp-9262,6.0
mp-972626,-11.0
mp-972845,103.0
mp-975814,-163.0
mp-977113,-5.0
mp-978290,29.0
mp-978808,31.0
mp-981234,-8.0
mp-999133,71.0
mvc-14941,27.0
mvc-5816,78.0
mp-1013546,20.0
mp-1018745,33.0
mp-1022723,60.0
mp-1023329,19.0
mp-1025358,85.0
mp-10632,32.0
mp-10667,35.0
mp-13119,19.0
mp-1383,86.0
mp-1526,49.0
mp-16053,21.0
mp-1730,18.0
mp-1866,10.0
mp-20340,67.0
mp-23499,6.0
mp-2757,13.0
mp-27579,24.0
mp-28549,58.0
mp-32539,8.0
mp-335,33.0
mp-345,82.0
mp-504711,27.0
mp-5122,16.0
mp-555599,24.0
mp-560023,28.0
mp-568544,15.0
mp-631427,-33.0
mp-631557,-307.0
mp-6754,74.0
mp-715923,101.0
mp-754223,79.0
mp-755689,13.0
mp-764163,52.0
mp-865866,17.0
mp-866314,74.0
mp-8666,8.0
mp-972541,17.0
mp-977374,8.0
mp-978088,24.0
mp-9919,26.0
mp-1001833,14.0
mp-1008753,-5.0
mp-1018743,53.0
mp-1025182,38.0
mp-1025315,14.0
mp-11023,43.0
mp-11819,20.0
mp-12599,16.0
mp-1331,32.0
mp-13313,25.0
mp-20935,65.0
mp-21124,26.0
mp-23177,5.0
mp-2647,33.0
mp-28692,17.0
mp-4763,54.0
mp-49,259.0
mp-568398,22.0
mp-568725,75.0
mp-6074,63.0
mp-644389,31.0
mp-754455,79.0
mp-7557,83.0
mp-760417,9.0
mp-7753,38.0
mp-776404,88.0
mp-8307,61.0
mp-8577,85.0
mp-862732,13.0
mp-862891,-1051.0
mp-865119,14.0
mp-865152,36.0
mp-865582,13.0
mp-865678,82.0
mp-866166,39.0
mp-867278,42.0
mp-962078,20.0
mp-973250,7.0
mp-976863,19.0
mp-982975,5.0
mp-983497,29.0
mp-9999,179.0
mp-1001843,-949.0
mp-1008561,20.0
mp-1009823,63.0
mp-1017533,85.0
mp-1018153,7.0
mp-1023319,19.0
mp-1025318,37.0
mp-1025453,42.0
mp-10738,49.0
mp-11413,52.0
mp-147,1.0
mp-15895,36.0
mp-16293,73.0
mp-1793,39.0
mp-20492,74.0
mp-20949,86.0
mp-23004,5.0
mp-2302,73.0
mp-25053,70.0
mp-2512,44.0
mp-2783,112.0
mp-2964,15.0
mp-429,63.0
mp-510657,7.0
mp-551900,30.0
mp-560671,23.0
mp-568411,20.0
mp-569974,82.0
mp-616458,7.0
mp-754,48.0
mp-755066,83.0
mp-756214,103.0
mp-760403,49.0
mp-760414,42.0
mp-861629,34.0
mp-863651,29.0
mp-864630,22.0
mp-864743,13.0
mp-864755,-4.0
mp-865003,112.0
mp-865468,20.0
mp-865533,108.0
mp-865652,105.0
mp-865728,79.0
mp-9025,44.0
mp-9664,7.0
mp-972981,2.0
mp-973004,48.0
mp-973374,13.0
mp-975333,9.0
mp-976,119.0
mp-976111,-0.0
mp-976426,53.0
mp-978542,22.0
mp-982015,20.0
mp-982388,20.0
mp-983428,22.0
mp-989608,9.0
mp-9950,17.0
mvc-2949,37.0
mp-1008835,196.0
mp-1009829,35.0
mp-1018639,87.0
mp-1021305,28.0
mp-1025123,93.0
mp-1029776,39.0
mp-1033,-20.0
mp-1039124,13.0
mp-1039154,-0.0
mp-10564,35.0
mp-1086,215.0
mp-1391,23.0
mp-18759,47.0
mp-18878,48.0
mp-19729,31.0
mp-226,135.0
mp-22673,34.0
mp-2459,17.0
mp-27606,71.0
mp-27682,20.0
mp-30443,116.0
mp-30739,28.0
mp-30788,101.0
mp-38103,14.0
mp-39105,201.0
mp-4124,22.0
mp-4419,99.0
mp-5518,18.0
mp-567695,55.0
mp-569752,26.0
mp-570466,9.0
mp-570722,2.0
mp-631333,-32.0
mp-631541,-8.0
mp-685022,19.0
mp-7364,35.0
mp-776250,69.0
mp-8566,26.0
mp-862586,173.0
mp-862750,27.0
mp-866522,23.0
mp-867260,21.0
mp-867867,1437.0
mp-893,93.0
mp-8936,10.0
mp-9244,134.0
mp-9264,5.0
mp-9382,109.0
mp-977352,26.0
mp-1017550,4.0
mp-1019359,38.0
mp-1025232,49.0
mp-1029550,30.0
mp-1104,21.0
mp-11971,44.0
mp-13829,15.0
mp-16266,42.0
mp-1635,22.0
mp-1652,55.0
mp-19118,54.0
mp-20269,16.0
mp-20632,56.0
mp-22541,6.0
mp-23280,1.0
mp-27175,59.0
mp-27296,33.0
mp-29196,19.0
mp-2979,95.0
mp-29896,65.0
mp-30004,8.0
mp-30497,32.0
mp-31182,59.0
mp-313,40.0
mp-3813,28.0
mp-46,47.0
mp-505297,66.0
mp-5186,37.0
mp-5400,40.0
mp-567948,10.0
mp-753176,22.0
mp-754434,68.0
mp-7889,50.0
mp-800,166.0
mp-8098,74.0
mp-862556,15.0
mp-867107,140.0
mp-8927,63.0
mp-9487,38.0
mp-961648,-11.0
mp-971757,1.0
mp-974625,188.0
mp-977537,58.0
mp-978272,9.0
mp-979009,29.0
mp-984721,99.0
mp-1025311,59.0
mp-12752,77.0
mp-15704,176.0
mp-19962,24.0
mp-20463,19.0
mp-20793,12.0
mp-21271,32.0
mp-22848,1.0
mp-23021,6.0
mp-24237,63.0
mp-2715,89.0
mp-28593,37.0
mp-30019,21.0
mp-30839,21.0
mp-3970,11.0
mp-4865,49.0
mp-5025,112.0
mp-5515,69.0
mp-570506,8.0
mp-570557,88.0
mp-631505,11.0
mp-634,7.0
mp-762506,54.0
mp-7882,13.0
mp-803,59.0
mp-8308,54.0
mp-862862,50.0
mp-864614,31.0
mp-865497,144.0
mp-866228,24.0
mp-871,139.0
mp-929,76.0
mp-974883,2.0
mp-980941,68.0
mp-989568,18.0
mp-1008634,24.0
mp-1009077,91.0
mp-1025116,29.0
mp-1029784,10.0
mp-10421,19.0
mp-10753,-65.0
mp-10909,139.0
mp-11752,34.0
mp-1179,70.0
mp-12764,36.0
mp-1502,39.0
mp-16263,39.0
mp-1699,103.0
mp-18971,70.0
mp-20284,-25.0
mp-22660,31.0
mp-24658,45.0
mp-2611,22.0
mp-2807,63.0
mp-2815,18.0
mp-4,10.0
mp-540572,1.0
mp-5590,48.0
mp-567982,50.0
mp-568516,20.0
mp-633538,119.0
mp-634659,0.0
mp-6916,125.0
mp-768870,13.0
mp-8013,1.0
mp-8090,41.0
mp-867227,9.0
mp-961709,8.0
mp-975651,24.0
mp-976264,-3.0
mp-976281,15.0
mp-982665,-3.0
mp-983388,1.0
mp-9983,44.0
mp-999503,57.0
mp-1007975,-42.0
mp-1017556,66.0
mp-1025053,46.0
mp-10423,18.0
mp-1101,55.0
mp-11021,65.0
mp-11250,23.0
mp-11252,30.0
mp-12382,65.0
mp-12675,32.0
mp-19817,63.0
mp-19990,13.0
mp-20064,53.0
mp-20978,12.0
mp-22996,2.0
mp-23189,1.0
mp-23231,10.0
mp-30877,6.0
mp-31277,36.0
mp-3208,44.0
mp-36111,43.0
mp-36480,53.0
mp-3689,64.0
mp-500,13.0
mp-510219,62.0
mp-53,-150.0
mp-5757,99.0
mp-638,30.0
mp-675009,24.0
mp-7041,14.0
mp-770771,81.0
mp-864674,40.0
mp-865254,24.0
mp-865742,6.0
mp-866079,17.0
mp-891,82.0
mp-9321,30.0
mp-976423,1.0
mp-982666,63.0
mp-1007761,155.0
mp-1009792,52.0
mp-1017516,-12.0
mp-1019054,193.0
mp-1025213,61.0
mp-1025312,10.0
mp-1029799,33.0
mp-11576,20.0
mp-11771,26.0
mp-12862,74.0
mp-1696,42.0
mp-1851,23.0
mp-203,34.0
mp-20768,-24.0
mp-20860,115.0
mp-2183,25.0
mp-2284,11.0
mp-23164,28.0
mp-24420,-213.0
mp-27367,5.0
mp-28395,190.0
mp-28954,8.0
mp-29809,54.0
mp-30371,22.0
mp-375,63.0
mp-3795,32.0
mp-493,104.0
mp-542812,7.0
mp-568914,4.0
mp-569028,14.0
mp-569304,89.0
mp-571143,3.0
mp-580236,18.0
mp-6098,75.0
mp-631371,55.0
mp-675626,22.0
mp-6986,125.0
mp-753156,57.0
mp-777047,44.0
mp-788,51.0
mp-8537,1.0
mp-862759,31.0
mp-864962,22.0
mp-865808,25.0
mp-865964,25.0
mp-8789,40.0
mp-8882,51.0
mp-962061,95.0
mp-974789,9.0
mp-982261,8.0
mp-996964,36.0
mp-9988,97.0
mp-999473,56.0
mp-10038,16.0
mp-1008786,32.0
mp-10118,167.0
mp-1013549,26.0
mp-1021516,4.0
mp-1259,54.0
mp-12595,134.0
mp-13277,29.0
mp-13453,37.0
mp-1385,26.0
mp-13914,94.0
mp-1542,151.0
mp-16366,8.0
mp-19968,31.0
mp-20255,77.0
mp-20987,43.0
mp-21109,29.0
mp-21854,8.0
mp-22682,30.0
mp-2285,35.0
mp-23068,15.0
mp-23956,17.0
mp-27393,13.0
mp-29502,4.0
mp-30717,-1.0
mp-3390,75.0
mp-3808,30.0
mp-5109,51.0
mp-567313,15.0
mp-569270,232.0
mp-5976,94.0
mp-604321,1.0
mp-669382,-5.0
mp-685935,136.0
mp-704645,25.0
mp-755252,37.0
mp-862697,57.0
mp-862779,176.0
mp-864965,-524.0
mp-866170,-103.0
mp-8689,36.0
mp-973269,25.0
mp-978546,41.0
mp-999069,35.0
mp-999295,18.0
mp-10044,124.0
mp-1017509,55.0
mp-1019272,149.0
mp-1024957,55.0
mp-1027890,14.0
mp-1029506,49.0
mp-12055,24.0
mp-12779,13.0
mp-13444,16.0
mp-15556,8.0
mp-16529,57.0
mp-16645,24.0
mp-1883,28.0
mp-18924,55.0
mp-19009,69.0
mp-19331,89.0
mp-19413,120.0
mp-1959,76.0
mp-19774,19.0
mp-20001,28.0
mp-2059,88.0
mp-20697,54.0
mp-21471,40.0
mp-2168,14.0
mp-22546,63.0
mp-2361,48.0
mp-24286,29.0
mp-27255,18.0
mp-2853,140.0
mp-28793,46.0
mp-29138,6.0
mp-30405,24.0
mp-31185,122.0
mp-31209,55.0
mp-3698,39.0
mp-4037,101.0
mp-5479,29.0
mp-557533,14.0
mp-567590,59.0
mp-568390,-173.0
mp-571352,48.0
mp-593,70.0
mp-622570,58.0
mp-631575,-2.0
mp-631633,64.0
mp-7275,34.0
mp-861994,24.0
mp-862367,57.0
mp-863709,202.0
mp-865759,42.0
mp-865842,122.0
mp-971928,4.0
mp-972680,41.0
mp-974708,18.0
mp-981214,10.0
mp-989544,-3.0
mp-989580,23.0
mp-1001786,36.0
mp-1009221,18.0
mp-10172,4.0
mp-1017446,62.0
mp-1025278,33.0
mp-1025325,79.0
mp-1039508,1.0
mp-10876,46.0
mp-12771,-85.0
mp-16115,53.0
mp-1697,72.0
mp-20296,27.0
mp-21065,77.0
mp-22302,107.0
mp-22313,27.0
mp-2275,3.0
mp-23313,16.0
mp-27897,12.0
mp-36209,29.0
mp-36779,55.0
mp-504886,55.0
mp-542854,38.0
mp-543024,7.0
mp-571059,19.0
mp-612740,11.0
mp-697044,20.0
mp-753298,84.0
mp-754154,41.0
mp-862629,87.0
mp-862815,7.0
mp-864938,13.0
mp-865015,25.0
mp-865172,70.0
mp-865470,12.0
mp-865994,42.0
mp-867259,27.0
mp-975997,5.0
mp-1008225,-1128.0
mp-1008498,-45.0
mp-1018023,34.0
mp-1024999,111.0
mp-10274,19.0
mp-1029378,59.0
mp-10718,9.0
mp-11400,49.0
mp-13572,72.0
mp-1476,51.0
mp-19391,50.0
mp-19438,23.0
mp-19713,39.0
mp-19799,17.0
mp-20268,69.0
mp-20557,62.0
mp-2187,45.0
mp-22087,129.0
mp-24416,-33.0
mp-2612,37.0
mp-2675,61.0
mp-28174,2.0
mp-28978,13.0
mp-30057,5.0
mp-4471,116.0
mp-510076,5.0
mp-552588,91.0
mp-569581,9.0
mp-569671,58.0
mp-570256,6.0
mp-570899,47.0
mp-573697,6.0
mp-680932,73.0
mp-690785,16.0
mp-7589,72.0
mp-762225,20.0
mp-7790,104.0
mp-8059,31.0
mp-862733,29.0
mp-9761,106.0
mp-977062,4.0
mp-980665,-31.0
mp-997041,22.0
mp-998903,72.0
mp-999059,-58.0
mp-999389,76.0
mp-1008876,16.0
mp-1016842,28.0
mp-1018054,114.0
mp-1018672,87.0
mp-10198,74.0
mp-1022116,19.0
mp-1025168,3.0
mp-11191,154.0
mp-13496,2.0
mp-1834,17.0
mp-19761,20.0
mp-20122,55.0
mp-20304,115.0
mp-21449,117.0
mp-22095,22.0
mp-22510,76.0
mp-2746,144.0
mp-27954,5.0
mp-30867,52.0
mp-379,-1.0
mp-4158,58.0
mp-505569,32.0
mp-542909,83.0
mp-567406,39.0
mp-581754,48.0
mp-639789,101.0
mp-745,-5.0
mp-8137,39.0
mp-864735,169.0
mp-865044,78.0
mp-866033,90.0
mp-866820,-46.0
mp-9636,5.0
mp-971744,61.0
mp-971933,37.0
mp-971958,20.0
mp-974866,5.0
mp-975322,42.0
mp-975578,4.0
mp-978853,65.0
mp-982511,48.0
mp-983427,8.0
mp-984049,26.0
mp-996,103.0
mp-1001824,-691.0
mp-1008525,188.0
mp-1008873,34.0
mp-1009848,45.0
mp-1018814,24.0
mp-1025236,62.0
mp-10470,112.0
mp-10810,8.0
mp-1100,8.0
mp-11533,71.0
mp-13007,61.0
mp-13811,56.0
mp-19210,59.0
mp-22216,19.0
mp-23295,8.0
mp-30494,27.0
mp-3050,102.0
mp-35591,37.0
mp-3718,33.0
mp-38970,15.0
mp-3917,34.0
mp-5549,23.0
mp-558694,27.0
mp-558781,72.0
mp-566278,82.0
mp-567366,-4.0
mp-569196,52.0
mp-582360,76.0
mp-5881,79.0
mp-631518,-5.0
mp-725,94.0
mp-753722,17.0
mp-755342,79.0
mp-8279,32.0
mp-8547,20.0
mp-862335,70.0
mp-862690,18.0
mp-8633,-81.0
mp-863705,27.0
mp-8676,16.0
mp-867795,66.0
mp-8682,99.0
mp-9385,5.0
mp-95,6.0
mp-975382,-49.0
mp-976133,133.0
mp-977385,-52.0
mp-985584,5.0
mp-998344,10.0
mp-1001913,-28.0
mp-1004526,80.0
mp-1019262,84.0
mp-1019361,32.0
mp-1025077,30.0
mp-1029457,33.0
mp-11283,111.0
mp-15236,19.0
mp-16421,45.0
mp-1840,78.0
mp-1968,37.0
mp-19835,97.0
mp-23279,3.0
mp-23736,32.0
mp-30339,32.0
mp-30449,25.0
mp-3340,98.0
mp-542757,22.0
mp-5589,46.0
mp-610,51.0
mp-615314,103.0
mp-6628,13.0
mp-753712,25.0
mp-7623,25.0
mp-769218,7.0
mp-8481,37.0
mp-863736,42.0
mp-865507,114.0
mp-865519,64.0
mp-865603,47.0
mp-867109,35.0
mp-867123,101.0
mp-867160,16.0
mp-867801,-12.0
mp-9306,35.0
mp-9567,24.0
mp-971857,-16.0
mp-972048,50.0
mp-972071,40.0
mp-972420,31.0
mp-972529,-149.0
mp-975272,4.0
mp-977362,81.0
mp-978100,15.0
mp-978911,24.0
mp-9808,12.0
mp-984785,20.0
mp-997009,25.0
mp-999508,20.0
mp-10010,96.0
mp-1009488,78.0
mp-1009820,85.0
mp-1017554,68.0
mp-1018694,59.0
mp-1023366,19.0
mp-1025067,99.0
mp-1025379,124.0
mp-1025415,50.0
mp-1039293,224.0
mp-10965,32.0
mp-12725,79.0
mp-13475,102.0
mp-13590,7.0
mp-153,18.0
mp-16043,53.0
mp-1655,96.0
mp-1823,61.0
mp-18779,19.0
mp-1898,47.0
mp-1975,135.0
mp-20711,46.0
mp-20800,44.0
mp-22396,99.0
mp-22864,23.0
mp-2297,35.0
mp-23353,8.0
mp-24155,-57.0
mp-27321,19.0
mp-2816,17.0
mp-28567,27.0
mp-31018,21.0
mp-31086,19.0
mp-3486,10.0
mp-36,22.0
mp-4073,96.0
mp-505216,81.0
mp-562102,8.0
mp-568495,41.0
mp-568671,120.0
mp-5692,67.0
mp-570510,0.0
mp-570771,32.0
mp-603640,31.0
mp-6931,38.0
mp-862667,21.0
mp-862703,26.0
mp-862843,32.0
mp-865020,99.0
mp-865325,55.0
mp-961683,-6.0
mp-975443,39.0
mp-9907,22.0
mp-9961,53.0
mp-999498,241.0
mp-10134,10.0
mp-1014303,143.0
mp-1025497,131.0
mp-1039208,5.0
mp-1039385,5.0
mp-1085,-1.0
mp-10967,23.0
mp-11580,123.0
mp-14006,22.0
mp-16364,2.0
mp-16719,74.0
mp-16734,51.0
mp-171,101.0
mp-1848,78.0
mp-18803,28.0
mp-1977,11.0
mp-20229,9.0
mp-21005,31.0
mp-30206,5.0
mp-30778,32.0
mp-477,54.0
mp-5364,33.0
mp-563,174.0
mp-568139,14.0
mp-690536,71.0
mp-753059,29.0
mp-861639,64.0
mp-862374,24.0
mp-864733,2.0
mp-865090,12.0
mp-865376,19.0
mp-865472,102.0
mp-865939,22.0
mp-9564,36.0
mp-977376,20.0
mp-977399,34.0
mp-978557,15.0
mp-989635,45.0
mp-9929,79.0
mp-998968,32.0
mp-1006146,22.0
mp-1008226,13.0
mp-1009213,1.0
mp-1018089,12.0
mp-1018644,-20.0
mp-1025301,62.0
mp-1029474,54.0
mp-11300,28.0
mp-11375,16.0
mp-11547,29.0
mp-11577,7.0
mp-11788,16.0
mp-12444,39.0
mp-1539,56.0
mp-1556,27.0
mp-159,19.0
mp-1590,144.0
mp-19257,107.0
mp-1932,91.0
mp-20714,59.0
mp-21508,29.0
mp-22795,13.0
mp-22916,12.0
mp-2313,15.0
mp-28266,58.0
mp-2831,76.0
mp-28391,0.0
mp-31219,121.0
mp-31220,10.0
mp-4876,6.0
mp-5221,89.0
mp-555359,27.0
mp-555718,23.0
mp-568106,23.0
mp-605034,10.0
mp-631532,-15.0
mp-631570,109.0
mp-6504,33.0
mp-672299,34.0
mp-753581,32.0
mp-755759,80.0
mp-7581,15.0
mp-759897,6.0
mp-7964,74.0
mp-862849,20.0
mp-865066,145.0
mp-865467,18.0
mp-865563,11.0
mp-865611,85.0
mp-865780,79.0
mp-866108,-6.0
mp-866150,29.0
mp-925,165.0
mp-961676,-30.0
mp-981391,25.0
mp-985592,-11.0
mp-993,-41.0
mp-1008926,5.0
mp-1022207,17.0
mp-1025223,86.0
mp-1025365,76.0
mp-11260,11.0
mp-11486,76.0
mp-13967,98.0
mp-14116,45.0
mp-16349,37.0
mp-18972,72.0
mp-1979,51.0
mp-21377,23.0
mp-22736,25.0
mp-23067,7.0
mp-23959,15.0
mp-2449,146.0
mp-28460,3.0
mp-29674,103.0
mp-30043,95.0
mp-30953,1.0
mp-3635,29.0
mp-4691,13.0
mp-559044,17.0
mp-568974,27.0
mp-569406,41.0
mp-603694,133.0
mp-632808,6.0
mp-645159,70.0
mp-753802,48.0
mp-8282,117.0
mp-865990,63.0
mp-867319,94.0
mp-867353,20.0
mp-867927,110.0
mp-917,19.0
mp-9251,15.0
mp-961703,-7.0
mp-972530,21.0
mp-972898,33.0
mp-975044,70.0
mp-975834,154.0
mp-977383,-3.0
mp-977390,85.0
mp-982773,8.0
mp-9948,30.0
mp-1001837,-28.0
mp-10049,68.0
mp-1009537,67.0
mp-1019541,56.0
mp-1028698,13.0
mp-1029442,53.0
mp-10521,34.0
mp-11288,11.0
mp-12875,130.0
mp-1474,137.0
mp-1546,25.0
mp-15777,19.0
mp-18198,56.0
mp-19148,24.0
mp-20708,33.0
mp-274,55.0
mp-28895,34.0
mp-30383,59.0
mp-410,60.0
mp-4556,19.0
mp-504731,29.0
mp-555229,5.0
mp-568354,46.0
mp-5938,44.0
mp-717,153.0
mp-7475,32.0
mp-755225,64.0
mp-760396,116.0
mp-8125,61.0
mp-862672,29.0
mp-862788,31.0
mp-865897,17.0
mp-867304,110.0
mp-974782,16.0
mp-974943,67.0
mp-978907,11.0
mp-979923,29.0
mp-979967,22.0
mp-995197,5.0
mp-999496,13.0
mp-1010071,105.0
mp-1029334,64.0
mp-1029739,69.0
mp-1029943,51.0
mp-1095534,91.0
mp-1347,58.0
mp-1405,54.0
mp-15120,7.0
mp-1860,41.0
mp-20796,-2.0
mp-20906,57.0
mp-21477,25.0
mp-22191,91.0
mp-2221,40.0
mp-22707,30.0
mp-22792,20.0
mp-22801,70.0
mp-22908,4.0
mp-23268,8.0
mp-27315,25.0
mp-30785,50.0
mp-3515,106.0
mp-4454,111.0
mp-545820,21.0
mp-567197,42.0
mp-567657,13.0
mp-568306,20.0
mp-574599,2.0
mp-7384,48.0
mp-763051,64.0
mp-8436,9.0
mp-861978,105.0
mp-864783,30.0
mp-864980,127.0
mp-865515,35.0
mp-865947,21.0
mp-867214,59.0
mp-8732,26.0
mp-94,16.0
mp-973123,23.0
mp-976150,22.0
mp-976265,46.0
mp-977398,8.0
mp-9844,32.0
mp-997100,38.0
mp-9987,140.0
mp-1009495,-75.0
mp-1009838,126.0
mp-1025549,42.0
mp-1077098,3.0
mp-11318,59.0
mp-11621,35.0
mp-12277,43.0
mp-12381,34.0
mp-12766,-3.0
mp-13175,40.0
mp-13334,72.0
mp-1483,83.0
mp-1519,24.0
mp-16327,48.0
mp-17875,30.0
mp-21029,18.0
mp-2229,65.0
mp-2233,13.0
mp-22921,31.0
mp-22937,14.0
mp-31452,38.0
mp-3346,37.0
mp-5157,79.0
mp-5318,56.0
mp-545512,35.0
mp-555064,23.0
mp-568598,9.0
mp-569396,30.0
mp-570935,5.0
mp-631552,-50.0
mp-688785,57.0
mp-7192,40.0
mp-780880,15.0
mp-7959,53.0
mp-8415,24.0
mp-8543,13.0
mp-862964,23.0
mp-865028,19.0
mp-936,28.0
mp-961668,22.0
mp-971673,12.0
mp-972794,9.0
mp-977218,10.0
mp-984744,11.0
mp-9985,140.0
mp-1002188,179.0
mp-1017552,30.0
mp-10616,23.0
mp-12524,-3.0
mp-13649,13.0
mp-156,15.0
mp-15657,102.0
mp-18988,79.0
mp-19886,43.0
mp-21340,79.0
mp-21372,67.0
mp-22151,22.0
mp-2263,100.0
mp-22851,5.0
mp-22905,21.0
mp-252,40.0
mp-28336,12.0
mp-28614,36.0
mp-30844,14.0
mp-31140,-53.0
mp-3159,19.0
mp-37657,45.0
mp-3998,64.0
mp-4177,79.0
mp-4514,46.0
mp-545999,3.0
mp-5529,97.0
mp-557057,80.0
mp-567538,28.0
mp-601193,-13.0
mp-601257,14.0
mp-754065,34.0
mp-759877,15.0
mp-8578,82.0
mp-861640,72.0
mp-864616,2.0
mp-865342,46.0
mp-866004,23.0
mp-946,74.0
mp-961685,23.0
mp-974415,21.0
mp-976600,32.0
mp-984351,15.0
mp-1018062,67.0
mp-10219,46.0
mp-10708,66.0
mp-1120,108.0
mp-15779,74.0
mp-1623,38.0
mp-19146,18.0
mp-20327,91.0
mp-20826,9.0
mp-22915,185.0
mp-23230,0.0
mp-23722,40.0
mp-24152,43.0
mp-29207,17.0
mp-30533,15.0
mp-30849,78.0
mp-34289,14.0
mp-408,42.0
mp-42022,18.0
mp-4248,95.0
mp-448,49.0
mp-4626,33.0
mp-4903,72.0
mp-4969,61.0
mp-4972,37.0
mp-541899,9.0
mp-542583,23.0
mp-545598,41.0
mp-552185,9.0
mp-552292,34.0
mp-558636,87.0
mp-558838,27.0
mp-568055,87.0
mp-570017,32.0
mp-571166,10.0
mp-754711,77.0
mp-862321,28.0
mp-862679,89.0
mp-862740,21.0
mp-8642,186.0
mp-865965,28.0
mp-9063,7.0
mp-972828,51.0
mp-974221,19.0
mp-976061,22.0
mp-997590,99.0
mvc-10478,37.0
mp-1009594,14.0
mp-1025257,48.0
mp-1025291,46.0
mp-1029532,48.0
mp-10677,34.0
mp-10732,134.0
mp-11737,53.0
mp-11770,27.0
mp-12759,26.0
mp-13051,12.0
mp-13797,30.0
mp-13916,36.0
mp-1584,55.0
mp-18717,44.0
mp-22255,8.0
mp-27219,19.0
mp-29617,20.0
mp-30686,67.0
mp-3105,9.0
mp-4520,55.0
mp-4636,46.0
mp-554355,29.0
mp-567744,8.0
mp-567818,51.0
mp-569535,23.0
mp-5724,24.0
mp-576,159.0
mp-578606,58.0
mp-581712,-1.0
mp-5852,87.0
mp-5986,69.0
mp-632657,15.0
mp-643754,11.0
mp-6498,32.0
mp-66,520.0
mp-685146,13.0
mp-685941,19.0
mp-754883,52.0
mp-7555,12.0
mp-796,18.0
mp-827,11.0
mp-839,73.0
mp-862632,19.0
mp-865308,71.0
mp-865708,25.0
mp-865966,125.0
mp-867241,17.0
mp-867842,73.0
mp-984628,60.0
mp-9888,55.0
mp-10074,12.0
mp-1009695,106.0
mp-10133,66.0
mp-1025187,63.0
mp-11573,72.0
mp-12854,22.0
mp-1429,41.0
mp-16318,31.0
mp-16731,118.0
mp-19079,38.0
mp-22400,20.0
mp-2264,55.0
mp-23244,4.0
mp-2682,58.0
mp-28,36.0
mp-29136,27.0
mp-3660,46.0
mp-3838,46.0
mp-3958,83.0
mp-4259,60.0
mp-4531,13.0
mp-4612,78.0
mp-546500,8.0
mp-5478,37.0
mp-5639,121.0
mp-567337,7.0
mp-567652,9.0
mp-5693,37.0
mp-619032,1.0
mp-6812,26.0
mp-6917,40.0
mp-753693,49.0
mp-754344,48.0
mp-754678,89.0
mp-756132,6.0
mp-758104,56.0
mp-767525,25.0
mp-8276,43.0
mp-8511,3.0
mp-861652,67.0
mp-862781,113.0
mp-865257,42.0
mp-866219,109.0
mp-961682,77.0
mp-961710,46.0
mp-972237,-17.0
mp-972408,31.0
mp-983594,-25.0
mp-988,120.0
mp-996954,14.0
mp-997004,61.0
mvc-11225,32.0
mp-1008669,33.0
mp-1014252,90.0
mp-1029336,9.0
mp-1039055,15.0
mp-1078,23.0
mp-11374,18.0
mp-12079,31.0
mp-12965,78.0
mp-1326,22.0
mp-1486,12.0
mp-16523,50.0
mp-1761,92.0
mp-22722,81.0
mp-2363,68.0
mp-28945,56.0
mp-29941,15.0
mp-30357,10.0
mp-3887,88.0
mp-416,103.0
mp-423,38.0
mp-4982,77.0
mp-5048,13.0
mp-5268,47.0
mp-541754,25.0
mp-570259,6.0
mp-571440,8.0
mp-6960,11.0
mp-772,-15.0
mp-7938,44.0
mp-7939,38.0
mp-8221,84.0
mp-8582,70.0
mp-861479,20.0
mp-862604,175.0
mp-862755,22.0
mp-862790,101.0
mp-862844,50.0
mp-862977,24.0
mp-863743,26.0
mp-864639,104.0
mp-864758,6.0
mp-864761,70.0
mp-866204,21.0
mp-973,94.0
mp-973910,30.0
mp-974474,48.0
mp-975284,89.0
mp-977563,98.0
mp-978952,100.0
mp-999060,61.0
mp-999188,24.0
mp-1001612,68.0
mp-1013529,28.0
mp-1013588,18.0
mp-1016841,59.0
mp-1018725,57.0
mp-1018818,29.0
mp-10194,51.0
mp-1021311,20.0
mp-1039262,13.0
mp-11366,43.0
mp-12723,18.0
mp-1683,9.0
mp-18943,27.0
mp-20791,55.0
mp-21297,46.0
mp-2145,-66.0
mp-22033,46.0
mp-22558,40.0
mp-22747,11.0
mp-2663,80.0
mp-28835,11.0
mp-29731,31.0
mp-30433,28.0
mp-30563,66.0
mp-315,22.0
mp-432,53.0
mp-4978,115.0
mp-510198,63.0
mp-510401,55.0
mp-54,105.0
mp-556605,92.0
mp-568560,7.0
mp-569833,47.0
mp-581786,39.0
mp-675880,20.0
mp-7558,102.0
mp-7880,43.0
mp-8033,32.0
mp-861661,17.0
mp-862613,21.0
mp-862956,18.0
mp-865663,42.0
mp-865982,24.0
mp-971733,18.0
mp-977358,33.0
mp-978524,-2.0
mp-978529,18.0
mp-980760,46.0
mp-983412,-21.0
mvc-11155,78.0
mp-1001784,39.0
mp-1007961,63.0
mp-1009640,-72.0
mp-1025267,6.0
mp-1025345,38.0
mp-1029878,29.0
mp-1038915,-247.0
mp-1186,13.0
mp-13480,-96.0
mp-1408,-0.0
mp-14628,35.0
mp-1509,11.0
mp-1775,20.0
mp-1865,79.0
mp-18775,48.0
mp-19387,41.0
mp-20086,48.0
mp-21328,16.0
mp-21363,54.0
mp-22878,10.0
mp-23918,8.0
mp-29011,26.0
mp-37307,110.0
mp-404,23.0
mp-550566,23.0
mp-561419,72.0
mp-631,176.0
mp-631480,-53.0
mp-769673,24.0
mp-861645,15.0
mp-864844,3309.0
mp-865482,90.0
mp-961674,7.0
mp-972337,90.0
mp-974523,19.0
mp-980669,45.0
mp-982370,2.0
mp-989388,40.0
mp-9945,46.0
mp-999054,51.0
mp-999120,199.0
mp-999207,27.0
mp-999549,226.0
mvc-678,21.0
mp-1006112,15.0
mp-1008806,44.0
mp-1014264,-32.0
mp-10155,129.0
mp-1017529,161.0
mp-1025357,85.0
mp-1029294,49.0
mp-1029357,33.0
mp-1029395,48.0
mp-11011,14.0
mp-11293,51.0
mp-12742,39.0
mp-1327,23.0
mp-17524,12.0
mp-20193,120.0
mp-219,134.0
mp-22220,71.0
mp-22566,22.0
mp-2310,36.0
mp-2685,35.0
mp-34023,50.0
mp-555321,27.0
mp-558078,31.0
mp-570922,3.0
mp-728,21.0
mp-7543,3.0
mp-754417,9.0
mp-755435,22.0
mp-823,61.0
mp-832,32.0
mp-864981,33.0
mp-867870,43.0
mp-9349,14.0
mp-9381,60.0
mp-973434,524.0
mp-981,32.0
mp-10033,15.0
mp-1003637,72.0
mp-1008555,0.0
mp-1008650,32.0
mp-1013524,55.0
mp-1018071,51.0
mp-10192,65.0
mp-110,2.0
mp-11019,59.0
mp-12104,140.0
mp-12743,23.0
mp-13203,55.0
mp-1336,34.0
mp-1500,25.0
mp-17092,49.0
mp-1926,28.0
mp-2030,121.0
mp-2070,73.0
mp-21376,11.0
mp-2203,80.0
mp-29403,4.0
mp-3006,5.0
mp-37501,16.0
mp-3792,111.0
mp-4343,31.0
mp-4897,32.0
mp-4998,47.0
mp-556464,71.0
mp-5615,36.0
mp-567314,26.0
mp-569458,166.0
mp-581833,7.0
mp-632442,89.0
mp-668,54.0
mp-754588,53.0
mp-7819,37.0
mp-861498,18.0
mp-861975,57.0
mp-864790,26.0
mp-865400,43.0
mp-865493,3.0
mp-866180,25.0
mp-866288,57.0
mp-9223,84.0
mp-972326,133.0
mp-973111,-8.0
mp-974395,76.0
mp-975515,21.0
mp-983430,32.0
mp-1025316,84.0
mp-12594,78.0
mp-12678,88.0
mp-14793,60.0
mp-1640,32.0
mp-1709,119.0
mp-20814,115.0
mp-21171,80.0
mp-21290,32.0
mp-22297,-4.0
mp-2254,103.0
mp-23183,18.0
mp-2327,28.0
mp-28232,71.0
mp-28591,12.0
mp-2965,74.0
mp-29742,97.0
mp-30139,2.0
mp-30437,25.0
mp-30805,26.0
mp-30834,17.0
mp-5274,63.0
mp-5504,22.0
mp-556939,26.0
mp-560663,32.0
mp-567551,187.0
mp-568803,214.0
mp-570528,4.0
mp-631308,-26.0
mp-632,33.0
mp-696572,26.0
mp-755,65.0
mp-758302,15.0
mp-760483,57.0
mp-863685,19.0
mp-864975,4.0
mp-866080,23.0
mp-867189,21.0
mp-8781,7.0
mp-972222,112.0
mp-972984,36.0
mp-976596,30.0
mp-980940,-155.0
mp-981209,4.0
mp-981312,54.0
mp-997034,33.0
mp-999142,49.0
mvc-11012,86.0
mp-1025140,59.0
mp-10284,86.0
mp-10519,27.0
mp-1190,28.0
mp-13033,12.0
mp-13964,62.0
mp-14790,15.0
mp-15885,24.0
mp-1628,35.0
mp-16314,49.0
mp-1849,99.0
mp-1874,-9.0
mp-1885,116.0
mp-19420,72.0
mp-19832,32.0
mp-1994,242.0
mp-20495,-766.0
mp-20865,44.0
mp-2134,64.0
mp-21405,7.0
mp-2750,26.0
mp-2776,12.0
mp-30178,58.0
mp-30490,21.0
mp-30555,86.0
mp-30683,64.0
mp-31072,-1.0
mp-31459,61.0
mp-33137,111.0
mp-504723,65.0
mp-541449,9.0
mp-636328,88.0
mp-697133,14.0
mp-7559,75.0
mp-758741,65.0
mp-775910,97.0
mp-7962,23.0
mp-864840,77.0
mp-864953,99.0
mp-865545,20.0
mp-867158,23.0
mp-867275,112.0
mp-867761,60.0
mp-867861,21.0
mp-9029,50.0
mp-972205,124.0
mp-974641,3.0
mp-975043,3.0
mp-975439,52.0
mp-977559,56.0
mp-979057,23.0
mp-980059,26.0
mp-1021499,26.0
mp-1025022,58.0
mp-1039383,8.0
mp-10706,157.0
mp-11113,67.0
mp-13098,-75.0
mp-13270,15.0
mp-1558,33.0
mp-16342,54.0
mp-20207,37.0
mp-20805,18.0
mp-20941,37.0
mp-2128,23.0
mp-22889,5.0
mp-23222,21.0
mp-2406,24.0
mp-24151,49.0
mp-24504,0.0
mp-28980,7.0
mp-29596,48.0
mp-30459,53.0
mp-31053,7.0
mp-31339,36.0
mp-3579,56.0
mp-36029,20.0
mp-37614,109.0
mp-559051,46.0
mp-569697,67.0
mp-570334,-146.0
mp-571,27.0
mp-571122,5.0
mp-7089,14.0
mp-753721,59.0
mp-754126,22.0
mp-754752,61.0
mp-758006,44.0
mp-761556,82.0
mp-8407,44.0
mp-855,99.0
mp-862666,42.0
mp-862954,51.0
mp-8641,-101.0
mp-864933,24.0
mp-865038,99.0
mp-865929,43.0
mp-867187,79.0
mp-867347,86.0
mp-875,118.0
mp-899,-1687.0
mp-971706,60.0
mp-972220,92.0
mp-973174,16.0
mp-973966,20.0
mp-974372,-608.0
mp-976424,4.0
mp-997012,28.0
mvc-3769,37.0
mp-10105,33.0
mp-1016903,89.0
mp-1016926,46.0
mp-10463,58.0
mp-10647,4.0
mp-1140,27.0
mp-11882,14.0
mp-11957,38.0
mp-1199,16.0
mp-12628,8.0
mp-12855,22.0
mp-13141,-2.0
mp-1518,72.0
mp-1684,18.0
mp-1903,35.0
mp-21198,42.0
mp-2706,30.0
mp-2756,24.0
mp-31212,25.0
mp-3345,33.0
mp-5431,21.0
mp-545529,25.0
mp-567891,18.0
mp-568333,5.0
mp-568346,18.0
mp-568789,52.0
mp-569298,47.0
mp-570197,14.0
mp-574438,6.0
mp-631529,-8.0
mp-647,97.0
mp-7601,59.0
mp-8219,61.0
mp-825,93.0
mp-862663,20.0
mp-862710,29.0
mp-867267,32.0
mp-9563,23.0
mp-973058,31.0
mp-973276,19.0
mp-973756,90.0
mp-973874,22.0
mp-974511,14.0
mp-984358,-0.0
mp-984745,51.0
mp-1001011,70.0
mp-10069,110.0
mp-1007,36.0
mp-1008688,623.0
mp-1009127,-6.0
mp-1013584,11.0
mp-1023132,10.0
mp-1025456,23.0
mp-1029791,61.0
mp-11478,-9.0
mp-11832,1.0
mp-1214,72.0
mp-1425,75.0
mp-14344,119.0
mp-1492,16.0
mp-1594,44.0
mp-1608,12.0
mp-16522,30.0
mp-19405,29.0
mp-20,84.0
mp-20128,34.0
mp-20353,36.0
mp-21211,45.0
mp-21425,51.0
mp-22300,71.0
mp-22646,33.0
mp-22978,11.0
mp-23197,-4.0
mp-23205,4.0
mp-2517,22.0
mp-2619,54.0
mp-2657,110.0
mp-27425,22.0
mp-295,53.0
mp-2961,34.0
mp-31330,30.0
mp-34,58.0
mp-4408,87.0
mp-542172,40.0
mp-559470,2.0
mp-568827,158.0
mp-5967,75.0
mp-616575,50.0
mp-631373,-22.0
mp-675460,17.0
mp-753671,56.0
mp-775831,32.0
mp-776456,87.0
mp-861724,12.0
mp-864628,15.0
mp-865224,46.0
mp-865978,21.0
mp-866214,2.0
mp-867145,31.0
mp-867792,155.0
mp-894,63.0
mp-977382,84.0
mp-997006,34.0
mp-1000,16.0
mp-1016827,106.0
mp-1017591,83.0
mp-1018121,129.0
mp-1019105,12.0
mp-1021323,98.0
mp-1029269,73.0
mp-10886,45.0
mp-10887,52.0
mp-1251,96.0
mp-12801,18.0
mp-15795,26.0
mp-16483,45.0
mp-19740,34.0
mp-20059,70.0
mp-20261,20.0
mp-20456,39.0
mp-20725,45.0
mp-20841,57.0
mp-20928,77.0
mp-22120,80.0
mp-22384,33.0
mp-23856,8.0
mp-2417,91.0
mp-27861,114.0
mp-2935,35.0
mp-30209,6.0
mp-30472,24.0
mp-3255,43.0
mp-35143,13.0
mp-3799,50.0
mp-4043,22.0
mp-4152,28.0
mp-4255,29.0
mp-473,6.0
mp-505527,95.0
mp-5259,29.0
mp-546011,34.0
mp-5489,57.0
mp-553991,70.0
mp-557397,16.0
mp-569,32.0
mp-569558,32.0
mp-569916,12.0
mp-570991,104.0
mp-5869,61.0
mp-632413,4.0
mp-755974,24.0
mp-770118,48.0
mp-7904,28.0
mp-864968,55.0
mp-865077,4.0
mp-865228,73.0
mp-865936,33.0
mp-9198,91.0
mp-972183,-25.0
mp-973266,31.0
mp-976968,36.0
mp-981747,17.0
mp-998323,8.0
mp-998896,-26.0
mp-10141,109.0
mp-1018098,18.0
mp-1025144,38.0
mp-1025354,85.0
mp-1025375,50.0
mp-10762,9.0
mp-10844,48.0
mp-1152,129.0
mp-11615,59.0
mp-11722,13.0
mp-13868,17.0
mp-1437,15.0
mp-18316,28.0
mp-19726,54.0
mp-19746,26.0
mp-21188,14.0
mp-23221,13.0
mp-2827,46.0
mp-3164,19.0
mp-3472,18.0
mp-4584,11.0
mp-561543,14.0
mp-567832,53.0
mp-569775,64.0
mp-570001,56.0
mp-631423,-30.0
mp-634676,7.0
mp-685194,60.0
mp-7431,18.0
mp-755263,18.0
mp-761872,14.0
mp-8134,40.0
mp-8389,15.0
mp-862260,24.0
mp-864650,133.0
mp-864907,35.0
mp-865872,37.0
mp-867751,7.0
mp-972241,77.0
mp-972522,19.0
mp-973352,-74.0
mp-976838,46.0
mp-999460,36.0
mp-1001602,115.0
mp-1009814,146.0
mp-10106,30.0
mp-1021313,15.0
mp-1029520,48.0
mp-10684,-2.0
mp-12899,66.0
mp-1513,64.0
mp-16337,15.0
mp-168,64.0
mp-17639,51.0
mp-1891,13.0
mp-19963,106.0
mp-22956,7.0
mp-23053,4.0
mp-23712,27.0
mp-2694,42.0
mp-29873,7.0
mp-30080,-5.0
mp-30344,15.0
mp-3128,58.0
mp-547622,42.0
mp-556742,11.0
mp-568137,10.0
mp-571053,86.0
mp-631303,65.0
mp-644497,12.0
mp-647924,44.0
mp-685991,27.0
mp-7432,19.0
mp-753708,57.0
mp-754403,39.0
mp-754537,51.0
mp-755287,62.0
mp-862752,-3.0
mp-863741,27.0
mp-864657,2.0
mp-864784,78.0
mp-864883,26.0
mp-865193,91.0
mp-8654,46.0
mp-8939,147.0
mp-973325,16.0
mp-989518,-2.0
mp-997616,12.0
mp-999539,30.0
mp-1016875,-94.0
mp-10228,16.0
mp-10955,14.0
mp-11490,20.0
mp-12750,23.0
mp-1534,44.0
mp-1575,15.0
mp-15901,69.0
mp-15968,91.0
mp-16766,24.0
mp-20400,36.0
mp-21484,44.0
mp-21503,40.0
mp-2173,32.0
mp-22307,85.0
mp-2470,38.0
mp-2672,15.0
mp-27839,5.0
mp-30581,58.0
mp-31405,4.0
mp-4633,43.0
mp-5251,32.0
mp-5304,130.0
mp-554107,23.0
mp-567397,166.0
mp-567842,143.0
mp-5788,54.0
mp-604318,1.0
mp-606949,93.0
mp-631296,-207.0
mp-631507,-17.0
mp-643989,9.0
mp-676117,29.0
mp-6938,72.0
mp-7375,41.0
mp-755000,40.0
mp-758604,8.0
mp-7714,53.0
mp-8354,37.0
mp-862860,13.0
mp-862864,51.0
mp-862927,11.0
mp-862990,21.0
mp-865278,130.0
mp-865448,85.0
mp-865524,19.0
mp-865785,46.0
mp-865856,26.0
mp-865909,34.0
mp-867234,24.0
mp-867279,-3.0
mp-961653,115.0
mp-971661,47.0
mp-972751,245.0
mp-973572,32.0
mp-974435,198.0
mp-981547,42.0
mp-981550,7.0
mp-995434,79.0
mp-1013544,25.0
mp-1018786,17.0
mp-1018798,-109.0
mp-1025220,55.0
mp-1043,21.0
mp-10645,0.0
mp-1081,70.0
mp-11818,29.0
mp-1415,30.0
mp-1627,61.0
mp-1670,72.0
mp-20097,17.0
mp-22079,61.0
mp-22461,59.0
mp-22639,54.0
mp-2444,63.0
mp-2598,60.0
mp-27164,112.0
mp-28480,16.0
mp-30435,9.0
mp-4475,21.0
mp-5625,11.0
mp-567588,32.0
mp-568077,93.0
mp-568654,17.0
mp-571330,38.0
mp-5784,28.0
mp-6102,74.0
mp-641365,30.0
mp-643264,39.0
mp-754875,100.0
mp-861930,5.0
mp-864923,-1.0
mp-865641,41.0
mp-865707,70.0
mp-865877,78.0
mp-865991,29.0
mp-873,76.0
mp-8891,37.0
mp-8963,13.0
mp-962077,-6.0
mp-972066,119.0
mp-973056,-11.0
mp-974565,55.0
mp-976008,20.0
mp-977059,45.0
mp-977444,-81.0
mp-978282,8.0
mp-978824,27.0
mp-980663,11.0
mp-981934,16.0
mp-983565,49.0
mp-985440,36.0
mp-10063,18.0
mp-1009731,150.0
mp-1009831,199.0
mp-1016886,-125.0
mp-1018085,57.0
mp-1019087,18.0
mp-1025304,69.0
mp-10343,71.0
mp-10615,24.0
mp-10666,78.0
mp-13010,36.0
mp-1522,125.0
mp-16735,61.0
mp-1914,55.0
mp-22460,5.0
mp-22947,6.0
mp-23302,6.0
mp-23471,4.0
mp-246,45.0
mp-2646,18.0
mp-30871,27.0
mp-504741,94.0
mp-551918,71.0
mp-5915,7.0
mp-603,84.0
mp-631345,-20.0
mp-631382,-36.0
mp-631395,-11.0
mp-7088,138.0
mp-7276,35.0
mp-7643,9.0
mp-775909,91.0
mp-861624,10.0
mp-863735,-94.0
mp-865899,49.0
mp-8700,15.0
mp-961708,4.0
mp-962072,3.0
mp-9731,6.0
mp-973977,34.0
mp-975521,-29.0
mp-978563,22.0
mp-985805,30.0
mp-1018087,18.0
mp-1018128,39.0
mp-1023924,7.0
mp-1025102,67.0
mp-1025282,31.0
mp-1025874,12.0
mp-12118,13.0
mp-1438,152.0
mp-14791,36.0
mp-179,7.0
mp-18850,66.0
mp-19762,14.0
mp-19816,19.0
mp-20227,33.0
mp-20338,72.0
mp-2235,47.0
mp-22609,35.0
mp-2493,76.0
mp-2534,41.0
mp-3679,51.0
mp-505782,10.0
mp-541289,30.0
mp-567749,85.0
mp-7877,55.0
mp-814,30.0
mp-863702,28.0
mp-864675,34.0
mp-864745,17.0
mp-866152,102.0
mp-9304,39.0
mp-961726,-13.0
mp-978280,19.0
mp-9916,119.0
mp-996988,7.0
mp-999337,32.0
mp-10020,71.0
mp-1007660,135.0
mp-1007823,176.0
mp-1008872,68.0
mp-1009220,5.0
mp-1009493,13.0
mp-1019089,19.0
mp-10885,35.0
mp-11327,7.0
mp-11826,49.0
mp-12100,68.0
mp-16032,33.0
mp-16745,32.0
mp-18849,36.0
mp-22027,20.0
mp-22607,17.0
mp-22977,5.0
mp-2472,56.0
mp-2695,87.0
mp-279,65.0
mp-27984,33.0
mp-28782,10.0
mp-378,67.0
mp-4738,40.0
mp-505804,50.0
mp-5305,30.0
mp-541840,44.0
mp-568636,75.0
mp-570102,77.0
mp-571264,16.0
mp-754008,26.0
mp-7568,30.0
mp-775761,7.0
mp-861884,15.0
mp-862258,41.0
mp-863703,18.0
mp-865914,94.0
mp-865998,61.0
mp-9399,18.0
mp-961713,87.0
mp-974948,-10.0
mp-975198,14.0
mp-975608,37.0
mp-976229,24.0
mp-9912,35.0
mp-996980,17.0
mp-997094,41.0
mp-1016904,68.0
mp-1025044,40.0
mp-1025274,31.0
mp-1029498,72.0
mp-11977,16.0
mp-12359,19.0
mp-12761,30.0
mp-13463,93.0
mp-19059,25.0
mp-2008,110.0
mp-20485,7.0
mp-20686,25.0
mp-21090,60.0
mp-2301,75.0
mp-30381,33.0
mp-3762,25.0
mp-38194,65.0
mp-542,18.0
mp-546152,28.0
mp-548658,14.0
mp-567903,-14.0
mp-568920,27.0
mp-570002,220.0
mp-5848,36.0
mp-6094,33.0
mp-669917,48.0
mp-7104,43.0
mp-753823,82.0
mp-7897,8.0
mp-830,104.0
mp-861594,17.0
mp-9085,25.0
mp-961712,52.0
mp-971702,21.0
mp-974810,4.0
mp-976446,65.0
mp-978502,7.0
mp-978976,57.0
mp-984082,21.0
mp-989563,10.0
mp-999355,40.0
mvc-11233,19.0
mp-1008557,177.0
mp-1009592,66.0
mp-1012551,12.0
mp-1014261,77.0
mp-10367,3.0
mp-12927,61.0
mp-13436,47.0
mp-13725,43.0
mp-1606,64.0
mp-18819,60.0
mp-21273,12.0
mp-2192,47.0
mp-2413,27.0
mp-255,6.0
mp-27396,8.0
mp-27934,4.0
mp-28049,6.0
mp-2949,40.0
mp-30672,56.0
mp-3194,64.0
mp-557938,33.0
mp-567601,23.0
mp-5948,73.0
mp-738,24.0
mp-754534,40.0
mp-755478,33.0
mp-770635,77.0
mp-862635,-44.0
mp-865151,27.0
mp-865280,124.0
mp-865465,74.0
mp-865792,61.0
mp-866014,24.0
mp-866311,29.0
mp-867172,10.0
mp-867326,115.0
mp-867348,38.0
mp-867928,78.0
mp-8799,12.0
mp-9437,81.0
mp-1008374,224.0
mp-1009483,4.0
mp-1013547,27.0
mp-1017578,107.0
mp-1023125,67.0
mp-1025237,47.0
mp-1025526,31.0
mp-1025571,2.0
mp-10445,32.0
mp-1364,24.0
mp-18105,6.0
mp-18468,114.0
mp-19156,16.0
mp-19317,50.0
mp-2510,24.0
mp-28736,10.0
mp-3021,22.0
mp-3576,77.0
mp-36884,48.0
mp-41,6.0
mp-5078,21.0
mp-5446,25.0
mp-558733,192.0
mp-560236,12.0
mp-567750,49.0
mp-568895,26.0
mp-605,6.0
mp-631523,30.0
mp-6996,100.0
mp-755544,46.0
mp-7591,38.0
mp-761341,109.0
mp-776651,71.0
mp-861935,65.0
mp-863677,22.0
mp-865178,16.0
mp-865755,23.0
mp-866121,107.0
mp-8675,-4.0
mp-971738,49.0
mp-973533,8.0
mp-976273,84.0
mp-976765,7.0
mp-977586,38.0
mp-978283,25.0
mp-980206,50.0
mp-983152,21.0
mp-997027,9.0
mp-1008528,140.0
mp-1009490,1.0
mp-1014244,79.0
mp-1018828,54.0
mp-1018936,20.0
mp-1025296,42.0
mp-10694,41.0
mp-11565,76.0
mp-11775,68.0
mp-12693,40.0
mp-13034,-104.0
mp-1416,28.0
mp-15722,175.0
mp-1602,3.0
mp-1603,33.0
mp-16764,16.0
mp-1919,53.0
mp-2014,60.0
mp-21026,17.0
mp-21468,31.0
mp-23223,2.0
mp-23807,133.0
mp-2458,80.0
mp-27768,203.0
mp-2894,43.0
mp-30465,4.0
mp-31441,21.0
mp-3161,55.0
mp-32994,102.0
mp-33322,31.0
mp-3433,56.0
mp-3539,32.0
mp-4438,77.0
mp-4536,51.0
mp-546125,67.0
mp-549490,84.0
mp-553875,76.0
mp-555056,3.0
mp-569120,57.0
mp-570963,87.0
mp-5777,55.0
mp-605027,-8.0
mp-631355,-9.0
mp-682,30.0
mp-774712,14.0
mp-7760,23.0
mp-7908,19.0
mp-862261,34.0
mp-865525,19.0
mp-865558,21.0
mp-866071,99.0
mp-867788,126.0
mp-9076,31.0
mp-9615,48.0
mp-961651,66.0
mp-961661,62.0
mp-972370,19.0
mp-972941,8.0
mp-973149,78.0
mp-989541,18.0
mp-999187,2.0
mp-1007924,21.0
mp-1008682,31.0
mp-1017987,182.0
mp-1018025,37.0
mp-1018074,27.0
mp-1025242,49.0
mp-10849,35.0
mp-1123,15.0
mp-1954,113.0
mp-19850,89.0
mp-20998,-4.0
mp-21038,41.0
mp-2130,44.0
mp-2143,-37.0
mp-22036,36.0
mp-22344,38.0
mp-22759,193.0
mp-22862,14.0
mp-22891,21.0
mp-23002,15.0
mp-23870,19.0
mp-2743,27.0
mp-2825,45.0
mp-28927,-4.0
mp-29009,12.0
mp-29456,20.0
mp-30083,21.0
mp-31144,16.0
mp-32887,12.0
mp-3442,106.0
mp-36791,29.0
mp-4881,72.0
mp-4962,75.0
mp-5076,87.0
mp-5309,8.0
mp-5556,85.0
mp-560902,30.0
mp-561258,34.0
mp-567885,63.0
mp-570172,5.0
mp-570891,7.0
mp-621131,25.0
mp-6606,102.0
mp-764949,35.0
mp-7868,31.0
mp-8605,24.0
mp-862361,64.0
mp-866067,23.0
mp-867919,71.0
mp-974253,23.0
mp-976923,73.0
mp-977117,79.0
mp-977143,33.0
mp-978796,22.0
mp-980049,8.0
mp-984702,25.0
mp-999396,62.0
mp-10054,59.0
mp-1009593,58.0
mp-1009735,234.0
mp-10110,-372.0
mp-1018028,101.0
mp-1018080,57.0
mp-1018783,60.0
mp-1096,52.0
mp-10996,28.0
mp-11514,108.0
mp-12105,8.0
mp-15954,83.0
mp-1735,-2.0
mp-18856,36.0
mp-21264,223.0
mp-21495,143.0
mp-22871,3.0
mp-25469,6.0
mp-2583,49.0
mp-28610,6.0
mp-29752,59.0
mp-30066,28.0
mp-30816,29.0
mp-30861,33.0
mp-3144,59.0
mp-3348,61.0
mp-34735,31.0
mp-4056,82.0
mp-4138,10.0
mp-5046,35.0
mp-550172,86.0
mp-553308,34.0
mp-555970,40.0
mp-568273,11.0
mp-568662,11.0
mp-7486,29.0
mp-754759,62.0
mp-754933,35.0
mp-8211,11.0
mp-862337,33.0
mp-865097,18.0
mp-865442,104.0
mp-865501,112.0
mp-865505,25.0
mp-865798,47.0
mp-867159,22.0
mp-867212,243.0
mp-972324,53.0
mp-973181,61.0
mp-975050,-6.0
mp-976010,8.0
mp-978815,23.0
mp-9813,20.0
mp-985443,2.0
mp-10003,97.0
mp-10184,35.0
mp-10469,81.0
mp-12533,89.0
mp-13314,20.0
mp-1431,141.0
mp-16363,105.0
mp-16613,72.0
mp-20683,15.0
mp-23052,15.0
mp-2340,29.0
mp-29154,86.0
mp-40251,43.0
mp-4079,83.0
mp-555166,14.0
mp-556562,8.0
mp-567181,53.0
mp-5853,121.0
mp-614603,4.0
mp-628,20.0
mp-631406,-99.0
mp-631581,-62.0
mp-676828,23.0
mp-7132,6.0
mp-715572,79.0
mp-7365,39.0
mp-7804,159.0
mp-7849,19.0
mp-861665,22.0
mp-861974,-8.0
mp-862296,134.0
mp-864612,23.0
mp-866083,116.0
mp-971694,53.0
mp-971718,11.0
mp-972353,11.0
mp-972908,13.0
mp-973024,21.0
mp-973893,16.0
mp-975427,45.0
mp-975656,27.0
mp-980058,6.0
mp-1008826,76.0
mp-11335,76.0
mp-124,23.0
mp-12659,75.0
mp-13076,182.0
mp-1388,60.0
mp-14142,51.0
mp-16491,60.0
mp-19421,54.0
mp-1971,37.0
mp-20329,31.0
mp-23037,9.0
mp-24093,33.0
mp-30395,23.0
mp-3271,101.0
mp-35208,59.0
mp-4233,17.0
mp-4789,62.0
mp-510412,103.0
mp-546679,104.0
mp-556417,9.0
mp-568961,42.0
mp-672289,91.0
mp-7381,26.0
mp-755646,19.0
mp-7576,116.0
mp-8289,7.0
mp-8373,-71.0
mp-862287,104.0
mp-867917,67.0
mp-9574,24.0
mp-961684,22.0
mp-961696,75.0
mp-974616,76.0
mp-974627,1.0
mp-9971,54.0
mp-998893,69.0
mp-999027,32.0
mp-1007760,46.0
mp-1009079,24.0
mp-1013554,38.0
mp-1025127,94.0
mp-1025339,83.0
mp-10275,10.0
mp-1029502,29.0
mp-10374,158.0
mp-11038,48.0
mp-1143,147.0
mp-11513,89.0
mp-1280,18.0
mp-13801,83.0
mp-155,24.0
mp-1935,13.0
mp-19809,86.0
mp-20007,60.0
mp-21301,49.0
mp-21521,12.0
mp-21609,34.0
mp-22315,72.0
mp-2454,79.0
mp-26,16.0
mp-27848,18.0
mp-27865,16.0
mp-406,14.0
mp-557251,4.0
mp-568446,29.0
mp-568809,17.0
mp-761315,57.0
mp-7861,-17.0
mp-861,20.0
mp-861641,97.0
mp-864762,27.0
mp-864787,32.0
mp-865116,12.0
mp-865428,75.0
mp-865879,15.0
mp-865904,123.0
mp-865986,28.0
mp-866159,62.0
mp-8672,38.0
mp-867281,175.0
mp-9075,31.0
mp-92,67.0
mp-971837,18.0
mp-973155,17.0
mp-973771,7.0
mp-974982,1.0
mp-975522,17.0
mp-976422,39.0
mp-977418,14.0
mp-979950,17.0
mp-980200,43.0
mp-982873,20.0
mp-997037,32.0
mp-997618,84.0
mp-1009459,26.0
mp-1009538,19.0
mp-1013710,7.0
mp-1018703,14.0
mp-1019266,22.0
mp-1020,153.0
mp-1021848,15.0
mp-1024987,29.0
mp-1025099,11.0
mp-1025258,57.0
mp-1025349,71.0
mp-1025503,-71.0
mp-1025550,109.0
mp-1029251,58.0
mp-11279,75.0
mp-11808,55.0
mp-12177,39.0
mp-12600,16.0
mp-1274,49.0
mp-1317,57.0
mp-1319,33.0
mp-1822,72.0
mp-19082,64.0
mp-1984,17.0
mp-21233,-13.0
mp-22154,18.0
mp-22268,108.0
mp-23245,32.0
mp-28067,21.0
mp-28339,45.0
mp-30571,7.0
mp-3489,80.0
mp-35417,92.0
mp-35909,-6.0
mp-4662,45.0
mp-542915,89.0
mp-643431,9.0
mp-754502,47.0
mp-7597,13.0
mp-8459,26.0
mp-862972,-9.0
mp-865753,22.0
mp-867177,17.0
mp-973100,1.0
mp-978842,-21.0
mp-984705,21.0
mp-989514,11.0
mp-989527,-4.0
mp-99,30.0
mvc-8365,26.0
mp-1002083,4.0
mp-1002187,52.0
mp-1009134,161.0
mp-1009770,44.0
mp-1018133,38.0
mp-1018940,28.0
mp-1022488,0.0
mp-1023923,1.0
mp-1025264,101.0
mp-10498,40.0
mp-10659,28.0
mp-11025,42.0
mp-11277,104.0
mp-11561,38.0
mp-12110,109.0
mp-12505,39.0
mp-13208,40.0
mp-1481,8.0
mp-15702,144.0
mp-19006,65.0
mp-19943,31.0
mp-20750,9.0
mp-21473,82.0
mp-22991,3.0
mp-23193,9.0
mp-2391,39.0
mp-30488,5.0
mp-309,35.0
mp-3779,9.0
mp-4001,9.0
mp-4026,36.0
mp-426,39.0
mp-546898,16.0
mp-555477,27.0
mp-569753,2.0
mp-570769,37.0
mp-574025,25.0
mp-5745,26.0
mp-862945,12.0
mp-865932,23.0
mp-866125,87.0
mp-866161,127.0
mp-972082,3.0
mp-975906,34.0
mp-975933,22.0
mp-976256,8.0
mp-985806,47.0
mp-1006883,-115.0
mp-1007992,114.0
mp-1009130,58.0
mp-1009833,-5.0
mp-1135,84.0
mp-1136,14.0
mp-11684,59.0
mp-11754,32.0
mp-1278,87.0
mp-12990,112.0
mp-15617,196.0
mp-16045,60.0
mp-1672,39.0
mp-1682,65.0
mp-1756,122.0
mp-19973,53.0
mp-2114,121.0
mp-2152,72.0
mp-22580,31.0
mp-23143,23.0
mp-24390,38.0
mp-2597,15.0
mp-27138,6.0
mp-27785,3.0
mp-32548,45.0
mp-3301,51.0
mp-3477,10.0
mp-36592,28.0
mp-505071,37.0
mp-510086,26.0
mp-534,161.0
mp-567210,18.0
mp-568388,2.0
mp-569125,16.0
mp-752928,34.0
mp-7572,48.0
mp-776896,24.0
mp-863664,25.0
mp-864906,6.0
mp-865329,28.0
mp-865870,50.0
mp-867330,95.0
mp-867924,21.0
mp-883,126.0
mp-8911,15.0
mp-9179,30.0
mp-971863,-13.0
mp-980,64.0
mp-982040,65.0
mp-999377,137.0
mp-1007666,17.0
mp-1008488,23.0
mp-1008635,11.0
mp-1009017,2.0
mp-1019360,40.0
mp-1023161,26.0
mp-1025364,59.0
mp-1025409,35.0
mp-1025552,57.0
mp-10687,18.0
mp-11470,27.0
mp-11499,23.0
mp-16052,13.0
mp-1961,40.0
mp-20275,26.0
mp-20896,58.0
mp-2098,13.0
mp-21177,20.0
mp-22498,32.0
mp-22691,6.0
mp-24834,10.0
mp-2557,53.0
mp-2800,10.0
mp-28553,34.0
mp-368,2.0
mp-4262,131.0
mp-503,35.0
mp-550,57.0
mp-559276,47.0
mp-592,107.0
mp-631473,22.0
mp-675025,91.0
mp-756094,30.0
mp-760376,24.0
mp-862855,49.0
mp-865250,78.0
mp-865788,41.0
mp-975373,10.0
mp-977550,83.0
mp-978496,100.0
mp-982387,20.0
mp-998973,69.0
mvc-15239,14.0
mp-1009135,0.0
mp-1009813,38.0
mp-1022051,22.0
mp-1039123,-2.0
mp-10405,42.0
mp-1063005,6.0
mp-11564,49.0
mp-1340,19.0
mp-1367,45.0
mp-15157,14.0
mp-16304,49.0
mp-16503,56.0
mp-16993,46.0
mp-17848,74.0
mp-19226,42.0
mp-2011,45.0
mp-21027,28.0
mp-23024,26.0
mp-2345,64.0
mp-30438,158.0
mp-3098,77.0
mp-32536,9.0
mp-331,41.0
mp-3666,83.0
mp-3923,99.0
mp-48,96.0
mp-4990,37.0
mp-504908,60.0
mp-5063,68.0
mp-530399,121.0
mp-5429,86.0
mp-555483,54.0
mp-560338,39.0
mp-604914,-5.0
mp-626689,27.0
mp-631537,-266.0
mp-644278,66.0
mp-760381,17.0
mp-774873,12.0
mp-864734,30.0
mp-864744,49.0
mp-865807,89.0
mp-865968,18.0
mp-973536,74.0
mp-974416,130.0
mp-978083,22.0
mp-989553,25.0
mp-1008280,150.0
mp-1016851,40.0
mp-1018712,57.0
mp-1019259,26.0
mp-10257,76.0
mp-10408,13.0
mp-10850,31.0
mp-11798,38.0
mp-12335,33.0
mp-16260,26.0
mp-19292,73.0
mp-19940,86.0
mp-21260,54.0
mp-23227,10.0
mp-2330,42.0
mp-30444,150.0
mp-30611,45.0
mp-30620,73.0
mp-31496,21.0
mp-35841,38.0
mp-5245,5.0
mp-540111,17.0
mp-542595,137.0
mp-565203,51.0
mp-614777,38.0
mp-672,18.0
mp-684679,71.0
mp-755071,50.0
mp-756683,60.0
mp-7595,7.0
mp-8048,69.0
mp-861875,48.0
mp-864985,80.0
mp-867822,7.0
mp-961669,2.0
mp-977435,100.0
mp-979989,20.0
mvc-12866,-6.0
mvc-3569,-5.0
mp-1008277,66.0
mp-1009237,-92.0
mp-1016825,80.0
mp-1017566,82.0
mp-1018100,28.0
mp-1018723,58.0
mp-10326,12.0
mp-10904,74.0
mp-11515,124.0
mp-11974,40.0
mp-13126,76.0
mp-13686,123.0
mp-1458,104.0
mp-15637,24.0
mp-15639,13.0
mp-15724,12.0
mp-15960,55.0
mp-16358,40.0
mp-17287,13.0
mp-1882,38.0
mp-19845,91.0
mp-20175,54.0
mp-20920,27.0
mp-2133,41.0
mp-2209,55.0
mp-22478,73.0
mp-22936,37.0
mp-24,504.0
mp-2490,52.0
mp-2580,197.0
mp-2654,22.0
mp-28171,13.0
mp-2877,75.0
mp-2958,127.0
mp-3,-2.0
mp-30044,-21.0
mp-3642,46.0
mp-3895,88.0
mp-4096,93.0
mp-417,81.0
mp-4247,13.0
mp-505531,19.0
mp-5229,110.0
mp-567666,12.0
mp-572,18.0
mp-600,-11.0
mp-600125,49.0
mp-7079,65.0
mp-7474,25.0
mp-7586,66.0
mp-866143,94.0
mp-866223,33.0
mp-950995,13.0
mp-972540,23.0
mp-973133,111.0
mp-979339,20.0
mp-9801,92.0
mp-983556,20.0
mp-10040,-5.0
mp-1008925,70.0
mp-10115,123.0
mp-1016932,67.0
mp-1039119,16.0
mp-1040472,120.0
mp-1077,168.0
mp-13008,61.0
mp-1329,22.0
mp-14226,4.0
mp-1444,16.0
mp-1589,72.0
mp-16371,48.0
mp-18816,72.0
mp-2089,10.0
mp-2676,118.0
mp-27381,5.0
mp-32311,14.0
mp-341,23.0
mp-3589,62.0
mp-40793,98.0
mp-472,7.0
mp-504691,39.0
mp-5370,58.0
mp-546711,11.0
mp-568083,81.0
mp-570713,49.0
mp-571648,5.0
mp-622497,85.0
mp-622990,-145.0
mp-631484,-15.0
mp-636320,100.0
mp-636334,55.0
mp-672356,-3.0
mp-676518,6.0
mp-6980,38.0
mp-730,117.0
mp-753799,43.0
mp-754940,26.0
mp-7942,37.0
mp-8161,30.0
mp-8431,56.0
mp-8468,18.0
mp-862871,8.0
mp-865340,31.0
mp-865506,126.0
mp-9194,37.0
mp-972659,72.0
mp-974370,124.0
mp-976411,1.0
mp-999390,75.0
mp-1008805,203.0
mp-1017542,110.0
mp-1018809,17.0
mp-1019362,28.0
mp-1039198,8.0
mp-1059,20.0
mp-10740,44.0
mp-11284,41.0
mp-11725,2.0
mp-12527,14.0
mp-12703,30.0
mp-12962,58.0
mp-14168,11.0
mp-1549,65.0
mp-18093,82.0
mp-19830,132.0
mp-21910,9.0
mp-230,55.0
mp-23047,32.0
mp-23562,11.0
mp-24150,86.0
mp-2420,117.0
mp-24201,-343.0
mp-24659,58.0
mp-2488,79.0
mp-2767,72.0
mp-27678,12.0
mp-27705,26.0
mp-2812,68.0
mp-2917,76.0
mp-29816,12.0
mp-30160,1.0
mp-30423,30.0
mp-30610,25.0
mp-3822,30.0
mp-4180,48.0
mp-561317,20.0
mp-601,49.0
mp-616440,522.0
mp-616559,85.0
mp-631489,-139.0
mp-69,23.0
mp-7700,31.0
mp-8311,61.0
mp-834,88.0
mp-864915,2.0
mp-865029,-8.0
mp-866024,35.0
mp-9571,36.0
mp-972808,19.0
mp-973143,33.0
mp-973561,5.0
mp-977541,87.0
mp-978846,5.0
mp-990440,51.0
mp-997082,21.0
mp-10102,14.0
mp-1013564,17.0
mp-1017515,76.0
mp-10437,21.0
mp-1118,64.0
mp-12762,115.0
mp-13536,33.0
mp-1949,61.0
mp-19921,5.0
mp-22232,11.0
mp-22276,22.0
mp-22389,55.0
mp-22434,125.0
mp-2258,47.0
mp-23288,1.0
mp-27693,151.0
mp-28166,13.0
mp-3078,31.0
mp-30798,82.0
mp-3336,79.0
mp-4720,77.0
mp-541196,112.0
mp-542090,29.0
mp-546,60.0
mp-546910,-30.0
mp-558674,30.0
mp-569600,29.0
mp-582011,16.0
mp-5921,54.0
mp-7066,63.0
mp-7771,28.0
mp-8285,48.0
mp-863672,25.0
mp-866131,20.0
mp-88,24.0
mp-9490,12.0
mp-959,39.0
mp-976220,5.0
mp-977455,45.0
mp-999495,9.0
mp-1009006,5.0
mp-1078600,21.0
mp-10931,57.0
mp-11549,76.0
mp-12581,10.0
mp-15635,-1.0
mp-1634,14.0
mp-19091,137.0
mp-20311,13.0
mp-20344,68.0
mp-21890,39.0
mp-27827,5.0
mp-2879,74.0
mp-30595,65.0
mp-31379,34.0
mp-4230,82.0
mp-546621,36.0
mp-557259,3.0
mp-567454,35.0
mp-568258,326.0
mp-568556,197.0
mp-631404,5.0
mp-631536,2.0
mp-675766,8.0
mp-6794,55.0
mp-697096,13.0
mp-7191,38.0
mp-754213,64.0
mp-8409,50.0
mp-849388,80.0
mp-861900,20.0
mp-865320,49.0
mp-867262,91.0
mp-966,14.0
mp-972640,26.0
mp-973920,78.0
mp-977408,93.0
mp-978555,23.0
mp-998970,44.0
mp-999200,46.0
mp-1007824,23.0
mp-1019584,70.0
mp-1025437,28.0
mp-1052,24.0
mp-11342,9.0
mp-11540,1.0
mp-1203,106.0
mp-12892,87.0
mp-15252,33.0
mp-19051,-10.0
mp-20197,116.0
mp-20874,103.0
mp-2116,49.0
mp-22152,32.0
mp-2358,49.0
mp-2693,29.0
mp-27418,16.0
mp-27718,15.0
mp-27850,20.0
mp-30062,5.0
mp-30501,33.0
mp-3507,48.0
mp-4836,17.0
mp-504677,39.0
mp-550437,21.0
mp-552934,14.0
mp-561830,8.0
mp-567636,62.0
mp-570437,3.0
mp-570452,45.0
mp-754475,27.0
mp-861909,61.0
mp-864791,20.0
mp-865113,17.0
mp-865159,39.0
mp-865710,-1.0
mp-865716,14.0
mp-865801,42.0
mp-866196,28.0
mp-867235,34.0
mp-961659,62.0
mp-989521,2.0
mp-989551,8.0
mp-1008813,-43.0
mp-1016843,5.0
mp-1019108,41.0
mp-1020059,86.0
mp-10201,135.0
mp-10435,40.0
mp-10893,-29.0
mp-11107,35.0
mp-11178,65.0
mp-14019,111.0
mp-14622,6.0
mp-16526,58.0
mp-19141,17.0
mp-19414,13.0
mp-2019,-60.0
mp-21479,49.0
mp-22631,88.0
mp-24650,58.0
mp-282,55.0
mp-29152,78.0
mp-30315,33.0
mp-4563,83.0
mp-468,62.0
mp-510557,7.0
mp-5380,43.0
mp-556004,24.0
mp-568687,63.0
mp-569376,125.0
mp-6065,93.0
mp-676586,17.0
mp-7761,18.0
mp-7885,28.0
mp-809,41.0
mp-811,63.0
mp-8290,20.0
mp-862366,31.0
mp-862705,109.0
mp-862814,40.0
mp-862890,10.0
mp-865167,14.0
mp-866104,10.0
mp-867249,137.0
mp-867748,79.0
mp-867887,32.0
mp-867894,31.0
mp-8884,22.0
mp-921,62.0
mp-947,12.0
mp-971752,72.0
mp-971859,-5.0
mp-977396,47.0
mp-978504,103.0
mp-984717,78.0
mp-9964,47.0
mp-1,0.0
mp-1002184,-60.0
mp-1008901,13.0
mp-1016849,47.0
mp-1016854,72.0
mp-1018022,26.0
mp-1157,76.0
mp-11697,73.0
mp-119,138.0
mp-12782,43.0
mp-128,38.0
mp-21206,99.0
mp-23309,4.0
mp-2624,30.0
mp-2662,130.0
mp-28233,5.0
mp-29153,83.0
mp-29771,29.0
mp-30079,4.0
mp-3982,19.0
mp-4013,80.0
mp-402,28.0
mp-4448,63.0
mp-4466,72.0
mp-4573,18.0
mp-510436,35.0
mp-570099,2.0
mp-571133,13.0
mp-601848,98.0
mp-631318,-11.0
mp-631554,-93.0
mp-669546,64.0
mp-696128,9.0
mp-7140,185.0
mp-7755,31.0
mp-8623,10.0
mp-862662,29.0
mp-862714,684.0
mp-864611,21.0
mp-971922,36.0
mp-972899,43.0
mp-973256,20.0
mp-973841,30.0
mp-976017,11.0
mp-977424,29.0
mp-9810,7.0
mp-9942,56.0
mvc-14629,63.0
mp-10064,-33.0
mp-1029756,12.0
mp-10300,114.0
mp-10525,-18.0
mp-11192,142.0
mp-1229,21.0
mp-21163,42.0
mp-23056,27.0
mp-24161,-12.0
mp-24728,91.0
mp-2670,43.0
mp-27630,6.0
mp-27632,7.0
mp-3388,75.0
mp-3963,11.0
mp-557686,32.0
mp-568695,26.0
mp-568823,19.0
mp-568891,-8.0
mp-569149,8.0
mp-569875,96.0
mp-631335,38.0
mp-642659,54.0
mp-754672,24.0
mp-7596,109.0
mp-7644,63.0
mp-862631,17.0
mp-864995,40.0
mp-865011,99.0
mp-865019,89.0
mp-865321,61.0
mp-8861,21.0
mp-8880,46.0
mp-9517,50.0
mp-975159,-15.0
mp-975822,26.0
mp-978988,22.0
mp-9814,21.0
mp-982558,61.0
mvc-15694,19.0
mp-1008903,16.0
mp-1010953,12.0
mp-1013719,10.0
mp-1022732,26.0
mp-10739,103.0
mp-113,142.0
mp-1748,34.0
mp-19765,12.0
mp-1990,27.0
mp-21008,84.0
mp-22693,13.0
mp-22992,13.0
mp-23703,43.0
mp-2515,97.0
mp-27927,74.0
mp-28302,9.0
mp-300,64.0
mp-30181,59.0
mp-30506,29.0
mp-30850,90.0
mp-31328,28.0
mp-3519,50.0
mp-3988,31.0
mp-4019,101.0
mp-4195,48.0
mp-4748,86.0
mp-504600,8.0
mp-5386,88.0
mp-557569,53.0
mp-560203,42.0
mp-569089,99.0
mp-579496,100.0
mp-7121,41.0
mp-783905,33.0
mp-8085,39.0
mp-861617,20.0
mp-862821,15.0
mp-863655,20.0
mp-865041,-3429.0
mp-865665,123.0
mp-865992,56.0
mp-867869,27.0
mp-9592,35.0
mp-962065,23.0
mp-972892,-2.0
mp-976763,55.0
mp-977200,5.0
mp-977416,32.0
mp-978489,156.0
mp-999204,64.0
mp-1008911,33.0
mp-1019100,48.0
mp-1021327,14.0
mp-10752,27.0
mp-10930,55.0
mp-1108,200.0
mp-12067,-32.0
mp-13092,51.0
mp-1581,8.0
mp-19231,14.0
mp-20136,13.0
mp-21382,44.0
mp-2154,51.0
mp-23141,35.0
mp-23154,3.0
mp-2578,23.0
mp-28145,6.0
mp-29151,27.0
mp-30454,42.0
mp-31900,41.0
mp-33551,64.0
mp-419,90.0
mp-4842,45.0
mp-5339,8.0
mp-567856,58.0
mp-571011,2.0
mp-5821,34.0
mp-754596,8.0
mp-7608,44.0
mp-764648,92.0
mp-7812,25.0
mp-781625,73.0
mp-862446,131.0
mp-864806,10.0
mp-865499,129.0
mp-865924,11.0
mp-867800,17.0
mp-867897,101.0
mp-972653,19.0
mp-982780,2.0
mp-9884,8.0
mp-995122,16.0
mp-999201,19.0
mvc-4415,61.0
mvc-5884,27.0
mp-1002209,-338.0
mp-1019380,150.0
mp-1099,62.0
mp-1180,92.0
mp-12765,41.0
mp-1561,27.0
mp-15845,29.0
mp-16496,93.0
mp-17892,50.0
mp-19790,3.0
mp-20943,10.0
mp-21481,20.0
mp-2242,17.0
mp-24066,18.0
mp-28627,9.0
mp-29135,67.0
mp-29868,25.0
mp-3190,79.0
mp-3759,93.0
mp-4860,57.0
mp-5127,32.0
mp-5292,56.0
mp-545482,11.0
mp-567276,39.0
mp-569548,4.0
mp-5773,40.0
mp-604908,10.0
mp-631509,-17.0
mp-634751,34.0
mp-6879,34.0
mp-7349,50.0
mp-754218,25.0
mp-768241,49.0
mp-770997,51.0
mp-8181,65.0
mp-8231,84.0
mp-863715,28.0
mp-865813,21.0
mp-865952,1.0
mp-867979,8.0
mp-961691,-43.0
mp-977375,2.0
mp-9778,11.0
mp-983425,27.0
mp-984523,4.0
mp-985585,38.0
mp-996995,38.0
mp-10008,-10.0
mp-1008284,200.0
mp-1008999,38.0
mp-1009458,79.0
mp-1011375,48.0
mp-1016442,8.0
mp-1017629,40.0
mp-1018683,30.0
mp-10250,42.0
mp-1158,51.0
mp-11801,5.0
mp-1335,61.0
mp-1667,51.0
mp-1808,36.0
mp-19219,33.0
mp-2001,18.0
mp-21847,26.0
mp-22463,42.0
mp-30599,48.0
mp-31080,63.0
mp-4022,95.0
mp-4664,14.0
mp-634381,22.0
mp-644483,25.0
mp-644751,215.0
mp-752927,27.0
mp-755144,36.0
mp-779328,22.0
mp-8136,63.0
mp-861646,15.0
mp-861653,30.0
mp-862563,45.0
mp-863707,11.0
mp-865023,92.0
mp-865537,78.0
mp-867157,19.0
mp-867273,74.0
mp-867361,19.0
mp-867978,37.0
mp-8995,9.0
mp-903,56.0
mp-962070,-7.0
mp-972069,63.0
mp-979421,33.0
mp-982664,11.0
mp-9850,43.0
mvc-11224,66.0
mp-10009,22.0
mp-1007657,86.0
mp-1018635,19.0
mp-1018728,30.0
mp-1025208,20.0
mp-1029536,69.0
mp-11029,60.0
mp-15963,95.0
mp-1725,24.0
mp-1784,10.0
mp-18337,186.0
mp-18852,27.0
mp-19384,81.0
mp-19716,56.0
mp-20025,23.0
mp-20523,48.0
mp-21202,22.0
mp-27731,34.0
mp-30591,30.0
mp-31442,0.0
mp-3849,9.0
mp-4156,59.0
mp-559931,31.0
mp-565,46.0
mp-567510,18.0
mp-567589,62.0
mp-5690,80.0
mp-570155,166.0
mp-571188,25.0
mp-580226,2.0
mp-626794,5.0
mp-627380,10.0
mp-6326,45.0
mp-634431,10.0
mp-642363,299.0
mp-755877,45.0
mp-8126,59.0
mp-8267,1.0
mp-862898,10.0
mp-8634,131.0
mp-989460,0.0
mp-1001831,25.0
mp-1007974,99.0
mp-1008530,85.0
mp-1008726,-12.0
mp-1009878,-164.0
mp-1025478,27.0
mp-10675,45.0
mp-11539,55.0
mp-13071,51.0
mp-13431,32.0
mp-16566,20.0
mp-1794,158.0
mp-1871,101.0
mp-18807,22.0
mp-20202,49.0
mp-2025,120.0
mp-20761,36.0
mp-20790,11.0
mp-20932,98.0
mp-21028,12.0
mp-21201,42.0
mp-22346,39.0
mp-22648,25.0
mp-22872,1.0
mp-23138,35.0
mp-24722,67.0
mp-2688,37.0
mp-27666,2.0
mp-30582,6.0
mp-3163,90.0
mp-3448,42.0
mp-361,8.0
mp-3834,92.0
mp-398,36.0
mp-4964,47.0
mp-539,23.0
mp-570677,18.0
mp-583,80.0
mp-674334,42.0
mp-684673,-52.0
mp-7142,74.0
mp-754134,96.0
mp-754185,28.0
mp-755769,46.0
mp-8435,18.0
mp-8487,35.0
mp-862360,48.0
mp-864945,89.0
mp-864997,37.0
mp-865434,71.0
mp-867263,16.0
mp-972767,-8.0
mp-975207,20.0
mp-975346,48.0
mp-977283,100.0
mp-977367,33.0
mp-977554,29.0
mp-999296,43.0
mp-1009008,28.0
mp-1009746,11.0
mp-10711,147.0
mp-13949,17.0
mp-1571,49.0
mp-16730,-23.0
mp-16765,18.0
mp-1876,5.0
mp-20228,21.0
mp-20608,24.0
mp-22522,84.0
mp-27257,1.0
mp-30337,98.0
mp-30358,28.0
mp-30408,31.0
mp-30797,43.0
mp-33880,15.0
mp-36329,47.0
mp-37381,61.0
mp-5170,62.0
mp-541014,4.0
mp-549720,8.0
mp-551758,30.0
mp-560340,49.0
mp-569360,4.0
mp-571039,27.0
mp-604313,-9.0
mp-628606,4.0
mp-631377,218.0
mp-631543,46.0
mp-7523,38.0
mp-7936,57.0
mp-7951,27.0
mp-846,67.0
mp-862424,54.0
mp-864930,79.0
mp-864992,88.0
mp-865138,87.0
mp-867252,35.0
mp-867985,17.0
mp-8948,38.0
mp-9514,91.0
mp-961679,-0.0
mp-9665,7.0
mp-971761,-42.0
mp-973633,63.0
mp-980392,23.0
mp-997025,12.0
mp-9986,9.0
mp-1002227,-1.0
mp-1008653,11.0
mp-1025390,55.0
mp-1025421,24.0
mp-1077723,38.0
mp-12647,54.0
mp-12665,32.0
mp-15659,27.0
mp-1566,63.0
mp-17413,71.0
mp-1746,56.0
mp-19094,119.0
mp-195,70.0
mp-19928,47.0
mp-20298,21.0
mp-22749,112.0
mp-29145,4.0
mp-29733,33.0
mp-4104,61.0
mp-4732,75.0
mp-549970,50.0
mp-556546,24.0
mp-571599,20.0
mp-7092,99.0
mp-7173,53.0
mp-7457,8.0
mp-753192,36.0
mp-769111,36.0
mp-771055,90.0
mp-861993,21.0
mp-865149,31.0
mp-865615,93.0
mp-867828,71.0
mp-867837,101.0
mp-924129,73.0
mp-952566,18.0
mp-972323,108.0
mp-974060,-16.0
mp-974738,6.0
mp-975640,48.0
mp-975909,25.0
mp-977403,23.0
mp-982739,52.0
mp-985302,14.0
mp-1002574,25.0
mp-1008924,30.0
mp-1009650,3.0
mp-1009747,-30.0
mp-1018690,59.0
mp-10214,50.0
mp-10440,60.0
mp-10623,43.0
mp-10760,41.0
mp-10785,24.0
mp-1139,133.0
mp-11496,35.0
mp-14099,25.0
mp-19376,62.0
mp-19789,187.0
mp-20425,82.0
mp-22817,23.0
mp-23487,13.0
mp-29056,40.0
mp-30352,21.0
mp-35869,149.0
mp-36800,175.0
mp-37879,29.0
mp-3854,76.0
mp-4415,71.0
mp-4913,28.0
mp-5219,84.0
mp-570213,21.0
mp-753,28.0
mp-754322,55.0
mp-755651,37.0
mp-762,14.0
mp-7692,175.0
mp-775331,93.0
mp-7857,190.0
mp-8539,16.0
mp-862378,48.0
mp-862711,31.0
mp-8637,-29.0
mp-866146,28.0
mp-867847,-12.0
mp-972526,19.0
mp-977425,94.0
mp-982595,-3.0
mp-1007664,37.0
mp-1008752,20.0
mp-1009218,13.0
mp-10163,5.0
mp-1029660,41.0
mp-10322,44.0
mp-10597,28.0
mp-10857,124.0
mp-11147,18.0
mp-12063,38.0
mp-129,124.0
mp-13548,5.0
mp-18817,42.0
mp-21200,45.0
mp-22367,22.0
mp-22626,3.0
mp-23710,35.0
mp-2630,8.0
mp-2691,15.0
mp-3744,97.0
mp-542640,54.0
mp-554573,33.0
mp-555934,35.0
mp-567458,100.0
mp-569157,1.0
mp-571467,12.0
mp-672265,54.0
mp-690544,74.0
mp-7426,29.0
mp-753781,107.0
mp-7632,95.0
mp-862492,17.0
mp-862555,33.0
mp-865587,36.0
mp-865731,13.0
mp-866189,30.0
mp-8752,13.0
mp-8804,67.0
mp-9060,24.0
mp-9254,5.0
mp-9486,14.0
mp-962069,-3.0
mp-973432,37.0
mp-973865,55.0
mp-974063,48.0
mp-976082,114.0
mp-976129,23.0
mp-9768,24.0
mp-979074,29.0
mp-9880,140.0
mp-989590,47.0
mp-9960,64.0
mp-1008642,99.0
mp-1019,47.0
mp-1025263,55.0
mp-12008,51.0
mp-12985,64.0
mp-14092,17.0
mp-1716,104.0
mp-19862,22.0
mp-20439,42.0
mp-20618,61.0
mp-20627,50.0
mp-22435,62.0
mp-2665,11.0
mp-27214,8.0
mp-27976,5.0
mp-291,134.0
mp-339,39.0
mp-4630,47.0
mp-684692,4.0
mp-7377,20.0
mp-760415,13.0
mp-774155,63.0
mp-861954,66.0
mp-865669,86.0
mp-866175,13.0
mp-972914,31.0
mp-973824,17.0
mp-975364,38.0
mp-977380,28.0
mp-978568,91.0
mp-1003485,57.0
mp-1009834,122.0
mp-1013526,14.0
mp-1023127,44.0
mp-1025293,53.0
mp-1038975,-2.0
mp-10528,58.0
mp-10749,34.0
mp-11594,96.0
mp-11658,22.0
mp-1210,36.0
mp-12666,78.0
mp-12953,18.0
mp-14763,51.0
mp-15799,156.0
mp-15986,65.0
mp-16516,54.0
mp-2283,44.0
mp-27953,88.0
mp-29243,25.0
mp-3329,47.0
mp-37906,84.0
mp-4287,50.0
mp-4321,70.0
mp-510409,104.0
mp-559691,53.0
mp-568940,85.0
mp-569128,129.0
mp-570418,3.0
mp-625,51.0
mp-631398,317.0
mp-631497,-9.0
mp-7000,44.0
mp-861481,21.0
mp-862340,46.0
mp-862673,29.0
mp-865160,80.0
mp-865433,21.0
mp-865795,33.0
mp-867780,83.0
mp-971799,24.0
mp-973564,-51.0
mp-976870,37.0
mp-977011,5.0
mp-978513,19.0
mp-981368,-104.0
mp-999126,30.0
mp-1007690,22.0
mp-1008727,-11.0
mp-1019255,27.0
mp-10652,37.0
mp-1087,32.0
mp-10952,29.0
mp-11073,56.0
mp-11520,55.0
mp-11555,9.0
mp-11870,39.0
mp-12523,48.0
mp-18750,59.0
mp-20369,34.0
mp-21104,47.0
mp-21445,35.0
mp-22345,5.0
mp-23317,1.0
mp-2723,104.0
mp-27421,6.0
mp-28376,12.0
mp-29585,8.0
mp-30658,30.0
mp-3207,36.0
mp-381,105.0
mp-4072,81.0
mp-510403,33.0
mp-5372,7.0
mp-567164,101.0
mp-568232,56.0
mp-568436,38.0
mp-570791,187.0
mp-578,19.0
mp-7240,24.0
mp-729,154.0
mp-7707,82.0
mp-8045,93.0
mp-8377,19.0
mp-865957,12.0
mp-867744,88.0
mp-961658,52.0
mp-971720,-16.0
mp-973396,-47.0
mp-979026,26.0
mp-982869,34.0
mp-999269,16.0
mp-1008965,3.0
mp-1018752,26.0
mp-1029420,22.0
mp-10379,74.0
mp-10777,19.0
mp-11566,40.0
mp-12903,20.0
mp-1296,56.0
mp-1535,-27.0
mp-19328,77.0
mp-20735,37.0
mp-2077,20.0
mp-22537,9.0
mp-2542,156.0
mp-2649,4.0
mp-30341,31.0
mp-3047,-4.0
mp-317,54.0
mp-3700,31.0
mp-42,59.0
mp-4364,79.0
mp-4992,133.0
mp-510536,89.0
mp-561598,18.0
mp-567540,13.0
mp-568718,80.0
mp-579718,11.0
mp-7247,45.0
mp-7302,100.0
mp-756630,113.0
mp-776205,81.0
mp-861878,13.0
mp-864884,19.0
mp-864924,22.0
mp-865032,78.0
mp-865098,16.0
mp-866160,32.0
mp-867876,15.0
mp-877,27.0
mp-961727,-16.0
mp-972861,39.0
mp-977442,22.0
mp-997054,20.0
mvc-14047,16.0
mp-10078,34.0
mp-1008282,83.0
mp-1008349,105.0
mp-1017539,11.0
mp-1018033,39.0
mp-1025346,60.0
mp-11385,68.0
mp-11501,93.0
mp-11820,5.0
mp-1215,106.0
mp-13396,48.0
mp-13983,25.0
mp-20049,51.0
mp-20892,119.0
mp-22514,45.0
mp-22790,84.0
mp-23237,31.0
mp-23505,7.0
mp-23684,11.0
mp-28323,12.0
mp-31171,26.0
mp-31363,6.0
mp-3513,65.0
mp-37514,63.0
mp-38280,123.0
mp-38843,110.0
mp-5326,81.0
mp-56,4.0
mp-568991,133.0
mp-570430,94.0
mp-5934,56.0
mp-607371,157.0
mp-770649,64.0
mp-773044,16.0
mp-7916,92.0
mp-7988,2.0
mp-8278,38.0
mp-8402,42.0
mp-861933,-6.0
mp-862756,43.0
mp-862974,-23.0
mp-865209,87.0
mp-865521,2.0
mp-867257,21.0
mp-961656,55.0
mp-972528,23.0
mp-972949,23.0
mp-972954,17.0
mp-978089,23.0
mp-978596,58.0
mp-983237,-6.0
mp-983509,5.0
mp-983555,31.0
mp-985278,33.0
mp-1002181,-46.0
mp-1009009,-5.0
mp-10120,-9.0
mp-1018142,17.0
mp-10213,26.0
mp-10911,67.0
mp-11517,128.0
mp-1211,30.0
mp-1249,52.0
mp-13365,19.0
mp-1393,11.0
mp-1447,27.0
mp-1804,96.0
mp-20590,22.0
mp-20901,38.0
mp-21164,19.0
mp-213,22.0
mp-22782,-26.0
mp-23178,0.0
mp-27294,30.0
mp-27971,14.0
mp-28264,12.0
mp-28810,6.0
mp-31467,49.0
mp-4883,56.0
mp-559435,47.0
mp-569683,16.0
mp-614185,3.0
mp-631319,-31.0
mp-631383,25.0
mp-631467,-101.0
mp-631535,38.0
mp-684663,-15.0
mp-685097,106.0
mp-697126,41.0
mp-763099,74.0
mp-861901,33.0
mp-861931,84.0
mp-865756,-3.0
mp-865985,43.0
mp-867131,25.0
mp-973646,26.0
mp-975176,8.0
mp-977430,79.0
mp-978281,25.0
mp-982724,18.0
mp-985283,12.0
mp-9922,12.0
mp-999298,42.0
mp-10026,33.0
mp-1013714,10.0
mp-1016879,106.0
mp-1022517,16.0
mp-1025335,61.0
mp-1029422,53.0
mp-10871,-21.0
mp-11202,35.0
mp-11393,97.0
mp-12700,100.0
mp-12972,59.0
mp-13074,45.0
mp-13311,35.0
mp-136,185.0
mp-13907,19.0
mp-13911,19.0
mp-143,31.0
mp-1451,77.0
mp-1479,162.0
mp-15322,76.0
mp-1654,40.0
mp-1814,13.0
mp-18257,92.0
mp-19851,25.0
mp-20352,38.0
mp-20479,27.0
mp-21347,178.0
mp-22304,13.0
mp-2484,10.0
mp-28872,9.0
mp-2927,8.0
mp-29889,6.0
mp-30183,84.0
mp-30592,23.0
mp-3494,50.0
mp-362,56.0
mp-3623,104.0
mp-3829,23.0
mp-415,206.0
mp-464,25.0
mp-4728,26.0
mp-4744,40.0
mp-4904,79.0
mp-547271,124.0
mp-5503,72.0
mp-554822,35.0
mp-571343,26.0
mp-580287,23.0
mp-5982,48.0
mp-606604,12.0
mp-634965,73.0
mp-639874,54.0
mp-755690,89.0
mp-7851,125.0
mp-8180,25.0
mp-864647,141.0
mp-864654,57.0
mp-865717,117.0
mp-866165,48.0
mp-961694,-20.0
mp-962075,10.0
mp-977589,24.0
mp-1018048,77.0
mp-1018123,-17.0
mp-1025372,74.0
mp-11563,300.0
mp-11919,67.0
mp-1523,80.0
mp-20211,99.0
mp-20724,20.0
mp-215,29.0
mp-2182,44.0
mp-2348,45.0
mp-2802,97.0
mp-30403,41.0
mp-30621,100.0
mp-333,82.0
mp-33526,32.0
mp-3574,45.0
mp-38035,22.0
mp-4793,12.0
mp-5012,51.0
mp-510417,48.0
mp-510421,5.0
mp-5193,36.0
mp-522,28.0
mp-5244,71.0
mp-5348,63.0
mp-551830,102.0
mp-567630,17.0
mp-571491,58.0
mp-6669,39.0
mp-672698,-2.0
mp-675477,18.0
mp-7480,53.0
mp-755313,81.0
mp-776320,11.0
mp-793,28.0
mp-8236,31.0
mp-862872,7.0
mp-864955,97.0
mp-864990,127.0
mp-865000,170.0
mp-9387,50.0
mp-945184,21.0
mp-9631,60.0
mp-972103,74.0
mp-974617,-9.0
mp-977273,85.0
mp-982246,7.0
mp-989570,16.0
mp-997042,8.0
mp-1018902,35.0
mp-1025246,127.0
mp-10709,-230.0
mp-10847,47.0
mp-11833,69.0
mp-1185,157.0
mp-12674,30.0
mp-13200,54.0
mp-13570,46.0
mp-1778,130.0
mp-18966,42.0
mp-20418,73.0
mp-20605,12.0
mp-20619,57.0
mp-20745,10.0
mp-21873,54.0
mp-22687,20.0
mp-23171,28.0
mp-2463,50.0
mp-2729,42.0
mp-27608,111.0
mp-28929,5.0
mp-30426,18.0
mp-3349,83.0
mp-33581,93.0
mp-3896,63.0
mp-4076,56.0
mp-438,35.0
mp-449,103.0
mp-505259,38.0
mp-5163,58.0
mp-557257,34.0
mp-560562,13.0
mp-569516,86.0
mp-570744,39.0
mp-604516,34.0
mp-631420,19.0
mp-7339,30.0
mp-754808,75.0
mp-754978,25.0
mp-755570,20.0
mp-774092,17.0
mp-8053,30.0
mp-8320,45.0
mp-849060,8.0
mp-8579,20.0
mp-865230,52.0
mp-961692,-229.0
mp-969,41.0
mp-975518,22.0
mp-989192,37.0
mp-995147,-56.0
mp-999096,49.0
mp-1010,240.0
mp-1014212,39.0
mp-1014265,88.0
mp-1016930,89.0
mp-10270,99.0
mp-11523,11.0
mp-11873,49.0
mp-12982,85.0
mp-15318,18.0
mp-1541,43.0
mp-15694,54.0
mp-16481,58.0
mp-18875,70.0
mp-19814,54.0
mp-20937,169.0
mp-22306,57.0
mp-23282,3.0
mp-27246,7.0
mp-2748,43.0
mp-29342,25.0
mp-3289,43.0
mp-3595,42.0
mp-4206,54.0
mp-4820,96.0
mp-540284,29.0
mp-5436,90.0
mp-560865,15.0
mp-567097,36.0
mp-571342,69.0
mp-571555,5.0
mp-5756,28.0
mp-5798,105.0
mp-623646,-3.0
mp-631495,16.0
mp-642750,72.0
mp-672337,11.0
mp-672340,40.0
mp-675634,18.0
mp-680580,25.0
mp-7569,13.0
mp-7575,85.0
mp-861667,45.0
mp-864780,22.0
mp-864903,87.0
mp-865578,24.0
mp-972882,25.0
mp-972966,37.0
mp-974642,72.0
mp-975222,-0.0
mp-996960,8.0
mp-999274,12.0
mp-11329,113.0
mp-11350,56.0
mp-11359,37.0
mp-12071,47.0
mp-20233,14.0
mp-2552,96.0
mp-27455,2.0
mp-30312,40.0
mp-37091,14.0
mp-4495,10.0
mp-5427,63.0
mp-553248,48.0
mp-568555,99.0
mp-570287,114.0
mp-7582,14.0
mp-762268,54.0
mp-768358,60.0
mp-7930,75.0
mp-864961,20.0
mp-865002,36.0
mp-865444,36.0
mp-867243,46.0
mp-9325,32.0
mp-972957,79.0
mp-975053,115.0
mp-976872,49.0
mp-977057,29.0
mp-980006,6.0
mp-980068,25.0
mp-985439,32.0
mp-998,40.0
mp-1002228,-57.0
mp-1016108,55.0
mp-1017000,78.0
mp-1025799,14.0
mp-1039,12.0
mp-12614,12.0
mp-13,74.0
mp-250,13.0
mp-27304,7.0
mp-27691,6.0
mp-3173,40.0
mp-3455,85.0
mp-4930,94.0
mp-5104,22.0
mp-510404,37.0
mp-510441,37.0
mp-551873,29.0
mp-553896,13.0
mp-567981,79.0
mp-569526,5.0
mp-5928,22.0
mp-714885,92.0
mp-718,52.0
mp-752415,57.0
mp-7631,187.0
mp-776083,17.0
mp-776165,56.0
mp-7821,51.0
mp-7859,44.0
mp-861896,14.0
mp-862549,2.0
mp-862761,10.0
mp-863727,62.0
mp-864599,19.0
mp-864610,27.0
mp-864770,129.0
mp-865107,2.0
mp-865125,78.0
mp-865248,74.0
mp-865664,146.0
mp-866073,54.0
mp-866075,185.0
mp-951,44.0
mp-973571,29.0
mp-975292,100.0
mp-975390,5.0
mp-1001834,77.0
mp-1009206,-49.0
mp-1013555,40.0
mp-1025378,35.0
mp-1032,178.0
mp-10953,23.0
mp-12061,71.0
mp-12657,88.0
mp-13089,20.0
mp-1557,30.0
mp-16336,93.0
mp-20438,38.0
mp-20801,-3.0
mp-21413,26.0
mp-2206,34.0
mp-22961,15.0
mp-23253,2.0
mp-23301,-13.0
mp-2838,91.0
mp-4840,28.0
mp-4936,10.0
mp-558411,86.0
mp-568505,77.0
mp-754084,11.0
mp-8310,41.0
mp-8426,8.0
mp-862318,59.0
mp-865402,47.0
mp-866291,3.0
mp-867775,87.0
mp-867821,89.0
mp-867838,179.0
mp-8724,15.0
mp-9158,40.0
mp-973622,5.0
mp-973636,40.0
mp-973652,49.0
mp-973785,-3.0
mp-975236,69.0
mp-976588,36.0
mp-977,18.0
mp-977230,12.0
mp-977239,5.0
mp-979934,23.0
mp-981336,-11.0
mp-982557,46.0
mp-983603,35.0
mp-985554,14.0
mp-9873,37.0
mp-999294,41.0
mp-1018702,26.0
mp-1058,18.0
mp-10969,25.0
mp-11259,39.0
mp-1261,23.0
mp-13449,35.0
mp-15965,88.0
mp-2,43.0
mp-20350,57.0
mp-20457,49.0
mp-21158,40.0
mp-248,89.0
mp-2509,70.0
mp-2744,33.0
mp-28568,9.0
mp-29647,30.0
mp-4236,33.0
mp-4756,23.0
mp-4878,68.0
mp-556777,41.0
mp-557837,30.0
mp-560936,27.0
mp-568536,7.0
mp-571172,35.0
mp-571339,34.0
mp-5767,61.0
mp-675926,4.0
mp-7080,47.0
mp-7781,37.0
mp-7917,74.0
mp-812,65.0
mp-865093,50.0
mp-866287,17.0
mp-867899,27.0
mp-886,69.0
mp-974417,44.0
mp-975347,66.0
mp-978270,35.0
mp-979176,25.0
mp-979436,-37.0
mp-997085,45.0
mp-998908,85.0
mp-999002,1446.0
mp-1007656,86.0
mp-1016601,28.0
mp-1018751,33.0
mp-1128,87.0
mp-11546,-115.0
mp-11687,17.0
mp-140,6.0
mp-16755,11.0
mp-20868,137.0
mp-22958,10.0
mp-23210,6.0
mp-23297,4.0
mp-31380,27.0
mp-3397,29.0
mp-4252,11.0
mp-4798,138.0
mp-510691,63.0
mp-5238,36.0
mp-540783,3.0
mp-545344,18.0
mp-567345,57.0
mp-569385,55.0
mp-754363,60.0
mp-7655,36.0
mp-7881,8.0
mp-8102,97.0
mp-8401,36.0
mp-864602,19.0
mp-865194,38.0
mp-865516,44.0
mp-866001,123.0
mp-867310,33.0
mp-8969,69.0
mp-9463,73.0
mp-960,153.0
mp-971853,-16.0
mp-975797,23.0
mp-976185,35.0
mp-976283,-5.0
mp-978273,15.0
mp-9843,30.0
mp-9939,93.0
mp-9954,66.0
mp-1006882,10.0
mp-1008568,48.0
mp-1020011,70.0
mp-1029580,29.0
mp-12062,17.0
mp-16378,-136.0
mp-16886,22.0
mp-1913,77.0
mp-20979,41.0
mp-21294,26.0
mp-2252,194.0
mp-23157,8.0
mp-23560,41.0
mp-23704,12.0
mp-2404,41.0
mp-30,51.0
mp-30161,30.0
mp-31348,38.0
mp-33363,33.0
mp-3886,90.0
mp-4054,60.0
mp-4954,54.0
mp-559612,18.0
mp-569624,66.0
mp-706,15.0
mp-753506,36.0
mp-755586,34.0
mp-760401,71.0
mp-7748,93.0
mp-775296,67.0
mp-777479,22.0
mp-861958,53.0
mp-862377,66.0
mp-864897,46.0
mp-865560,41.0
mp-865969,86.0
mp-866201,-25.0
mp-867181,23.0
mp-975769,22.0
mp-984711,73.0
mp-998147,18.0
mvc-11548,101.0
mp-1021511,6.0
mp-1025248,34.0
mp-1471,55.0
mp-18762,19.0
mp-18903,44.0
mp-20131,55.0
mp-20453,-16.0
mp-2071,35.0
mp-21235,83.0
mp-22044,44.0
mp-2728,183.0
mp-27475,1.0
mp-28056,60.0
mp-31031,50.0
mp-32780,3.0
mp-5175,57.0
mp-5383,86.0
mp-554973,24.0
mp-556235,32.0
mp-558747,4.0
mp-567771,104.0
mp-569402,40.0
mp-571035,2.0
mp-580,144.0
mp-624492,65.0
mp-631330,-31.0
mp-696497,25.0
mp-7390,20.0
mp-7473,46.0
mp-7903,9.0
mp-8299,34.0
mp-8608,19.0
mp-861995,39.0
mp-866376,88.0
mp-867306,28.0
mp-961697,35.0
mp-972961,37.0
mp-974325,23.0
mp-974832,5.0
mp-976254,1.0
mp-979910,32.0
mp-985059,13.0
mp-985295,18.0
mp-999437,-1.0
mp-999450,24.0
mp-1009836,65.0
mp-10136,189.0
mp-1016829,32.0
mp-1018042,20.0
mp-1029257,47.0
mp-1038,38.0
mp-11841,30.0
mp-12806,22.0
mp-13920,23.0
mp-1743,81.0
mp-20889,-43.0
mp-20895,25.0
mp-2092,57.0
mp-21255,84.0
mp-22853,6.0
mp-22975,6.0
mp-23846,13.0
mp-2826,31.0
mp-30374,17.0
mp-30856,68.0
mp-3283,18.0
mp-4387,88.0
mp-4586,13.0
mp-475,59.0
mp-557668,20.0
mp-567653,37.0
mp-568844,-5.0
mp-573051,5.0
mp-58,0.0
mp-631314,6.0
mp-650,132.0
mp-7359,28.0
mp-752849,71.0
mp-833,37.0
mp-8368,13.0
mp-8560,2.0
mp-862664,39.0
mp-863744,22.0
mp-866177,16.0
mp-866299,93.0
mp-8818,45.0
mp-971662,45.0
mp-973053,44.0
mp-974452,10.0
mp-976799,38.0
mp-981215,32.0
mp-989513,48.0
mp-998965,56.0
mp-1019138,28.0
mp-1025280,44.0
mp-1029466,40.0
mp-10371,79.0
mp-10750,26.0
mp-12701,29.0
mp-12981,-139.0
mp-131,34.0
mp-1334,32.0
mp-17695,51.0
mp-20754,28.0
mp-20897,47.0
mp-20924,82.0
mp-21139,35.0
mp-21149,71.0
mp-2306,25.0
mp-2658,95.0
mp-27849,18.0
mp-2841,-83.0
mp-30042,16.0
mp-30234,4.0
mp-30773,37.0
mp-3292,93.0
mp-5558,10.0
mp-556264,27.0
mp-582028,74.0
mp-631294,-16.0
mp-631411,53.0
mp-676861,119.0
mp-714969,51.0
mp-755483,110.0
mp-862677,18.0
mp-865039,32.0
mp-865185,45.0
mp-865231,22.0
mp-865298,11.0
mp-865993,30.0
mp-866153,-2.0
mp-867701,16.0
mp-90,129.0
mp-9755,91.0
mp-977310,21.0
mp-989579,10.0
mp-998899,-8.0
mp-1007776,20.0
mp-1022724,80.0
mp-1048,38.0
mp-10756,3.0
mp-11180,15.0
mp-12007,50.0
mp-1246,-32.0
mp-12777,46.0
mp-13137,123.0
mp-13154,91.0
mp-13164,62.0
mp-1361,54.0
mp-13962,56.0
mp-14983,86.0
mp-15619,41.0
mp-1597,89.0
mp-16740,59.0
mp-17659,19.0
mp-17856,63.0
mp-19357,93.0
mp-19929,41.0
mp-19934,29.0
mp-23488,8.0
mp-28938,8.0
mp-350,36.0
mp-3536,96.0
mp-387,27.0
mp-4007,70.0
mp-4474,47.0
mp-452,83.0
mp-4938,129.0
mp-541047,15.0
mp-568066,37.0
mp-631508,-132.0
mp-646507,66.0
mp-6919,37.0
mp-697038,22.0
mp-753326,16.0
mp-8176,39.0
mp-862264,38.0
mp-865081,12.0
mp-865179,94.0
mp-865432,40.0
mp-865800,26.0
mp-909,4.0
mp-973554,14.0
mp-973835,4.0
mp-1002122,12.0
mp-1007881,151.0
mp-1008489,-12.0
mp-1009755,24.0
mp-1009835,58.0
mp-1025288,53.0
mp-1029359,131.0
mp-10455,53.0
mp-10695,33.0
mp-1090,38.0
mp-10908,64.0
mp-1220,120.0
mp-12561,96.0
mp-1907,12.0
mp-20318,175.0
mp-20551,58.0
mp-20930,37.0
mp-21076,58.0
mp-21143,15.0
mp-21469,70.0
mp-2186,32.0
mp-22464,15.0
mp-2260,92.0
mp-22689,2.0
mp-23102,39.0
mp-23485,5.0
mp-2674,73.0
mp-2725,89.0
mp-28592,25.0
mp-2903,89.0
mp-2924,72.0
mp-2967,206.0
mp-30336,77.0
mp-30453,41.0
mp-31173,17.0
mp-3671,59.0
mp-4887,42.0
mp-554678,55.0
mp-556242,51.0
mp-571292,-11.0
mp-644693,-36.0
mp-669347,28.0
mp-676058,36.0
mp-7114,9.0
mp-754825,58.0
mp-7592,0.0
mp-760375,7.0
mp-862372,59.0
mp-8636,-63.0
mp-865048,103.0
mp-865534,11.0
mp-978291,31.0
mp-989576,48.0
mp-1007637,13.0
mp-1017546,102.0
mp-1017582,121.0
mp-1025075,124.0
mp-1025224,58.0
mp-1025281,43.0
mp-11294,30.0
mp-11620,23.0
mp-1256,53.0
mp-12783,28.0
mp-18928,50.0
mp-23907,-0.0
mp-28163,9.0
mp-29026,110.0
mp-29754,28.0
mp-3022,6.0
mp-30999,4.0
mp-31038,5.0
mp-31468,40.0
mp-372,110.0
mp-3726,30.0
mp-3758,75.0
mp-4997,77.0
mp-538,11.0
mp-5387,51.0
mp-546200,84.0
mp-553243,35.0
mp-568018,8.0
mp-568630,49.0
mp-568848,2.0
mp-570832,69.0
mp-573755,3.0
mp-7090,15.0
mp-7439,12.0
mp-752685,41.0
mp-8557,41.0
mp-861619,-67.0
mp-862878,-20.0
mp-865210,25.0
mp-865316,19.0
mp-865577,17.0
mp-865840,116.0
mp-867272,40.0
mp-8976,8.0
mp-973465,25.0
mp-974938,-8.0
mp-979419,26.0
mp-998949,15.0
mp-998988,27.0
mvc-3525,24.0
mp-1008490,1.0
mp-1009222,15.0
mp-1017,55.0
mp-11534,111.0
mp-1253,21.0
mp-12769,26.0
mp-13190,8.0
mp-1754,37.0
mp-20459,39.0
mp-20820,9.0
mp-20864,-35.0
mp-21035,76.0
mp-21186,-2.0
mp-2199,93.0
mp-2267,156.0
mp-22897,4.0
mp-2696,30.0
mp-27335,23.0
mp-27747,3.0
mp-29678,15.0
mp-30418,18.0
mp-30530,7.0
mp-3216,113.0
mp-3437,83.0
mp-3736,51.0
mp-567996,105.0
mp-569931,79.0
mp-570409,54.0
mp-635,84.0
mp-675701,28.0
mp-677105,26.0
mp-6915,72.0
mp-761524,67.0
mp-862863,74.0
mp-862874,17.0
mp-863720,31.0
mp-864617,2.0
mp-864661,52.0
mp-865219,54.0
mp-865569,97.0
mp-866037,57.0
mp-867327,91.0
mp-867338,-14.0
mp-867904,93.0
mp-9061,21.0
mp-975288,59.0
mp-977415,24.0
mp-979956,8.0
mp-9972,65.0
mp-9978,30.0
mp-999121,19.0
mp-1008523,397.0
mp-1016884,117.0
mp-1018024,95.0
mp-1027164,13.0
mp-1029385,86.0
mp-10311,72.0
mp-10669,21.0
mp-10782,22.0
mp-11190,147.0
mp-12107,113.0
mp-1601,65.0
mp-1719,91.0
mp-20512,60.0
mp-22275,41.0
mp-22447,64.0
mp-27243,6.0
mp-30753,42.0
mp-31503,25.0
mp-542429,27.0
mp-567347,50.0
mp-6058,27.0
mp-625136,8.0
mp-754401,46.0
mp-758594,86.0
mp-7600,88.0
mp-776475,127.0
mp-7909,16.0
mp-924128,80.0
mp-9562,38.0
mp-973684,-6.0
mp-983230,-37.0
mp-1001790,20.0
mp-1005693,17.0
mp-1009087,56.0
mp-1016836,27.0
mp-1021431,6.0
mp-1038767,14.0
mp-10856,124.0
mp-109,58.0
mp-11256,37.0
mp-11560,103.0
mp-12059,95.0
mp-14105,34.0
mp-15788,30.0
mp-1609,104.0
mp-20522,31.0
mp-2160,-0.0
mp-2793,6.0
mp-30594,49.0
mp-3286,47.0
mp-395,83.0
mp-40204,14.0
mp-510380,108.0
mp-568349,36.0
mp-569708,107.0
mp-639659,61.0
mp-642855,3.0
mp-675283,10.0
mp-710,54.0
mp-754976,4.0
mp-760400,37.0
mp-768342,72.0
mp-7940,36.0
mp-86,22.0
mp-865471,74.0
mp-865495,101.0
mp-865714,12.0
mp-8883,40.0
mp-9172,43.0
mp-941221,9.0
mp-971701,-44.0
mp-972,28.0
mp-972309,83.0
mp-977012,6.0
mp-977112,13.0
mp-978085,14.0
mp-981376,42.0
mp-983566,-32.0
mp-983567,14.0
mp-9926,25.0
mp-996983,17.0
mp-998861,-21.0
mvc-15603,43.0
mp-10051,14.0
mp-1009832,81.0
mp-1016820,66.0
mp-1025134,39.0
mp-10670,34.0
mp-1174,27.0
mp-13915,28.0
mp-18345,28.0
mp-2589,85.0
mp-2733,104.0
mp-27974,5.0
mp-2839,34.0
mp-36699,63.0
mp-390,55.0
mp-4989,61.0
mp-505319,2.0
mp-540809,127.0
mp-5578,108.0
mp-562468,42.0
mp-567389,4.0
mp-570845,63.0
mp-574283,26.0
mp-676,22.0
mp-715482,38.0
mp-755264,171.0
mp-7615,9.0
mp-762391,49.0
mp-862334,67.0
mp-862721,11.0
mp-862902,22.0
mp-863671,30.0
mp-864748,20.0
mp-865111,17.0
mp-865926,45.0
mp-866211,24.0
mp-9177,65.0
mp-961665,39.0
mp-974464,-394.0
mp-977427,63.0
mp-979272,-7.0
mp-980055,19.0
mp-996162,114.0
mp-996992,32.0
mp-10048,26.0
mp-10143,-3.0
mp-1019086,93.0
mp-1025455,15.0
mp-1029730,42.0
mp-1039075,-1.0
mp-10872,19.0
mp-10890,44.0
mp-12101,79.0
mp-12480,68.0
mp-1559,77.0
mp-16646,26.0
mp-20158,36.0
mp-20648,117.0
mp-23513,6.0
mp-239,19.0
mp-2809,9.0
mp-30247,34.0
mp-30427,19.0
mp-5176,70.0
mp-542112,62.0
mp-5475,96.0
mp-557,28.0
mp-558645,1.0
mp-5621,25.0
mp-571271,72.0
mp-613523,69.0
mp-760482,1.0
mp-761512,-28.0
mp-7711,23.0
mp-774192,71.0
mp-850275,6.0
mp-862300,47.0
mp-862775,44.0
mp-864684,81.0
mp-864959,43.0
mp-865385,70.0
mp-867217,23.0
mp-867896,30.0
mp-935811,97.0
mp-973556,36.0
mp-974843,-11.0
mp-987,32.0
mp-9925,27.0
mp-9953,86.0
mp-999130,26.0
mp-999259,168.0
mp-1018732,25.0
mp-10224,-250.0
mp-1025201,6.0
mp-1025286,17.0
mp-11249,35.0
mp-118,1.0
mp-12108,114.0
mp-13512,36.0
mp-15800,63.0
mp-16860,28.0
mp-17701,38.0
mp-182,32.0
mp-1890,200.0
mp-18969,-4.0
mp-20033,55.0
mp-20194,72.0
mp-20740,13.0
mp-20757,64.0
mp-20832,15.0
mp-21031,2.0
mp-22440,85.0
mp-22913,12.0
mp-2318,87.0
mp-25372,65.0
mp-27562,35.0
mp-27834,6.0
mp-30495,23.0
mp-319,19.0
mp-480,72.0
mp-5159,3.0
mp-568705,33.0
mp-7387,11.0
mp-776264,25.0
mp-861908,79.0
mp-861966,13.0
mp-862981,28.0
mp-865022,136.0
mp-865364,72.0
mp-865536,38.0
mp-867198,-102.0
mp-867872,8.0
mp-867921,25.0
mp-9339,109.0
mp-948,15.0
mp-9969,70.0
mp-997010,19.0
mp-1009504,14.0
mp-1017467,97.0
mp-1022583,17.0
mp-1022728,37.0
mp-1023934,8.0
mp-10686,-10.0
mp-11736,101.0
mp-12385,75.0
mp-13053,31.0
mp-13993,46.0
mp-1424,45.0
mp-183,12.0
mp-19147,68.0
mp-19359,72.0
mp-19821,82.0
mp-20944,44.0
mp-20994,117.0
mp-2121,71.0
mp-2273,17.0
mp-23085,20.0
mp-23208,14.0
mp-2699,40.0
mp-3000,113.0
mp-541937,16.0
mp-569051,32.0
mp-631322,4.0
mp-672661,34.0
mp-6963,22.0
mp-752602,2.0
mp-76,7.0
mp-8132,14.0
mp-8375,35.0
mp-862423,51.0
mp-864925,32.0
mp-864928,-0.0
mp-972869,42.0
mp-973156,37.0
mp-973199,4.0
mp-982008,0.0
mp-998866,162.0
mp-1007908,19.0
mp-10086,54.0
mp-1009657,43.0
mp-1011376,2.0
mp-1025271,79.0
mp-1025322,54.0
mp-1029037,14.0
mp-1029868,38.0
mp-1039019,26.0
mp-10676,74.0
mp-11267,5.0
mp-11537,117.0
mp-11557,75.0
mp-1341,49.0
mp-14568,29.0
mp-20430,6.0
mp-21003,74.0
mp-21342,22.0
mp-2136,20.0
mp-2137,29.0
mp-2627,52.0
mp-2947,98.0
mp-30491,12.0
mp-3731,57.0
mp-567612,66.0
mp-5878,34.0
mp-613327,175.0
mp-631428,-40.0
mp-674478,14.0
mp-753982,6.0
mp-756018,40.0
mp-862996,24.0
mp-864950,103.0
mp-865928,76.0
mp-867773,25.0
mp-961646,58.0
mp-974061,116.0
mp-976334,18.0
mp-981250,19.0
mp-999287,69.0
mvc-11226,12.0
mp-1009496,-14.0
mp-1018009,40.0
mp-1018164,18.0
mp-1025323,69.0
mp-11750,104.0
mp-11755,37.0
mp-12661,-22.0
mp-15316,30.0
mp-196,84.0
mp-20422,10.0
mp-21194,42.0
mp-21286,62.0
mp-22072,119.0
mp-2237,49.0
mp-23084,18.0
mp-23263,13.0
mp-24719,68.0
mp-25886,41.0
mp-2741,38.0
mp-305,97.0
mp-31152,24.0
mp-31383,59.0
mp-34139,55.0
mp-34993,123.0
mp-3654,26.0
mp-4142,18.0
mp-510624,83.0
mp-544,13.0
mp-568806,99.0
mp-570460,36.0
mp-570752,0.0
mp-571279,8.0
mp-574235,36.0
mp-5839,63.0
mp-605028,16.0
mp-643273,35.0
mp-676290,15.0
mp-7470,11.0
mp-838,1.0
mp-864837,27.0
mp-864931,57.0
mp-865681,130.0
mp-866187,49.0
mp-867119,21.0
mp-8697,79.0
mp-962062,1.0
mp-972036,71.0
mp-978533,-3.0
mp-9968,50.0
mp-10060,7.0
mp-10175,24.0
mp-1018103,36.0
mp-1025229,46.0
mp-10897,59.0
mp-11809,81.0
mp-13322,86.0
mp-13447,40.0
mp-13535,32.0
mp-16753,45.0
mp-1909,19.0
mp-19424,71.0
mp-20290,46.0
mp-2311,140.0
mp-2422,50.0
mp-2852,381.0
mp-30878,18.0
mp-4238,72.0
mp-555280,33.0
mp-569247,88.0
mp-570014,27.0
mp-570303,8.0
mp-5862,41.0
mp-6959,12.0
mp-6961,18.0
mp-7073,5.0
mp-8639,186.0
mp-864909,80.0
mp-865779,85.0
mp-866134,90.0
mp-8670,51.0
mp-961693,46.0
mp-9716,74.0
mp-973689,29.0
mp-977401,105.0
mp-980034,-6.0
mp-995,63.0
mp-998987,37.0
mp-999086,117.0
mp-1014460,145.0
mp-1025180,30.0
mp-1025524,81.0
mp-1127,69.0
mp-11541,99.0
mp-1275,127.0
mp-13946,10.0
mp-13948,9.0
mp-18782,86.0
mp-19312,68.0
mp-19399,113.0
mp-1956,50.0
mp-19948,-57.0
mp-20181,70.0
mp-20664,26.0
mp-20766,42.0
mp-20900,25.0
mp-2211,94.0
mp-22351,131.0
mp-22412,31.0
mp-22873,29.0
mp-249,74.0
mp-2600,14.0
mp-27182,2.0
mp-30578,19.0
mp-30586,32.0
mp-3241,41.0
mp-5149,90.0
mp-560956,14.0
mp-560976,40.0
mp-570670,49.0
mp-644500,46.0
mp-676540,6.0
mp-74,145.0
mp-7430,20.0
mp-753260,20.0
mp-755293,28.0
mp-7949,8.0
mp-861651,1.0
mp-862717,33.0
mp-862743,7.0
mp-864877,88.0
mp-864893,16.0
mp-864926,45.0
mp-9023,63.0
mp-975368,3.0
mp-978009,59.0
mp-978798,8.0
mp-978862,61.0
mp-980947,9.0
mp-984051,84.0
mp-985300,21.0
mp-989532,14.0
mp-989538,9.0
mvc-15387,147.0
mvc-3245,152.0
mp-1013540,21.0
mp-1017544,81.0
mp-1025448,35.0
mp-10778,20.0
mp-11667,52.0
mp-11959,32.0
mp-1224,10.0
mp-1377,30.0
mp-151,2.0
mp-16334,85.0
mp-1646,11.0
mp-19983,52.0
mp-20155,55.0
mp-2053,82.0
mp-20563,36.0
mp-22866,32.0
mp-2337,74.0
mp-2532,19.0
mp-2747,57.0
mp-30069,25.0
mp-3264,37.0
mp-353,-0.0
mp-567703,87.0
mp-567724,12.0
mp-569426,15.0
mp-570196,48.0
mp-609151,47.0
mp-644504,14.0
mp-673635,93.0
mp-6912,16.0
mp-705519,81.0
mp-7237,37.0
mp-753605,16.0
mp-862983,3.0
mp-864902,56.0
mp-864922,20.0
mp-865360,28.0
mp-865486,81.0
mp-865845,33.0
mp-867769,61.0
mp-961650,-239.0
mp-972877,49.0
mp-974400,10.0
mp-974426,-5.0
mp-982385,45.0
mp-996940,117.0
mp-1002229,-65.0
mp-1006887,30.0
mp-1021666,-14.0
mp-1025262,72.0
mp-10264,17.0
mp-1038972,9.0
mp-11278,117.0
mp-12266,33.0
mp-13545,13.0
mp-1671,-193.0
mp-1695,62.0
mp-18906,76.0
mp-20372,27.0
mp-20822,46.0
mp-2091,199.0
mp-21067,41.0
mp-21862,158.0
mp-23046,17.0
mp-23179,10.0
mp-303,27.0
mp-3094,45.0
mp-310,-41.0
mp-31624,107.0
mp-545788,29.0
mp-551886,16.0
mp-554405,33.0
mp-567480,17.0
mp-567705,82.0
mp-567907,87.0
mp-571096,6.0
mp-571665,2.0
mp-631374,-64.0
mp-631387,3.0
mp-642644,52.0
mp-644280,72.0
mp-675120,25.0
mp-761873,11.0
mp-862786,16.0
mp-865469,80.0
mp-865898,89.0
mp-866128,25.0
mp-866194,13.0
mp-976976,43.0
mp-977181,16.0
mp-984552,-70.0
mp-984876,39.0
mp-989536,33.0
mp-997005,31.0
mp-1009663,-40.0
mp-1019280,31.0
mp-10413,4.0
mp-10622,44.0
mp-19062,109.0
mp-20191,98.0
mp-2031,125.0
mp-21197,28.0
mp-21474,53.0
mp-2247,5.0
mp-2701,189.0
mp-29763,0.0
mp-31457,47.0
mp-4366,24.0
mp-4478,20.0
mp-567505,187.0
mp-567912,26.0
mp-570689,27.0
mp-625397,24.0
mp-636331,48.0
mp-6870,36.0
mp-690535,103.0
mp-696752,17.0
mp-753081,22.0
mp-753371,6.0
mp-754150,44.0
mp-7544,100.0
mp-8397,16.0
mp-862257,42.0
mp-865355,25.0
mp-865738,7.0
mp-866002,15.0
mp-866203,17.0
mp-975200,-19.0
mp-975296,6.0
mp-979984,24.0
mp-980063,18.0
mp-989530,46.0
mp-989605,24.0
mp-997181,67.0
mp-1018119,-134.0
mp-1018641,72.0
mp-1025309,101.0
mp-12620,43.0
mp-13134,22.0
mp-13944,101.0
mp-1395,76.0
mp-1459,238.0
mp-19,15.0
mp-19181,71.0
mp-20040,-7.0
mp-20497,28.0
mp-20663,46.0
mp-20821,45.0
mp-20950,36.0
mp-23330,13.0
mp-2648,8.0
mp-27409,4.0
mp-2976,-18.0
mp-30392,35.0
mp-3805,129.0
mp-3839,24.0
mp-3881,23.0
mp-504825,4.0
mp-505820,61.0
mp-546279,14.0
mp-552028,54.0
mp-557403,33.0
mp-559939,21.0
mp-570687,7.0
mp-585,172.0
mp-5971,51.0
mp-631547,-563.0
mp-684969,39.0
mp-7427,28.0
mp-7574,138.0
mp-7701,-16.0
mp-7779,17.0
mp-8399,40.0
mp-863668,35.0
mp-864775,14.0
mp-866022,49.0
mp-866224,65.0
mp-867146,91.0
mp-961687,57.0
mp-972310,17.0
mp-977110,47.0
mp-978095,17.0
mp-979968,19.0
mp-999378,-147.0
mp-10036,42.0
mp-1006884,-231.0
mp-1009582,24.0
mp-1018072,35.0
mp-1025136,55.0
mp-12550,82.0
mp-13503,48.0
mp-15684,10.0
mp-15821,39.0
mp-16320,-453.0
mp-19717,24.0
mp-22240,79.0
mp-22441,68.0
mp-22739,28.0
mp-2432,19.0
mp-27226,52.0
mp-2735,5.0
mp-30787,127.0
mp-30835,72.0
mp-31297,37.0
mp-510374,47.0
mp-571386,2.0
mp-644229,36.0
mp-677335,20.0
mp-715,124.0
mp-7225,76.0
mp-7709,31.0
mp-772099,48.0
mp-849459,61.0
mp-861483,25.0
mp-861918,22.0
mp-862561,102.0
mp-862767,25.0
mp-863713,31.0
mp-864741,11.0
mp-865118,16.0
mp-865804,-139.0
mp-866298,45.0
mp-867114,83.0
mp-8871,22.0
mp-937760,87.0
mp-9391,10.0
mp-971951,15.0
mp-973606,26.0
mp-973613,23.0
mp-973894,24.0
mp-975394,-0.0
mp-976181,12.0
mp-976818,57.0
mp-978268,14.0
mp-979011,40.0
mp-985782,10.0
mp-9920,11.0
mp-999145,23.0
mp-1014219,45.0
mp-1016821,122.0
mp-1016928,150.0
mp-1025565,30.0
mp-1031,19.0
mp-1039229,-6.0
mp-11649,44.0
mp-15697,24.0
mp-1664,74.0
mp-20012,19.0
mp-21098,11.0
mp-2333,50.0
mp-238,51.0
mp-24084,11.0
mp-27465,1.0
mp-28952,12.0
mp-30338,32.0
mp-3277,41.0
mp-3889,19.0
mp-436,30.0
mp-568293,40.0
mp-7363,24.0
mp-754628,26.0
mp-756361,47.0
mp-7921,27.0
mp-862899,23.0
mp-864988,102.0
mp-865131,46.0
mp-971753,-8.0
mp-975138,117.0
mp-979,50.0
mp-9828,39.0
mp-989564,101.0
mp-999264,138.0
mvc-2597,4.0
mp-1002165,108.0
mp-1007691,56.0
mp-10797,39.0
mp-11482,188.0
mp-11504,40.0
mp-12065,34.0
mp-1235,81.0
mp-12537,108.0
mp-12736,42.0
mp-13132,-31.0
mp-1514,215.0
mp-20351,31.0
mp-21865,-23.0
mp-22508,88.0
mp-22700,54.0
mp-22980,15.0
mp-24289,38.0
mp-28024,50.0
mp-31453,41.0
mp-3166,96.0
mp-33032,34.0
mp-41283,-210.0
mp-4374,11.0
mp-4955,98.0
mp-541431,36.0
mp-552802,45.0
mp-567574,52.0
mp-571147,76.0
mp-572758,20.0
mp-613162,6.0
mp-631452,-16.0
mp-632319,11.0
mp-675287,1.0
mp-696166,7.0
mp-6968,14.0
mp-754779,28.0
mp-756784,33.0
mp-764744,37.0
mp-765195,63.0
mp-768305,72.0
mp-773525,33.0
mp-7770,33.0
mp-8177,15.0
mp-862700,140.0
mp-864669,70.0
mp-865735,25.0
mp-866003,2.0
mp-867918,20.0
mp-8873,62.0
mp-9125,49.0
mp-972657,10.0
mp-972839,-52.0
mp-977107,87.0
mp-978995,46.0
mp-983559,24.0
mp-9947,187.0
mvc-3224,313.0
mp-10128,31.0
mp-1018149,44.0
mp-12073,62.0
mp-13097,21.0
mp-13816,16.0
mp-162,9.0
mp-16648,40.0
mp-16718,68.0
mp-1705,75.0
mp-21883,122.0
mp-23036,-1.0
mp-23176,0.0
mp-27821,32.0
mp-28017,42.0
mp-29362,5.0
mp-33683,19.0
mp-3999,-259.0
mp-568286,91.0
mp-569446,37.0
mp-569815,108.0
mp-7467,14.0
mp-8046,172.0
mp-8446,11.0
mp-862698,16.0
mp-864668,18.0
mp-865191,99.0
mp-879,23.0
mp-8881,39.0
mp-961681,-30.0
mp-961701,-31.0
mp-973736,19.0
mp-974972,3.0
mp-979430,18.0
mp-983154,24.0
mp-9934,24.0
mp-1007854,-19.0
mp-1008223,-5.0
mp-1008809,24.0
mp-1014993,79.0
mp-1016828,-6.0
mp-1018636,41.0
mp-1019317,244.0
mp-1022726,23.0
mp-11230,30.0
mp-11248,24.0
mp-11345,82.0
mp-12979,109.0
mp-13161,-43.0
mp-1320,21.0
mp-1356,28.0
mp-1867,81.0
mp-19923,59.0
mp-20147,111.0
mp-20278,-142.0
mp-2097,20.0
mp-21023,112.0
mp-2614,83.0
mp-27544,4.0
mp-28753,8.0
mp-29973,26.0
mp-30498,23.0
mp-30745,193.0
mp-30808,70.0
mp-30882,63.0
mp-5456,54.0
mp-559598,30.0
mp-569601,100.0
mp-571350,30.0
mp-624668,15.0
mp-631305,11.0
mp-6953,49.0
mp-861961,83.0
mp-862259,41.0
mp-862339,38.0
mp-867171,21.0
mp-867923,-112.0
mp-971647,53.0
mp-976405,18.0
mp-989516,6.0
mp-989560,8.0
mp-1008524,19.0
mp-1009230,-254.0
mp-1016840,58.0
mp-10225,52.0
mp-1025449,36.0
mp-1029726,59.0
mp-11411,42.0
mp-11457,26.0
mp-1555,79.0
mp-1734,39.0
mp-18707,28.0
mp-18765,-8.0
mp-19326,67.0
mp-20363,26.0
mp-20503,16.0
mp-21,-34.0
mp-22227,83.0
mp-22784,62.0
mp-2293,13.0
mp-23041,3.0
mp-24291,-4.0
mp-28066,18.0
mp-28843,8.0
mp-30355,14.0
mp-30366,11.0
mp-31187,105.0
mp-3747,126.0
mp-552992,35.0
mp-556320,21.0
mp-570632,30.0
mp-631573,6.0
mp-636368,66.0
mp-754158,42.0
mp-767,29.0
mp-8096,7.0
mp-861666,85.0
mp-862600,114.0
mp-8628,27.0
mp-865110,13.0
mp-865696,47.0
mp-865739,15.0
mp-865868,46.0
mp-865896,22.0
mp-866006,10.0
mp-867121,30.0
mp-867768,-62.0
mp-867857,-64.0
mp-980014,36.0
mp-985588,-13.0
mp-996975,16.0
mp-999317,195.0
mvc-7194,34.0
mp-1017627,75.0
mp-1018157,68.0
mp-10186,48.0
mp-1018627,-24.0
mp-1025156,81.0
mp-1025350,-38.0
mp-11464,12.0
mp-1232,85.0
mp-13079,103.0
mp-14038,17.0
mp-16236,13.0
mp-22116,23.0
mp-22350,4.0
mp-22390,70.0
mp-22787,119.0
mp-2281,33.0
mp-27438,17.0
mp-30726,19.0
mp-31411,87.0
mp-32669,7.0
mp-3378,91.0
mp-35785,22.0
mp-4126,66.0
mp-546973,89.0
mp-549706,47.0
mp-556646,12.0
mp-558378,38.0
mp-5671,45.0
mp-570553,114.0
mp-582,72.0
mp-625150,49.0
mp-782,22.0
mp-8622,14.0
mp-862375,28.0
mp-862445,143.0
mp-864796,12.0
mp-864835,40.0
mp-866138,84.0
mp-867812,-33.0
mp-8937,172.0
mp-9473,37.0
mp-972504,32.0
mp-974940,-0.0
mp-975179,6.0
mp-975530,-8.0
mp-976884,3.0
mp-977463,59.0
mp-978261,94.0
mp-9898,33.0
mp-998897,67.0
mp-1009207,-23.0
mp-1009837,-40.0
mp-10200,116.0
mp-1029368,54.0
mp-10898,56.0
mp-1569,231.0
mp-15820,48.0
mp-19083,18.0
mp-19241,24.0
mp-20424,113.0
mp-2286,27.0
mp-23080,118.0
mp-233,43.0
mp-24668,8.0
mp-2564,11.0
mp-28273,13.0
mp-29658,66.0
mp-30364,14.0
mp-3307,19.0
mp-409,12.0
mp-4681,51.0
mp-4785,59.0
mp-550306,33.0
mp-567354,3.0
mp-568404,26.0
mp-570691,40.0
mp-632219,-143.0
mp-640024,55.0
mp-6624,81.0
mp-675324,14.0
mp-7463,40.0
mp-762454,95.0
mp-8256,23.0
mp-85,5.0
mp-862370,54.0
mp-862715,82.0
mp-865604,8.0
mp-865607,20.0
mp-865790,5.0
mp-866284,128.0
mp-972455,16.0
mp-980192,46.0
mp-980537,12.0
mp-981375,37.0
mp-989573,12.0
mvc-14334,93.0
mvc-5096,95.0
mp-1002210,-171.0
mp-1016659,-12.0
mp-10453,75.0
mp-11397,63.0
mp-1501,62.0
mp-1819,67.0
mp-19906,57.0
mp-19988,53.0
mp-20566,8.0
mp-20679,76.0
mp-20787,141.0
mp-21020,40.0
mp-2105,95.0
mp-22287,93.0
mp-22377,-92.0
mp-22868,30.0
mp-2351,75.0
mp-2435,35.0
mp-2556,-18.0
mp-2731,74.0
mp-27679,4.0
mp-28254,109.0
mp-28665,63.0
mp-29015,4.0
mp-2918,35.0
mp-30434,16.0
mp-30551,81.0
mp-30725,29.0
mp-31186,-720.0
mp-3402,33.0
mp-3504,30.0
mp-3614,122.0
mp-4524,49.0
mp-4711,44.0
mp-4753,89.0
mp-4771,62.0
mp-4852,32.0
mp-504708,6.0
mp-505781,18.0
mp-569668,38.0
mp-569685,-69.0
mp-583030,14.0
mp-602,13.0
mp-741,94.0
mp-752881,15.0
mp-775935,50.0
mp-8001,104.0
mp-862912,-2.0
mp-862928,9.0
mp-976260,36.0
mp-977443,89.0
mp-978256,33.0
mp-978265,35.0
mp-998414,22.0
mp-999068,37.0
mp-1008677,84.0
mp-1009822,61.0
mp-1018685,46.0
mp-1025010,113.0
mp-11358,115.0
mp-11472,10.0
mp-144,28.0
mp-1490,16.0
mp-1595,49.0
mp-18908,62.0
mp-18939,5.0
mp-18963,37.0
mp-2156,14.0
mp-2343,26.0
mp-23702,17.0
mp-2423,-17.0
mp-24726,20.0
mp-2811,196.0
mp-4014,74.0
mp-4835,48.0
mp-5246,63.0
mp-540924,1.0
mp-540957,4.0
mp-561367,2.0
mp-569007,7.0
mp-569794,59.0
mp-570558,4.0
mp-7105,-1.0
mp-7188,142.0
mp-7285,83.0
mp-752843,43.0
mp-755175,125.0
mp-771,81.0
mp-776150,47.0
mp-8418,115.0
mp-8635,30.0
mp-865001,93.0
mp-865082,9.0
mp-865847,39.0
mp-865876,100.0
mp-961675,68.0
mp-972827,75.0
mp-979013,6.0
mp-999388,91.0
mp-1018057,65.0
mp-1018059,33.0
mp-1018709,64.0
mp-11593,123.0
mp-1169,43.0
mp-13459,16.0
mp-13900,25.0
mp-1688,54.0
mp-17481,76.0
mp-17862,36.0
mp-20206,41.0
mp-2051,13.0
mp-20533,27.0
mp-23922,10.0
mp-343,90.0
mp-3992,47.0
mp-4346,79.0
mp-4382,112.0
mp-4867,46.0
mp-504729,6.0
mp-5239,47.0
mp-5443,79.0
mp-545467,31.0
mp-550111,32.0
mp-561751,26.0
mp-570591,1.0
mp-570751,85.0
mp-618309,50.0
mp-646,19.0
mp-6979,57.0
mp-861501,16.0
mp-862820,69.0
mp-862870,90.0
mp-862969,20.0
mp-863716,31.0
mp-865382,92.0
mp-865592,31.0
mp-867840,89.0
mp-972822,72.0
mp-973141,36.0
mp-977353,129.0
mp-9812,49.0
mp-998201,13.0
mp-999318,30.0
mvc-6281,73.0
mp-1018097,47.0
mp-1019324,22.0
mp-10373,135.0
mp-1046,49.0
mp-10746,64.0
mp-11947,27.0
mp-12623,15.0
mp-15778,42.0
mp-1837,34.0
mp-19308,73.0
mp-19318,5.0
mp-2150,15.0
mp-22922,7.0
mp-2370,62.0
mp-2495,32.0
mp-510311,20.0
mp-556953,5.0
mp-5676,29.0
mp-567925,114.0
mp-569265,24.0
mp-604496,61.0
mp-6985,30.0
mp-7086,6.0
mp-723,138.0
mp-755300,51.0
mp-864971,113.0
mp-865155,85.0
mp-865216,39.0
mp-865232,-1.0
mp-865502,14.0
mp-865520,23.0
mp-865554,105.0
mp-865679,-18.0
mp-865713,23.0
mp-865895,78.0
mp-867271,125.0
mp-8973,116.0
mp-978552,105.0
mp-981252,16.0
mp-999485,22.0
mp-999540,13.0
mp-10058,116.0
mp-1025396,41.0
mp-1025500,29.0
mp-103,56.0
mp-1069,94.0
mp-11228,35.0
mp-12103,0.0
mp-12906,31.0
mp-15297,71.0
mp-20315,96.0
mp-20465,49.0
mp-20484,-8.0
mp-23054,26.0
mp-23954,17.0
mp-2548,-2190.0
mp-2567,74.0
mp-29659,15.0
mp-31451,62.0
mp-3721,96.0
mp-38695,30.0
mp-4305,74.0
mp-4678,94.0
mp-505368,21.0
mp-542103,77.0
mp-5486,54.0
mp-560037,16.0
mp-567769,41.0
mp-571262,49.0
mp-625094,20.0
mp-642822,3.0
mp-672234,-1.0
mp-684580,6.0
mp-756597,53.0
mp-770690,49.0
mp-8094,9.0
mp-8454,16.0
mp-861499,24.0
mp-862984,113.0
mp-864756,17.0
mp-864977,38.0
mp-865156,39.0
mp-867351,141.0
mp-949,108.0
mp-975049,14.0
mp-9771,58.0
mp-978294,25.0
mp-978973,17.0
mp-979712,27.0
mp-980646,40.0
mp-982870,141.0
mp-983578,58.0
mp-998969,-230.0
mp-998981,69.0
mp-1013525,14.0
mp-1018643,14.0
mp-1019055,253.0
mp-1019551,47.0
mp-1025030,72.0
mp-1025069,28.0
mp-1025181,77.0
mp-10848,36.0
mp-11209,35.0
mp-1147,76.0
mp-11487,44.0
mp-13172,43.0
mp-14797,12.0
mp-15053,58.0
mp-15226,142.0
mp-17,115.0
mp-22712,25.0
mp-22865,8.0
mp-2385,83.0
mp-2634,211.0
mp-2824,51.0
mp-30245,32.0
mp-30342,19.0
mp-30789,35.0
mp-34857,6.0
mp-561033,15.0
mp-568867,27.0
mp-569450,184.0
mp-600089,7.0
mp-611426,523.0
mp-636698,-124.0
mp-7739,24.0
mp-862324,44.0
mp-863686,21.0
mp-864651,92.0
mp-864974,57.0
mp-865218,110.0
mp-865473,3.0
mp-867218,17.0
mp-867349,22.0
mp-890,77.0
mp-961698,34.0
mp-965,145.0
mp-971631,33.0
mp-971803,-13.0
mp-972912,16.0
mp-973528,5.0
mp-975649,-20.0
mp-976076,9.0
mp-9776,30.0
mp-979270,30.0
mp-980204,-21.0
mp-983459,42.0
mp-999047,9.0
mp-999083,160.0
mp-999543,102.0
mp-1017549,85.0
mp-10182,51.0
mp-1030827,12.0
mp-10446,30.0
mp-10651,38.0
mp-1097,213.0
mp-12983,-42.0
mp-13099,39.0
mp-1641,47.0
mp-16565,21.0
mp-1698,25.0
mp-19060,41.0
mp-20034,35.0
mp-20263,28.0
mp-2480,106.0
mp-30598,23.0
mp-3657,86.0
mp-467,48.0
mp-527,13.0
mp-542496,23.0
mp-569523,38.0
mp-5787,42.0
mp-631482,28.0
mp-640889,29.0
mp-6867,29.0
mp-7262,29.0
mp-8237,28.0
mp-865426,21.0
mp-865484,112.0
mp-866077,32.0
mp-867118,23.0
mp-867356,184.0
mp-972810,97.0
mp-979293,5.0
mp-989583,3.0
mp-1001012,32.0
mp-1008472,-13.0
mp-10092,14.0
mp-11285,35.0
mp-11572,130.0
mp-19025,84.0
mp-1929,110.0
mp-20595,40.0
mp-22882,11.0
mp-22909,5.0
mp-23292,2.0
mp-29898,7.0
mp-30227,4.0
mp-34688,56.0
mp-5152,43.0
mp-5538,25.0
mp-568880,27.0
mp-570301,9.0
mp-571203,33.0
mp-571566,42.0
mp-594,18.0
mp-631399,-106.0
mp-631563,-66.0
mp-6408,35.0
mp-643063,15.0
mp-7405,110.0
mp-7667,9.0
mp-767409,28.0
mp-862712,66.0
mp-973175,18.0
mp-973443,71.0
mp-973538,41.0
mp-978969,7.0
mp-999258,26.0
mp-1008922,64.0
mp-1009752,-31.0
mp-1013712,10.0
mp-1016872,21.0
mp-1020019,60.0
mp-11233,68.0
mp-11511,41.0
mp-11807,51.0
mp-11816,24.0
mp-12908,19.0
mp-12910,15.0
mp-1604,58.0
mp-19322,-116.0
mp-20174,47.0
mp-21850,59.0
mp-22065,49.0
mp-23432,18.0
mp-2430,73.0
mp-27930,28.0
mp-29131,51.0
mp-505019,52.0
mp-554134,2.0
mp-554799,14.0
mp-564,20.0
mp-569391,-3.0
mp-622980,28.0
mp-641526,92.0
mp-643945,74.0
mp-672229,3.0
mp-7,1.0
mp-7077,3.0
mp-7361,50.0
mp-755253,100.0
mp-806,49.0
mp-862798,118.0
mp-865522,22.0
mp-865747,55.0
mp-865920,29.0
mp-866087,78.0
mp-867735,73.0
mp-962071,38.0
mp-972601,17.0
mp-973142,26.0
mp-973935,117.0
mp-976047,-2.0
mp-979263,11.0
mp-999303,-182.0
mp-1025373,4.0
mp-104,24.0
mp-11449,53.0
mp-11607,149.0
mp-11696,74.0
mp-13171,22.0
mp-13276,37.0
mp-13610,20.0
mp-1400,94.0
mp-15608,43.0
mp-19889,42.0
mp-19971,22.0
mp-20684,9.0
mp-20849,45.0
mp-2090,91.0
mp-2225,146.0
mp-2507,10.0
mp-27505,57.0
mp-29725,76.0
mp-34611,-24.0
mp-450,195.0
mp-517,142.0
mp-567214,34.0
mp-568747,18.0
mp-569779,46.0
mp-574,79.0
mp-7219,22.0
mp-7435,22.0
mp-754165,83.0
mp-754349,50.0
mp-756235,6.0
mp-861736,11.0
mp-862979,24.0
mp-8640,45.0
mp-865649,94.0
mp-866188,51.0
mp-867258,46.0
mp-8758,71.0
mp-975312,-10.0
mp-975385,242.0
mp-976775,9.0
mp-977438,63.0
mp-979431,27.0
mp-999307,171.0
mvc-6615,45.0
mp-1008929,89.0
mp-10135,7.0
mp-1017508,20.0
mp-1017580,-18.0
mp-1025056,92.0
mp-1025212,63.0
mp-1027,116.0
mp-1029826,64.0
mp-11263,52.0
mp-11431,39.0
mp-14091,18.0
mp-1727,39.0
mp-19749,9.0
mp-20192,86.0
mp-218,55.0
mp-22375,24.0
mp-22619,98.0
mp-23013,15.0
mp-2455,119.0
mp-30147,71.0
mp-31703,18.0
mp-3802,146.0
mp-5491,14.0
mp-553939,30.0
mp-632311,64.0
mp-644223,9.0
mp-672259,73.0
mp-7131,36.0
mp-7547,12.0
mp-774146,16.0
mp-7955,24.0
mp-866031,99.0
mp-867186,27.0
mp-867422,16.0
mp-867932,50.0
mp-961695,29.0
mp-977176,88.0
mp-981383,-3.0
mp-984754,25.0
mp-994,59.0
mp-998307,16.0
mp-999067,45.0
mp-1018060,65.0
mp-1025151,35.0
mp-11418,38.0
mp-11506,89.0
mp-1260,47.0
mp-13202,52.0
mp-1380,58.0
mp-1578,105.0
mp-1639,374.0
mp-1704,22.0
mp-18949,51.0
mp-1960,70.0
mp-19722,24.0
mp-1973,87.0
mp-2265,26.0
mp-23250,0.0
mp-2730,12.0
mp-27488,99.0
mp-27743,11.0
mp-28250,10.0
mp-28630,24.0
mp-29379,5.0
mp-30504,14.0
mp-3416,28.0
mp-3830,59.0
mp-4822,53.0
mp-571458,10.0
mp-674,42.0
mp-675334,118.0
mp-6962,33.0
mp-754515,23.0
mp-754718,20.0
mp-759541,27.0
mp-771986,56.0
mp-7829,105.0
mp-8275,53.0
mp-8615,141.0
mp-862319,15.0
mp-862831,49.0
mp-862888,26.0
mp-863696,22.0
mp-864626,24.0
mp-864633,17.0
mp-865126,-3.0
mp-865940,-11.0
mp-865989,125.0
mp-867277,36.0
mp-979425,30.0
mp-1017387,11.0
mp-1017553,91.0
mp-1018075,61.0
mp-1018096,24.0
mp-1018850,203.0
mp-1045,51.0
mp-11382,59.0
mp-11582,17.0
mp-12072,45.0
mp-12957,2.0
mp-13303,42.0
mp-14625,52.0
mp-1841,119.0
mp-18814,44.0
mp-2016,37.0
mp-20857,152.0
mp-20971,58.0
mp-21249,54.0
mp-27837,16.0
mp-29149,30.0
mp-29209,20.0
mp-3015,46.0
mp-30884,38.0
mp-3239,95.0
mp-32679,133.0
mp-5342,22.0
mp-554144,26.0
mp-570091,25.0
mp-672287,28.0
mp-697179,24.0
mp-715262,42.0
mp-8458,23.0
mp-934,16.0
mp-9523,19.0
mp-962066,-56.0
mp-975932,22.0
mp-984,75.0
mp-984554,-9.0
mp-984714,14.0
mp-992,31.0
mp-999197,8.0
mp-1008395,420.0
mp-1009748,-75.0
mp-1009828,3.0
mp-1018692,22.0
mp-1020118,67.0
mp-1025167,91.0
mp-10356,10.0
mp-11693,21.0
mp-11869,58.0
mp-1543,52.0
mp-16913,8.0
mp-20385,43.0
mp-20730,78.0
mp-21096,35.0
mp-21464,131.0
mp-21505,36.0
mp-21907,104.0
mp-22177,41.0
mp-22483,13.0
mp-22610,108.0
mp-23255,11.0
mp-24095,39.0
mp-2618,30.0
mp-28919,20.0
mp-30580,26.0
mp-30593,59.0
mp-31235,16.0
mp-35035,5.0
mp-363,105.0
mp-541013,1.0
mp-567305,49.0
mp-568673,80.0
mp-696746,178.0
mp-7506,133.0
mp-752735,19.0
mp-753098,25.0
mp-754538,16.0
mp-755453,86.0
mp-7876,33.0
mp-862813,17.0
mp-862895,34.0
mp-864890,65.0
mp-866066,16.0
mp-867835,123.0
mp-869,104.0
mp-974066,22.0
mp-975913,29.0
mp-976280,8.0
mp-979258,21.0
mp-983564,72.0
mp-984050,14.0
mp-985299,12.0
mp-997630,-9.0
mp-10157,-1.0
mp-1025261,55.0
mp-10624,34.0
mp-13683,71.0
mp-15964,49.0
mp-1776,98.0
mp-19358,75.0
mp-2078,62.0
mp-20866,39.0
mp-21141,62.0
mp-2151,24.0
mp-22271,11.0
mp-23260,6.0
mp-28230,5.0
mp-28270,6.0
mp-28599,17.0
mp-2880,130.0
mp-318,33.0
mp-3415,68.0
mp-4175,39.0
mp-4210,59.0
mp-4243,74.0
mp-4370,34.0
mp-4533,35.0
mp-4699,97.0
mp-504715,-15.0
mp-5346,71.0
mp-5388,14.0
mp-540999,-7.0
mp-546266,36.0
mp-556225,8.0
mp-558852,49.0
mp-561079,16.0
mp-567362,-5.0
mp-568735,187.0
mp-569018,15.0
mp-581707,24.0
mp-6270,43.0
mp-7170,45.0
mp-733,28.0
mp-760408,51.0
mp-861947,25.0
mp-861979,86.0
mp-864799,21.0
mp-865162,68.0
mp-866133,19.0
mp-866171,19.0
mp-980191,8.0
mp-985828,18.0
mp-9930,35.0
mp-997051,-16.0
mp-9989,119.0
mvc-16001,-236.0
mp-1018081,94.0
mp-1018633,-1.0
mp-1022553,17.0
mp-1023129,17.0
mp-10680,17.0
mp-11390,46.0
mp-12005,65.0
mp-13160,54.0
mp-20474,27.0
mp-21455,105.0
mp-24081,9.0
mp-27677,19.0
mp-27725,2.0
mp-28283,9.0
mp-30207,21.0
mp-30251,28.0
mp-38818,219.0
mp-570491,96.0
mp-5795,73.0
mp-604884,75.0
mp-613989,90.0
mp-626785,8.0
mp-631390,-8.0
mp-631441,90.0
mp-631442,-6.0
mp-631571,83.0
mp-6493,54.0
mp-684597,27.0
mp-757031,72.0
mp-864771,15.0
mp-865796,50.0
mp-867242,46.0
mp-9550,75.0
mp-962063,24.0
mp-975658,23.0
mp-976236,33.0
mp-978276,27.0
mp-983358,91.0
mp-989651,9.0
mp-1009750,45.0
mp-1018040,20.0
mp-1018122,29.0
mp-1024963,67.0
mp-1159,32.0
mp-1170,10.0
mp-12605,121.0
mp-12961,22.0
mp-13138,37.0
mp-16246,14.0
mp-1958,23.0
mp-20214,50.0
mp-20555,-8.0
mp-21276,29.0
mp-22003,8.0
mp-251,127.0
mp-30858,103.0
mp-35082,3.0
mp-35777,12.0
mp-561949,28.0
mp-567504,6.0
mp-570232,8.0
mp-665,10.0
mp-6668,58.0
mp-7251,77.0
mp-747,38.0
mp-754960,36.0
mp-755219,35.0
mp-761390,96.0
mp-861946,36.0
mp-865076,12.0
mp-865859,20.0
mp-865935,19.0
mp-867285,34.0
mp-971682,72.0
mp-973300,25.0
mp-975065,167.0
mp-1008556,112.0
mp-1009596,-17.0
mp-11571,14.0
mp-12360,18.0
mp-12814,11.0
mp-14815,12.0
mp-1674,28.0
mp-20525,26.0
mp-20716,3.0
mp-20729,11.0
mp-2384,44.0
mp-2393,16.0
mp-2593,85.0
mp-28722,2.0
mp-30585,45.0
mp-30661,25.0
mp-30819,54.0
mp-4196,81.0
mp-4198,13.0
mp-4250,53.0
mp-4653,103.0
mp-4854,40.0
mp-5014,16.0
mp-559976,27.0
mp-568430,30.0
mp-571428,86.0
mp-631339,16.0
mp-631754,37.0
mp-755323,31.0
mp-768368,9.0
mp-768572,35.0
mp-7931,27.0
mp-7986,86.0
mp-850978,71.0
mp-862841,26.0
mp-865195,57.0
mp-865206,48.0
mp-867846,117.0
mp-867895,32.0
mp-9146,14.0
mp-9289,54.0
mp-972494,16.0
mp-973060,25.0
mp-973974,2.0
mp-975299,5.0
mp-975321,5.0
mp-976025,30.0
mp-976412,7.0
mp-977439,16.0
mp-977555,0.0
mp-978823,22.0
mp-979417,24.0
mp-981385,52.0
mp-1003317,65.0
mp-1007853,75.0
mp-1008500,28.0
mp-1009014,31.0
mp-1009540,18.0
mp-1013708,8.0
mp-1016882,15.0
mp-1018115,50.0
mp-1023213,-6.0
mp-1025321,13.0
mp-1029293,43.0
mp-1029531,28.0
mp-1030,32.0
mp-10630,2.0
mp-10638,58.0
mp-1070,15.0
mp-1168,7.0
mp-1475,150.0
mp-15789,30.0
mp-15837,53.0
mp-1910,65.0
mp-19163,29.0
mp-19754,61.0
mp-20245,32.0
mp-20622,44.0
mp-22156,92.0
mp-22325,20.0
mp-22859,4.0
mp-28020,6.0
mp-30477,26.0
mp-30528,12.0
mp-30892,11.0
mp-3097,90.0
mp-31294,25.0
mp-4973,52.0
mp-554451,22.0
mp-555763,33.0
mp-558579,4.0
mp-559390,42.0
mp-568584,1.0
mp-570837,16.0
mp-625998,19.0
mp-669692,79.0
mp-676512,27.0
mp-7350,46.0
mp-7524,76.0
mp-7822,72.0
mp-7924,11.0
mp-8200,26.0
mp-8338,21.0
mp-8348,6.0
mp-850916,46.0
mp-862432,36.0
mp-862704,40.0
mp-867126,1.0
mp-867920,47.0
mp-867922,84.0
mp-8922,49.0
mp-974799,12.0
mp-977572,78.0
mp-978509,35.0
mp-979935,6.0
mp-981548,19.0
mp-983229,24.0
mp-996987,42.0
mp-1005,133.0
mp-1008928,18.0
mp-1009264,55.0
mp-1018029,46.0
mp-13288,1.0
mp-14796,13.0
mp-15643,31.0
mp-16329,48.0
mp-1802,14.0
mp-19904,37.0
mp-20180,121.0
mp-21113,57.0
mp-21214,-32.0
mp-2251,34.0
mp-2271,68.0
mp-22886,-46.0
mp-22901,12.0
mp-22919,11.0
mp-23697,-41.0
mp-242,111.0
mp-2909,30.0
mp-30673,67.0
mp-30847,56.0
mp-3186,104.0
mp-32,45.0
mp-3605,65.0
mp-3804,57.0
mp-510430,17.0
mp-557753,18.0
mp-567929,77.0
mp-568424,29.0
mp-569364,152.0
mp-570690,187.0
mp-5924,118.0
mp-623,36.0
mp-631418,-599.0
mp-675104,10.0
mp-75,20.0
mp-775757,102.0
mp-861867,1.0
mp-861873,104.0
mp-864763,19.0
mp-9274,6.0
mp-933,51.0
mp-961655,-0.0
mp-972244,40.0
mp-976159,22.0
mp-977434,94.0
mp-978304,40.0
mp-997617,203.0
mp-999395,54.0
mp-1008776,18.0
mp-1018068,-25.0
mp-1029458,60.0
mp-11169,50.0
mp-11290,26.0
mp-11322,92.0
mp-15781,22.0
mp-15951,25.0
mp-16036,38.0
mp-1753,46.0
mp-19893,21.0
mp-2006,122.0
mp-22811,22.0
mp-2640,52.0
mp-30451,27.0
mp-3088,62.0
mp-31469,62.0
mp-33029,46.0
mp-3323,88.0
mp-3702,73.0
mp-546790,24.0
mp-558050,21.0
mp-568005,12.0
mp-6473,41.0
mp-6847,31.0
mp-773864,47.0
mp-8093,9.0
mp-862338,47.0
mp-862911,94.0
mp-865730,26.0
mp-867862,-0.0
mp-9166,35.0
mp-922,91.0
mp-9472,20.0
mp-973738,400.0
mp-978275,183.0
mp-978495,-40.0
mp-978515,34.0
mp-978929,23.0
mp-978993,10.0
mp-985579,44.0
mp-10018,14.0
mp-1007918,18.0
mp-1013911,18.0
mp-1022721,-666.0
mp-1029396,45.0
mp-11489,11.0
mp-1272,96.0
mp-13149,37.0
mp-13474,49.0
mp-1409,97.0
mp-16238,21.0
mp-1857,17.0
mp-18946,89.0
mp-19069,37.0
mp-21765,26.0
mp-2280,26.0
mp-23251,7.0
mp-27198,11.0
mp-27227,19.0
mp-2768,14.0
mp-30774,45.0
mp-4025,60.0
mp-542435,61.0
mp-546633,8.0
mp-568269,51.0
mp-570122,16.0
mp-601820,96.0
mp-643009,26.0
mp-6560,7.0
mp-676011,30.0
mp-7477,50.0
mp-7573,208.0
mp-7599,139.0
mp-7863,18.0
mp-864978,31.0
mp-865170,-57.0
mp-865630,-95.0
mp-865869,57.0
mp-867317,50.0
mp-971,12.0
mp-974387,14.0
mp-975638,23.0
mp-976055,5.0
mp-977578,54.0
mp-978523,34.0
mp-979427,26.0
mp-996996,62.0
mp-999072,16.0
mp-1012640,104.0
mp-1025285,60.0
mp-11235,14.0
mp-12574,30.0
mp-1330,217.0
mp-13815,19.0
mp-139,6.0
mp-150,9.0
mp-1700,121.0
mp-1821,20.0
mp-1836,9.0
mp-20432,36.0
mp-22740,49.0
mp-22849,2.0
mp-2533,96.0
mp-2987,14.0
mp-30053,11.0
mp-30625,23.0
mp-30750,65.0
mp-31170,2.0
mp-463,17.0
mp-4784,68.0
mp-505005,43.0
mp-567787,3.0
mp-568596,15.0
mp-569679,7.0
mp-570904,54.0
mp-5929,17.0
mp-631562,-102.0
mp-631567,-66.0
mp-654812,47.0
mp-7228,151.0
mp-755298,38.0
mp-755480,7.0
mp-862728,24.0
mp-862943,13.0
mp-863652,32.0
mp-864622,28.0
mp-864991,-36.0
mp-865163,66.0
mp-865878,72.0
mp-867879,20.0
mp-973847,26.0
mp-979936,6.0
mp-981200,-2.0
mp-981390,-15.0
mp-9830,77.0
mp-989592,45.0
mp-998552,103.0
mp-1008554,56.0
mp-1013582,11.0
mp-1018649,347.0
mp-1018664,46.0
mp-1025374,-4.0
mp-11274,-114.0
mp-11281,138.0
mp-13070,55.0
mp-16723,33.0
mp-19225,41.0
mp-22535,88.0
mp-29652,14.0
mp-3020,90.0
mp-30406,22.0
mp-30502,28.0
mp-30821,57.0
mp-35539,21.0
mp-5495,14.0
mp-559200,22.0
mp-569895,9.0
mp-582227,19.0
mp-631431,-112.0
mp-6766,64.0
mp-6908,28.0
mp-754333,155.0
mp-772856,16.0
mp-866212,-34.0
mp-8753,9.0
mp-957,6.0
mp-961716,19.0
mp-973834,21.0
mp-979435,26.0
mp-985292,25.0
mp-1009653,-0.0
mp-1029595,21.0
mp-10654,9.0
mp-13963,27.0
mp-1406,25.0
mp-15649,96.0
mp-16287,68.0
mp-16488,74.0
mp-18746,67.0
mp-19140,-8.0
mp-20066,3.0
mp-21054,41.0
mp-2339,58.0
mp-24082,66.0
mp-27831,5.0
mp-30045,68.0
mp-31510,37.0
mp-505249,71.0
mp-510402,44.0
mp-540791,88.0
mp-550820,55.0
mp-553961,61.0
mp-557233,21.0
mp-557559,1.0
mp-627,10.0
mp-758835,36.0
mp-7618,14.0
mp-777667,36.0
mp-850251,58.0
mp-861507,107.0
mp-861627,42.0
mp-865252,97.0
mp-866046,45.0
mp-9548,15.0
mp-975904,10.0
mp-1014229,47.0
mp-1037,72.0
mp-10398,76.0
mp-11276,100.0
mp-11416,80.0
mp-11596,60.0
mp-11958,23.0
mp-13254,34.0
mp-13363,60.0
mp-1547,58.0
mp-15695,46.0
mp-1591,113.0
mp-16326,48.0
mp-20195,28.0
mp-20249,107.0
mp-20489,50.0
mp-20862,55.0
mp-20883,53.0
mp-21024,24.0
mp-21087,29.0
mp-21272,59.0
mp-21306,100.0
mp-22496,5.0
mp-22701,62.0
mp-28282,8.0
mp-28897,73.0
mp-2895,74.0
mp-29761,25.0
mp-29862,11.0
mp-30351,2.0
mp-3223,90.0
mp-570219,5.0
mp-570775,13.0
mp-571552,65.0
mp-631255,-156.0
mp-7226,93.0
mp-756134,75.0
mp-7979,9.0
mp-829,52.0
mp-861937,20.0
mp-862881,18.0
mp-864772,41.0
mp-865094,92.0
mp-865120,57.0
mp-865338,38.0
mp-865403,58.0
mp-865894,24.0
mp-961706,68.0
mp-974558,1.0
mp-9853,47.0
mp-985303,20.0
mp-989540,18.0
mp-1001019,20.0
mp-1002183,114.0
mp-1013528,22.0
mp-1017632,46.0
mp-1018645,-76.0
mp-1025360,14.0
mp-1029407,36.0
mp-11269,25.0
mp-127,3.0
mp-1921,51.0
mp-19747,22.0
mp-22312,84.0
mp-22637,99.0
mp-22692,57.0
mp-2319,157.0
mp-2689,44.0
mp-27507,6.0
mp-2775,30.0
mp-2780,51.0
mp-2850,166.0
mp-3034,48.0
mp-30409,48.0
mp-30457,50.0
mp-31118,81.0
mp-33365,10.0
mp-3748,80.0
mp-4342,68.0
mp-435,25.0
mp-4428,39.0
mp-4979,38.0
mp-510625,58.0
mp-5605,54.0
mp-568619,187.0
mp-569170,19.0
mp-570483,57.0
mp-600561,47.0
mp-690490,114.0
mp-7621,10.0
mp-7834,14.0
mp-861735,3.0
mp-862379,43.0
mp-864805,29.0
mp-864947,-112.0
mp-867143,38.0
mp-867915,84.0
mp-881,82.0
mp-902,15.0
mp-976784,21.0
mp-978034,2.0
mp-984352,109.0
mp-998554,12.0
mvc-13995,63.0
mp-1002114,-29.0
mp-1003313,73.0
mp-1003322,64.0
mp-1009766,3.0
mp-1013716,9.0
mp-1021489,97.0
mp-1077353,31.0
mp-13504,64.0
mp-1373,44.0
mp-1649,40.0
mp-16733,51.0
mp-1989,133.0
mp-22935,9.0
mp-29615,14.0
mp-3053,33.0
mp-30767,25.0
mp-36216,9.0
mp-552098,27.0
mp-557142,24.0
mp-5594,72.0
mp-559959,10.0
mp-561511,117.0
mp-569073,19.0
mp-569628,19.0
mp-580931,14.0
mp-603719,182.0
mp-670,111.0
mp-695850,3.0
mp-7422,36.0
mp-7947,39.0
mp-8335,56.0
mp-864765,19.0
mp-864896,69.0
mp-865529,12.0
mp-866162,14.0
mp-9719,28.0
mp-973022,65.0
mp-975423,79.0
mp-976263,21.0
mp-980052,14.0
mp-981393,28.0
mp-981458,28.0
mp-1002109,71.0
mp-1021667,24.0
mp-1172,58.0
mp-1359,105.0
mp-16376,47.0
mp-1799,120.0
mp-18854,70.0
mp-1918,79.0
mp-19736,2.0
mp-19857,47.0
mp-25542,40.0
mp-2664,65.0
mp-2713,55.0
mp-28319,4.0
mp-29057,9.0
mp-484,11.0
mp-5620,108.0
mp-567503,2.0
mp-569423,7.0
mp-569927,47.0
mp-5820,93.0
mp-610972,34.0
mp-631475,-74.0
mp-640885,29.0
mp-672233,1.0
mp-673245,15.0
mp-675464,41.0
mp-684031,51.0
mp-690525,44.0
mp-695,94.0
mp-7168,49.0
mp-7223,49.0
mp-7424,48.0
mp-7429,19.0
mp-753508,15.0
mp-755302,31.0
mp-863737,30.0
mp-867195,63.0
mp-9583,21.0
mp-971979,29.0
mp-976023,14.0
mp-978264,23.0
mp-978519,29.0
mp-998894,14.0
mp-999336,25.0
mp-1024071,35.0
mp-13364,28.0
mp-1410,122.0
mp-1895,80.0
mp-19252,15.0
mp-20325,92.0
mp-20337,46.0
mp-20940,66.0
mp-2125,17.0
mp-21851,77.0
mp-2716,38.0
mp-2893,88.0
mp-29091,37.0
mp-2914,67.0
mp-30073,56.0
mp-3035,76.0
mp-30981,18.0
mp-36033,56.0
mp-4896,35.0
mp-505825,14.0
mp-568865,44.0
mp-569289,3.0
mp-6494,24.0
mp-753380,22.0
mp-7577,116.0
mp-7785,22.0
mp-784631,112.0
mp-7937,48.0
mp-797,51.0
mp-862256,-13.0
mp-865517,41.0
mp-9453,40.0
mp-973109,-1.0
mp-976321,-4.0
mp-976806,22.0
mp-977264,21.0
mp-980062,31.0
mp-984356,77.0
mp-989642,13.0
mp-1008274,149.0
mp-10166,7.0
mp-1025386,55.0
mp-10457,92.0
mp-1073,15.0
mp-10877,63.0
mp-1114,112.0
mp-11550,28.0
mp-11583,68.0
mp-1332,120.0
mp-15793,26.0
mp-16228,-42.0
mp-1718,72.0
mp-21345,38.0
mp-2573,57.0
mp-265,212.0
mp-2678,141.0
mp-27660,19.0
mp-27689,7.0
mp-3054,27.0
mp-31017,90.0
mp-4150,16.0
mp-4483,23.0
mp-5077,23.0
mp-5373,99.0
mp-569197,50.0
mp-5702,26.0
mp-570641,187.0
mp-571499,96.0
mp-637179,13.0
mp-640041,33.0
mp-755013,68.0
mp-769096,86.0
mp-7832,196.0
mp-79,37.0
mp-7973,40.0
mp-862854,50.0
mp-864667,-6.0
mp-865235,91.0
mp-865997,28.0
mp-866168,13.0
mp-866191,34.0
mp-867343,4.0
mp-8765,18.0
mp-962067,3.0
mp-971891,28.0
mp-973956,21.0
mp-976060,42.0
mp-976856,-2.0
mp-977428,41.0
mp-981386,16.0
mp-9819,3.0
mp-984104,34.0
mp-984712,80.0
mp-988939,17.0
mp-989609,72.0
mp-9902,77.0
mp-998901,-626.0
mp-999446,3.0
mp-1002221,38.0
mp-1008285,34.0
mp-1008734,-80.0
mp-1009733,24.0
mp-1014462,-11.0
mp-1047,38.0
mp-1062,21.0
mp-10658,27.0
mp-10714,82.0
mp-10764,37.0
mp-10924,99.0
mp-1093,41.0
mp-11421,-21.0
mp-1239,60.0
mp-15780,75.0
mp-16271,14.0
mp-16775,31.0
mp-23060,4.0
mp-23201,15.0
mp-24011,51.0
mp-2478,140.0
mp-29210,29.0
mp-2988,32.0
mp-30460,48.0
mp-348,31.0
mp-3488,42.0
mp-4105,74.0
mp-567713,8.0
mp-570272,28.0
mp-600428,55.0
mp-6008,97.0
mp-7352,48.0
mp-786,40.0
mp-862837,13.0
mp-866081,25.0
mp-867859,41.0
mp-867911,10.0
mp-977445,27.0
mvc-13960,16.0
mp-1006886,29.0
mp-1008559,158.0
mp-1009083,27.0
mp-1016846,53.0
mp-1018659,90.0
mp-11155,40.0
mp-11834,38.0
mp-1209,22.0
mp-12609,3.0
mp-1399,31.0
mp-1482,69.0
mp-15179,35.0
mp-17129,45.0
mp-2065,39.0
mp-22979,89.0
mp-23188,8.0
mp-2334,35.0
mp-2396,29.0
mp-241,28.0
mp-3107,60.0
mp-401,37.0
mp-4148,53.0
mp-4484,48.0
mp-540925,5.0
mp-548403,9.0
mp-55,13.0
mp-551736,-153.0
mp-568595,160.0
mp-569106,21.0
mp-570998,24.0
mp-5916,56.0
mp-632402,13.0
mp-641539,144.0
mp-643409,51.0
mp-7003,52.0
mp-7007,6.0
mp-7603,30.0
mp-7918,82.0
mp-7928,18.0
mp-8123,61.0
mp-862288,64.0
mp-862609,109.0
mp-8638,163.0
mp-864948,-34.0
mp-864949,90.0
mp-867802,52.0
mp-867909,49.0
mp-972002,14.0
mp-973265,16.0
mp-978267,28.0
mp-980199,25.0
mp-9872,9.0
mp-999190,90.0
mp-999292,-7.0
mp-1007821,58.0
mp-1009217,22.0
mp-1024955,35.0
mp-10293,11.0
mp-11364,44.0
mp-11452,117.0
mp-11578,65.0
mp-1176,20.0
mp-12414,20.0
mp-12427,92.0
mp-1282,204.0
mp-1314,32.0
mp-1462,18.0
mp-19086,31.0
mp-19412,46.0
mp-2049,59.0
mp-20690,45.0
mp-2726,30.0
mp-27319,79.0
mp-27840,34.0
mp-29748,12.0
mp-29806,4.0
mp-33723,5.0
mp-4187,62.0
mp-555037,8.0
mp-567462,117.0
mp-568069,22.0
mp-568428,7.0
mp-569250,116.0
mp-569331,21.0
mp-631256,-15.0
mp-631320,33.0
mp-685036,89.0
mp-7440,13.0
mp-753629,78.0
mp-754673,29.0
mp-776952,25.0
mp-8145,58.0
mp-8583,44.0
mp-861881,12.0
mp-862778,112.0
mp-864655,69.0
mp-864857,56.0
mp-865212,177.0
mp-865237,40.0
mp-865353,2.0
mp-8860,11.0
mp-9586,30.0
mp-972456,22.0
mp-975255,60.0
mp-975383,6.0
mp-978278,6.0
mp-985471,13.0
mp-1002207,33.0
mp-1008610,31.0
mp-1025218,67.0
mp-1025377,6.0
mp-1025431,31.0
mp-10759,45.0
mp-1250,32.0
mp-19920,27.0
mp-20426,44.0
mp-20586,75.0
mp-20753,76.0
mp-21175,40.0
mp-21215,28.0
mp-21251,58.0
mp-22786,48.0
mp-23152,13.0
mp-27456,8.0
mp-2955,42.0
mp-29646,75.0
mp-29866,1.0
mp-30657,40.0
mp-3553,16.0
mp-4228,88.0
mp-567244,11.0
mp-571653,382.0
mp-625055,37.0
mp-675349,29.0
mp-71,9.0
mp-754327,59.0
mp-754478,97.0
mp-758933,180.0
mp-7915,114.0
mp-7927,157.0
mp-8110,136.0
mp-867908,11.0
mp-8771,139.0
mp-9164,62.0
mp-984873,53.0
mp-990,38.0
mp-999139,13.0
mp-1013548,49.0
mp-1014,15.0
mp-1019357,42.0
mp-1025045,45.0
mp-1025397,80.0
mp-1029337,75.0
mp-1084,201.0
mp-12467,26.0
mp-18513,20.0
mp-19946,31.0
mp-20111,43.0
mp-23159,13.0
mp-27710,258.0
mp-2851,47.0
mp-3637,61.0
mp-37214,66.0
mp-4030,7.0
mp-510281,50.0
mp-558125,63.0
mp-567220,70.0
mp-567618,38.0
mp-568002,2.0
mp-648,18.0
mp-7466,30.0
mp-840,55.0
mp-862934,31.0
mp-863734,-7.0
mp-865648,27.0
mp-865768,89.0
mp-9573,33.0
mp-966800,31.0
mp-9687,9.0
mp-984765,18.0
mp-989539,16.0
mp-1008630,231.0
mp-1009757,7.0
mp-1018102,29.0
mp-10255,198.0
mp-1029338,70.0
mp-1029652,94.0
mp-1029921,58.0
mp-12086,52.0
mp-12931,68.0
mp-13035,-482.0
mp-1687,25.0
mp-18427,82.0
mp-20487,15.0
mp-21030,88.0
mp-21462,10.0
mp-23818,39.0
mp-2819,-5.0
mp-30779,27.0
mp-4583,-117.0
mp-4604,72.0
mp-4692,74.0
mp-4828,41.0
mp-5396,73.0
mp-551675,63.0
mp-554252,35.0
mp-555576,11.0
mp-559676,16.0
mp-570910,10.0
mp-631394,-97.0
mp-644271,10.0
mp-6764,-20.0
mp-6954,31.0
mp-7068,31.0
mp-752463,60.0
mp-752467,53.0
mp-754624,126.0
mp-755552,40.0
mp-755875,89.0
mp-756436,46.0
mp-760411,42.0
mp-8499,72.0
mp-862363,41.0
mp-862727,18.0
mp-862980,41.0
mp-862993,38.0
mp-866295,18.0
mp-867207,32.0
mp-973153,28.0
mp-975387,5.0
mp-989193,-20.0
mp-1014246,81.0
mp-10144,141.0
mp-1016819,61.0
mp-1018810,3.0
mp-1023936,7.0
mp-1029312,36.0
mp-11407,79.0
mp-11469,17.0
mp-11661,111.0
mp-122,6.0
mp-12863,23.0
mp-1342,38.0
mp-18912,20.0
mp-19017,48.0
mp-20050,23.0
mp-22895,15.0
mp-2823,51.0
mp-28884,26.0
mp-377,54.0
mp-4541,31.0
mp-553932,24.0
mp-571493,12.0
mp-573119,57.0
mp-622041,19.0
mp-677103,10.0
mp-690794,35.0
mp-7443,47.0
mp-752496,66.0
mp-7846,50.0
mp-862865,5.0
mp-862875,7.0
mp-864932,32.0
mp-864983,94.0
mp-865168,308.0
mp-865927,71.0
mp-866062,106.0
mp-866202,-7.0
mp-867202,-1.0
mp-971827,21.0
mp-973933,17.0
mp-974341,105.0
mp-977534,92.0
mp-978986,34.0
mp-982725,113.0
mp-998947,93.0
mvc-13303,100.0
mp-1002117,66.0
mp-1016852,74.0
mp-1025150,15.0
mp-10422,21.0
mp-10901,63.0
mp-11554,14.0
mp-12565,31.0
mp-12598,59.0
mp-15679,74.0
mp-15819,79.0
mp-16720,43.0
mp-17045,67.0
mp-19777,3.0
mp-21875,29.0
mp-27471,73.0
mp-28240,2.0
mp-35388,27.0
mp-4901,17.0
mp-5058,15.0
mp-5519,45.0
mp-555506,-54.0
mp-5577,66.0
mp-558432,14.0
mp-567889,83.0
mp-571438,144.0
mp-610706,7.0
mp-631487,-60.0
mp-631502,-10.0
mp-631551,-6.0
mp-636273,10.0
mp-640095,12.0
mp-7469,22.0
mp-754364,59.0
mp-861588,25.0
mp-864795,15.0
mp-867182,32.0
mp-867250,20.0
mp-8772,188.0
mp-9578,22.0
mp-973826,35.0
mp-980942,21.0
mp-1008912,-38.0
mp-1017555,36.0
mp-1018124,82.0
mp-10245,83.0
mp-1029309,22.0
mp-11309,45.0
mp-1264,15.0
mp-13312,27.0
mp-1491,241.0
mp-19247,30.0
mp-19378,45.0
mp-19417,47.0
mp-2012,16.0
mp-204,16.0
mp-20531,38.0
mp-21318,16.0
mp-21443,17.0
mp-2369,36.0
mp-2501,141.0
mp-29419,2.0
mp-29618,103.0
mp-30353,63.0
mp-30579,26.0
mp-30613,35.0
mp-31153,36.0
mp-31208,78.0
mp-31454,70.0
mp-3205,18.0
mp-34195,20.0
mp-4300,31.0
mp-489,57.0
mp-505803,39.0
mp-540839,5.0
mp-553432,14.0
mp-556194,16.0
mp-567723,52.0
mp-568719,23.0
mp-570223,20.0
mp-571335,27.0
mp-578601,57.0
mp-618991,29.0
mp-622209,66.0
mp-7482,15.0
mp-777422,56.0
mp-856,87.0
mp-864598,27.0
mp-864987,60.0
mp-864989,130.0
mp-865176,23.0
mp-866112,68.0
mp-900,29.0
mp-9247,27.0
mp-961725,8.0
mp-972044,30.0
mp-973869,35.0
mp-976239,16.0
mp-989404,17.0
mp-1008881,51.0
mp-1009734,0.0
mp-1018112,4.0
mp-1021423,16.0
mp-1024984,57.0
mp-114,-33.0
mp-1644,3.0
mp-1659,3.0
mp-18802,56.0
mp-21237,82.0
mp-23155,0.0
mp-23715,17.0
mp-3148,11.0
mp-5068,35.0
mp-5197,125.0
mp-551250,37.0
mp-554352,24.0
mp-556424,35.0
mp-558046,25.0
mp-561827,-12.0
mp-568328,118.0
mp-568565,66.0
mp-570136,5.0
mp-570150,39.0
mp-570179,35.0
mp-570657,8.0
mp-615,20.0
mp-623134,51.0
mp-631338,-57.0
mp-643367,10.0
mp-864895,107.0
mp-865186,96.0
mp-865297,24.0
mp-867372,19.0
mp-9587,163.0
mp-973166,8.0
mp-975511,4.0
mp-978543,19.0
mp-989545,8.0
mp-10013,-4.0
mp-10027,52.0
mp-10059,130.0
mp-10125,59.0
mp-1021779,129.0
mp-11181,28.0
mp-11387,71.0
mp-11675,19.0
mp-123,21.0
mp-12884,36.0
mp-13181,1000.0
mp-13263,81.0
mp-16254,37.0
mp-166,0.0
mp-16732,-117.0
mp-18835,66.0
mp-19248,58.0
mp-19741,72.0
mp-20395,76.0
mp-21135,41.0
mp-21140,7.0
mp-23195,24.0
mp-2500,67.0
mp-389,58.0
mp-4472,183.0
mp-556788,37.0
mp-561664,6.0
mp-568095,90.0
mp-569639,6.0
mp-570140,1.0
mp-571033,8.0
mp-5752,106.0
mp-5778,137.0
mp-5962,20.0
mp-644246,31.0
mp-754823,39.0
mp-754839,32.0
mp-755010,19.0
mp-774736,15.0
mp-78,34.0
mp-7848,25.0
mp-8002,76.0
mp-8014,-4.0
mp-861883,13.0
mp-8621,14.0
mp-862657,43.0
mp-862719,36.0
mp-862880,-0.0
mp-865504,18.0
mp-865875,5.0
mp-9095,35.0
mp-971975,41.0
mp-975359,26.0
mp-977189,9.0
mp-977583,31.0
mp-990076,149.0
mp-1008689,-7.0
mp-1025192,130.0
mp-1029448,39.0
mp-10918,14.0
mp-1221,54.0
mp-1441,5.0
mp-18773,86.0
mp-19066,126.0
mp-19400,71.0
mp-2088,53.0
mp-2215,32.0
mp-22888,10.0
mp-2388,21.0
mp-2395,52.0
mp-2460,68.0
mp-2574,48.0
mp-28995,53.0
mp-29643,13.0
mp-3092,106.0
mp-3955,34.0
mp-4064,74.0
mp-504543,49.0
mp-530074,186.0
mp-5452,76.0
mp-570081,6.0
mp-643101,7.0
mp-7583,19.0
mp-758371,85.0
mp-8192,10.0
mp-862886,34.0
mp-864969,53.0
mp-865130,78.0
mp-865425,42.0
mp-865547,28.0
mp-866289,24.0
mp-9212,45.0
mp-974774,-1.0
mp-977013,5.0
mp-980749,101.0
mp-989644,8.0
mp-999263,84.0
mp-1018720,67.0
mp-10281,33.0
mp-10910,103.0
mp-14115,48.0
mp-19050,69.0
mp-19407,55.0
mp-27639,1.0
mp-2781,38.0
mp-29624,9.0
mp-34169,17.0
mp-3432,66.0
mp-384,37.0
mp-4157,12.0
mp-4909,59.0
mp-556034,2.0
mp-5606,25.0
mp-569724,41.0
mp-570923,57.0
mp-571310,18.0
mp-571443,22.0
mp-684768,57.0
mp-7483,13.0
mp-753920,66.0
mp-842,59.0
mp-861616,37.0
mp-861656,79.0
mp-861913,28.0
mp-862290,60.0
mp-862742,27.0
mp-862795,21.0
mp-864904,1.0
mp-864934,29.0
mp-864970,99.0
mp-865150,23.0
mp-865299,49.0
mp-865421,94.0
mp-865446,24.0
mp-865930,43.0
mp-866007,7.0
mp-866094,43.0
mp-866158,22.0
mp-866169,6.0
mp-866184,18.0
mp-867116,117.0
mp-867125,97.0
mp-8677,12.0
mp-9069,16.0
mp-9595,59.0
mp-9721,46.0
mp-972895,3.0
mp-974326,204.0
mp-975793,18.0
mp-976744,26.0
mp-977286,-1.0
mp-982667,61.0
mp-982772,23.0
mp-983602,15.0
mp-986,24.0
mvc-6389,29.0
mp-10061,9.0
mp-1008680,50.0
mp-1009020,-34.0
mp-1009583,-140.0
mp-1013527,65.0
mp-10140,54.0
mp-1018804,107.0
mp-1025276,109.0
mp-1029616,26.0
mp-11237,32.0
mp-1401,59.0
mp-18288,16.0
mp-18740,26.0
mp-2498,-47.0
mp-3093,106.0
mp-4656,85.0
mp-5213,29.0
mp-5347,16.0
mp-545756,8.0
mp-569837,56.0
mp-570749,14.0
mp-573563,94.0
mp-580234,83.0
mp-631694,-74.0
mp-677072,10.0
mp-692,27.0
mp-754238,54.0
mp-757233,85.0
mp-760,92.0
mp-8175,27.0
mp-864670,97.0
mp-864957,94.0
mp-865874,10.0
mp-867916,87.0
mp-971703,43.0
mp-978537,23.0
mp-979940,17.0
mp-989535,14.0
mp-999441,69.0
mvc-15643,61.0
mp-1008860,29.0
mp-1016296,23.0
mp-10197,-16.0
mp-1025126,57.0
mp-11872,20.0
mp-1339,204.0
mp-1497,143.0
mp-17177,57.0
mp-19758,6.0
mp-19871,37.0
mp-20305,25.0
mp-20777,52.0
mp-21019,24.0
mp-21844,37.0
mp-22149,45.0
mp-22229,49.0
mp-22467,17.0
mp-22894,6.0
mp-31337,31.0
mp-3385,50.0
mp-3521,12.0
mp-5419,43.0
mp-5564,42.0
mp-5652,59.0
mp-567089,34.0
mp-570286,3.0
mp-571485,51.0
mp-571636,5.0
mp-571664,9.0
mp-5782,21.0
mp-631421,0.0
mp-6952,31.0
mp-754567,30.0
mp-770881,28.0
mp-7787,57.0
mp-8253,36.0
mp-862901,46.0
mp-865811,19.0
mp-866142,93.0
mp-8938,149.0
mp-932,34.0
mp-975190,68.0
mp-975275,12.0
mp-977573,95.0
mp-989550,8.0
mp-9956,134.0
mp-1009769,128.0
mp-1018764,34.0
mp-1024954,53.0
mp-1025193,47.0
mp-11272,78.0
mp-11531,86.0
mp-1187,67.0
mp-1189,46.0
mp-1585,110.0
mp-20102,53.0
mp-21422,60.0
mp-22446,22.0
mp-2773,118.0
mp-2906,86.0
mp-30655,62.0
mp-30746,50.0
mp-30800,23.0
mp-31120,82.0
mp-3466,121.0
mp-5222,39.0
mp-562809,32.0
mp-567629,7.0
mp-567747,126.0
mp-568901,87.0
mp-568936,12.0
mp-570896,14.0
mp-572283,42.0
mp-573995,110.0
mp-657,21.0
mp-7232,9.0
mp-755021,124.0
mp-850,60.0
mp-864618,10.0
mp-864672,87.0
mp-867196,16.0
mp-8790,39.0
mp-9006,64.0
mp-972296,-200.0
mp-974613,-140.0
mp-976271,38.0
mp-977207,5.0
mp-977436,68.0
mp-977552,-319.0
mp-980001,14.0
mp-983590,82.0
mp-986716,22.0
mp-9946,33.0
mp-997031,65.0
mvc-15521,27.0
mp-10052,65.0
mp-1008874,67.0
mp-1014168,7.0
mp-1014316,-107.0
mp-1016871,41.0
mp-1017631,0.0
mp-1024993,125.0
mp-11307,20.0
mp-11503,-15.0
mp-1279,182.0
mp-15661,66.0
mp-16259,67.0
mp-16750,46.0
mp-20279,20.0
mp-23300,28.0
mp-2558,22.0
mp-2760,161.0
mp-28795,59.0
mp-2960,64.0
mp-30047,69.0
mp-31145,24.0
mp-334,38.0
mp-3359,52.0
mp-370,34.0
mp-568121,134.0
mp-569511,38.0
mp-569522,115.0
mp-571270,17.0
mp-600124,46.0
mp-643260,11.0
mp-694,12.0
mp-7189,65.0
mp-756034,45.0
mp-776,17.0
mp-8073,29.0
mp-862884,26.0
mp-864954,183.0
mp-864982,2.0
mp-865115,14.0
mp-865148,37.0
mp-865361,30.0
mp-872,16.0
mp-8874,68.0
mp-9459,52.0
mp-974973,53.0
mp-976114,24.0
mp-978277,18.0
mp-982393,23.0
mp-983063,15.0
mp-9835,63.0
mp-1009646,-33.0
mp-1013733,16.0
mp-1029750,35.0
mp-10960,60.0
mp-11201,45.0
mp-11351,45.0
mp-1145,253.0
mp-12004,64.0
mp-1208,61.0
mp-13852,80.0
mp-1407,47.0
mp-16497,45.0
mp-19366,58.0
mp-19435,52.0
mp-1948,13.0
mp-20552,70.0
mp-22418,32.0
mp-2466,40.0
mp-2536,100.0
mp-2797,42.0
mp-30566,17.0
mp-31136,39.0
mp-4823,20.0
mp-552016,23.0
mp-568631,55.0
mp-6092,74.0
mp-631503,28.0
mp-631561,-13.0
mp-715493,34.0
mp-753306,123.0
mp-754110,27.0
mp-768197,25.0
mp-8255,14.0
mp-861953,38.0
mp-862713,93.0
mp-863675,22.0
mp-864901,24.0
mp-865430,25.0
mp-865494,106.0
mp-866157,-47.0
mp-867221,84.0
mp-867816,117.0
mp-8800,14.0
mp-9756,65.0
mp-978293,16.0
mp-981397,18.0
mp-9918,22.0
mp-999550,48.0
mp-10015,130.0
mp-1001581,118.0
mp-1009818,288.0
mp-1025356,69.0
mp-1075,69.0
mp-12602,34.0
mp-1651,19.0
mp-18732,82.0
mp-20257,28.0
mp-2083,36.0
mp-24292,30.0
mp-2653,383.0
mp-306,36.0
mp-31093,63.0
mp-32777,88.0
mp-3503,68.0
mp-36248,8.0
mp-5135,107.0
mp-540584,18.0
mp-568607,94.0
mp-614013,7.0
mp-656887,78.0
mp-685055,14.0
mp-7002,71.0
mp-761293,49.0
mp-8603,10.0
mp-862879,0.0
mp-864640,107.0
mp-864742,-1.0
mp-867191,19.0
mp-9481,18.0
mp-961652,69.0
mp-973415,8.0
mp-975106,35.0
mp-977571,-20.0
mp-982070,137.0
mp-990430,56.0
mp-1018726,78.0
mp-1025252,9.0
mp-1234,61.0
mp-12520,32.0
mp-13082,91.0
mp-1573,30.0
mp-1774,162.0
mp-20358,23.0
mp-21316,125.0
mp-23259,16.0
mp-24723,64.0
mp-2661,33.0
mp-27253,38.0
mp-28896,68.0
mp-29069,22.0
mp-3155,120.0
mp-32811,13.0
mp-4109,39.0
mp-542569,103.0
mp-552738,38.0
mp-562100,11.0
mp-567278,99.0
mp-567558,6.0
mp-569850,11.0
mp-570093,38.0
mp-571619,76.0
mp-615141,7.0
mp-7186,63.0
mp-7187,59.0
mp-755465,71.0
mp-8074,36.0
mp-864921,79.0
mp-867210,9.0
mp-867799,25.0
mp-8843,21.0
mp-973068,79.0
mp-975609,-53.0
mp-977546,29.0
mp-978881,-33.0
mp-984772,17.0
mp-989533,40.0
mp-995181,3.0
mp-995191,3.0
mp-1001783,26.0
mp-1002230,4.0
mp-1019564,40.0
mp-1025191,41.0
mp-11239,47.0
mp-11275,173.0
mp-11652,50.0
mp-12669,65.0
mp-12951,62.0
mp-13520,16.0
mp-1565,103.0
mp-16506,35.0
mp-1854,37.0
mp-18922,53.0
mp-19448,78.0
mp-22211,-71.0
mp-23791,7.0
mp-259,121.0
mp-27276,68.0
mp-27512,60.0
mp-27519,3.0
mp-2772,87.0
mp-30031,3.0
mp-30461,23.0
mp-30738,112.0
mp-30848,37.0
mp-31368,4.0
mp-31402,44.0
mp-321,30.0
mp-3250,20.0
mp-4009,14.0
mp-4367,12.0
mp-4813,45.0
mp-550433,83.0
mp-552663,48.0
mp-567484,4.0
mp-568337,35.0
mp-570008,36.0
mp-571263,30.0
mp-629015,73.0
mp-635966,50.0
mp-674158,-0.0
mp-7263,56.0
mp-743,9.0
mp-754969,15.0
mp-755959,19.0
mp-7977,36.0
mp-862797,10.0
mp-864935,29.0
mp-865583,18.0
mp-865597,17.0
mp-865867,50.0
mp-865931,64.0
mp-866020,24.0
mp-866199,18.0
mp-867266,16.0
mp-867762,18.0
mp-973535,-25.0
mp-975463,33.0
mvc-14600,65.0
mvc-15843,17.0
mp-1007852,80.0
mp-1018166,127.0
mp-1018179,27.0
mp-1025324,71.0
mp-1025554,56.0
mp-10260,12.0
mp-1105,35.0
mp-11334,136.0
mp-15607,82.0
mp-1572,9.0
mp-19370,50.0
mp-1985,312.0
mp-21859,23.0
mp-22040,60.0
mp-22756,17.0
mp-22898,6.0
mp-27263,7.0
mp-29208,22.0
mp-29352,44.0
mp-29584,8.0
mp-3032,7.0
mp-4275,58.0
mp-458,87.0
mp-5075,120.0
mp-5288,80.0
mp-556076,45.0
mp-5663,53.0
mp-613,24.0
mp-755568,43.0
mp-766,105.0
mp-770618,87.0
mp-773602,-34.0
mp-7913,173.0
mp-861600,32.0
mp-862622,119.0
mp-864715,76.0
mp-864951,144.0
mp-865092,35.0
mp-865211,52.0
mp-865531,85.0
mp-865809,93.0
mp-867771,51.0
mp-961705,39.0
mp-9672,14.0
mp-975788,18.0
mp-977562,-6.0
mp-981232,25.0
mp-982381,15.0
mp-984551,11.0
mp-985587,3.0
mp-989575,21.0
mvc-11697,65.0
mvc-13470,22.0
mp-1014307,120.0
mp-1018013,23.0
mp-1022494,19.0
mp-10247,101.0
mp-1039147,24.0
mp-11476,52.0
mp-11714,187.0
mp-11822,36.0
mp-12710,28.0
mp-1315,52.0
mp-13174,4.0
mp-1996,84.0
mp-20521,6.0
mp-22289,84.0
mp-2243,96.0
mp-2697,38.0
mp-27863,21.0
mp-29327,14.0
mp-3534,13.0
mp-4002,35.0
mp-470,123.0
mp-5501,24.0
mp-567767,35.0
mp-568172,30.0
mp-568233,3.0
mp-569408,29.0
mp-570050,26.0
mp-571651,61.0
mp-607475,53.0
mp-629458,409.0
mp-631564,-468.0
mp-697030,53.0
mp-715553,54.0
mp-731,15.0
mp-754605,69.0
mp-7639,20.0
mp-782035,11.0
mp-8182,72.0
mp-863667,22.0
mp-863711,50.0
mp-865562,125.0
mp-865640,116.0
mp-867144,16.0
mp-972285,10.0
mp-998964,116.0
mp-999132,18.0
mp-1001828,-92.0
mp-1002105,231.0
mp-1008491,-70.0
mp-1016826,4.0
mp-10183,29.0
mp-1023193,25.0
mp-1025238,58.0
mp-1025461,24.0
mp-10550,70.0
mp-11695,7.0
mp-12572,13.0
mp-126,49.0
mp-12802,46.0
mp-12867,66.0
mp-14398,57.0
mp-1477,18.0
mp-161,173.0
mp-1773,270.0
mp-18962,53.0
mp-19880,74.0
mp-21048,138.0
mp-23039,33.0
mp-23714,24.0
mp-2483,78.0
mp-2732,84.0
mp-29066,89.0
mp-30148,423.0
mp-30815,49.0
mp-4354,14.0
mp-4908,68.0
mp-4953,27.0
mp-535,57.0
mp-557713,48.0
mp-567841,72.0
mp-568,54.0
mp-569114,12.0
mp-631299,3.0
mp-637575,182.0
mp-673171,-19.0
mp-752730,30.0
mp-754046,18.0
mp-754495,52.0
mp-754812,52.0
mp-7725,32.0
mp-7907,24.0
mp-861643,16.0
mp-862371,61.0
mp-862926,-705.0
mp-863673,21.0
mp-864889,39.0
mp-867137,89.0
mp-949028,17.0
mp-962068,19.0
mp-971739,51.0
mp-972536,12.0
mp-973778,-2.0
mp-984240,23.0
mp-1006057,22.0
mp-1016833,51.0
mp-1019109,45.0
mp-1025113,58.0
mp-1057,86.0
mp-10721,78.0
mp-11222,25.0
mp-11481,174.0
mp-1153,33.0
mp-19238,73.0
mp-23038,5.0
mp-2863,27.0
mp-2884,12.0
mp-36864,88.0
mp-496,31.0
mp-567871,64.0
mp-569788,33.0
mp-756490,27.0
mp-7723,569.0
mp-7878,28.0
mp-8528,87.0
mp-861955,28.0
mp-8632,-17.0
mp-864659,28.0
mp-865096,24.0
mp-865743,58.0
mp-867225,1.0
mp-961670,11.0
mp-973270,34.0
mp-999124,28.0
mp-10055,179.0
mp-11401,60.0
mp-11460,76.0
mp-11644,8.0
mp-12268,19.0
mp-20225,18.0
mp-21040,88.0
mp-21043,15.0
mp-2226,31.0
mp-23265,15.0
mp-2568,-13.0
mp-2822,22.0
mp-3108,84.0
mp-3444,67.0
mp-3648,0.0
mp-3927,26.0
mp-4091,141.0
mp-4613,80.0
mp-4895,39.0
mp-505296,48.0
mp-549709,34.0
mp-556548,49.0
mp-5597,79.0
mp-569871,32.0
mp-570018,28.0
mp-6179,19.0
mp-631479,22.0
mp-631572,-198.0
mp-6328,18.0
mp-640266,42.0
mp-7204,32.0
mp-753541,12.0
mp-753911,61.0
mp-7898,7.0
mp-8370,39.0
mp-864916,89.0
mp-865356,37.0
mp-865378,226.0
mp-865733,144.0
mp-865901,130.0
mp-865984,8.0
mp-866082,23.0
mp-866186,54.0
mp-867756,34.0
mp-8842,33.0
mp-8846,85.0
mp-972722,-55.0
mp-973185,40.0
mp-978525,-40.0
mp-978987,27.0
mp-979465,21.0
mp-984627,24.0
mp-984722,-71.0
mp-989504,33.0
mp-9938,100.0
mp-1001916,87.0
mp-1013702,12.0
mp-1014251,86.0
mp-1016197,28.0
mp-1017581,-73.0
mp-1018653,24.0
mp-1021668,-10.0
mp-1025441,122.0
mp-10635,23.0
mp-10662,-17.0
mp-11454,55.0
mp-11562,73.0
mp-11973,24.0
mp-12283,10.0
mp-1269,40.0
mp-132,10.0
mp-15999,20.0
mp-18829,67.0
mp-19807,57.0
mp-2033,73.0
mp-21855,21.0
mp-22513,12.0
mp-2322,60.0
mp-27719,44.0
mp-27932,27.0
mp-29666,10.0
mp-29964,87.0
mp-3197,36.0
mp-3372,13.0
mp-510589,41.0
mp-555296,42.0
mp-568382,30.0
mp-601842,97.0
mp-690760,32.0
mp-690789,11.0
mp-7476,48.0
mp-753490,70.0
mp-864937,22.0
mp-865080,18.0
mp-865241,88.0
mp-865523,72.0
mp-865608,32.0
mp-866179,29.0
mp-867206,19.0
mp-9744,25.0
mp-975972,22.0
mp-976142,19.0
mp-978527,19.0
mp-979955,10.0
mp-983586,18.0
mp-985281,14.0
mp-989405,9.0
mp-998900,-15.0
mp-999249,12.0
mp-10030,89.0
mp-1014214,-293.0
mp-1016873,90.0
mp-1017511,63.0
mp-1018941,28.0
mp-10244,83.0
mp-1025413,77.0
mp-11519,22.0
mp-11526,71.0
mp-11839,44.0
mp-1245,23.0
mp-12593,111.0
mp-13118,36.0
mp-1321,18.0
mp-1825,35.0
mp-19027,21.0
mp-1939,43.0
mp-24417,169.0
mp-29638,32.0
mp-31141,-20.0
mp-3428,-1.0
mp-5090,41.0
mp-510268,4.0
mp-568347,9.0
mp-571638,6.0
mp-5933,76.0
mp-620571,23.0
mp-627439,129.0
mp-631429,47.0
mp-7437,26.0
mp-7870,38.0
mp-7922,15.0
mp-8062,187.0
mp-82,7.0
mp-8484,62.0
mp-865183,6.0
mp-865884,59.0
mp-866132,19.0
mp-867130,21.0
mp-867829,82.0
mp-867849,18.0
mp-867853,0.0
mp-974458,81.0
mp-975664,22.0
mp-976356,24.0
mp-977421,39.0
mp-978652,12.0
mp-982637,5.0
mp-982885,15.0
mp-9839,33.0
mp-984544,37.0
mp-989566,6.0
mp-1008526,193.0
mp-1008728,76.0
mp-1009238,28.0
mp-1009819,31.0
mp-1017563,-28.0
mp-1018053,-5.0
mp-1025351,25.0
mp-1039434,14.0
mp-10633,-371.0
mp-11790,29.0
mp-13513,37.0
mp-13679,19.0
mp-16261,58.0
mp-1779,26.0
mp-18167,15.0
mp-20817,66.0
mp-20905,139.0
mp-21242,24.0
mp-21374,12.0
mp-21400,40.0
mp-21418,26.0
mp-27468,46.0
mp-27904,97.0
mp-28364,14.0
mp-29025,16.0
mp-30650,25.0
mp-3138,9.0
mp-3196,76.0
mp-505042,27.0
mp-5353,123.0
mp-541753,3.0
mp-545974,39.0
mp-567809,1.0
mp-571160,20.0
mp-631540,-47.0
mp-643,88.0
mp-696,70.0
mp-776216,38.0
mp-801,120.0
mp-8280,33.0
mp-8300,22.0
mp-862695,111.0
mp-865234,84.0
mp-865443,-105.0
mp-867798,11.0
mp-867925,19.0
mp-979234,19.0
mp-983236,29.0
mp-985296,32.0
mp-999266,217.0
mp-1007730,51.0
mp-1025155,46.0
mp-11445,59.0
mp-12411,39.0
mp-1306,40.0
mp-13095,26.0
mp-1387,10.0
mp-1629,10.0
mp-16828,37.0
mp-1783,15.0
mp-1852,11.0
mp-18848,76.0
mp-19791,48.0
mp-20146,60.0
mp-20320,12.0
mp-20689,168.0
mp-2102,47.0
mp-21447,98.0
mp-21493,57.0
mp-22698,55.0
mp-23033,33.0
mp-24154,81.0
mp-27769,79.0
mp-30603,56.0
mp-30764,70.0
mp-37473,71.0
mp-3803,146.0
mp-4088,70.0
mp-505822,77.0
mp-541365,49.0
mp-556041,29.0
mp-558189,-10.0
mp-571195,21.0
mp-590,46.0
mp-5983,69.0
mp-712,35.0
mp-7283,152.0
mp-763353,60.0
mp-862373,7.0
mp-863697,31.0
mp-8648,109.0
mp-865449,28.0
mp-865588,37.0
mp-973940,10.0
mp-977580,42.0
mp-978490,74.0
mp-980054,13.0
mp-981311,12.0
mp-989402,5.0
mp-998860,-258.0
mvc-14411,67.0
mp-1008986,-63.0
mp-1009545,94.0
mp-10180,27.0
mp-10256,39.0
mp-10289,95.0
mp-1029711,16.0
mp-10685,-59.0
mp-12648,143.0
mp-1468,0.0
mp-15621,30.0
mp-1690,15.0
mp-19365,29.0
mp-19800,109.0
mp-19896,19.0
mp-23305,8.0
mp-2341,46.0
mp-24205,59.0
mp-2563,45.0
mp-2784,15.0
mp-28069,24.0
mp-3931,51.0
mp-4529,14.0
mp-4549,32.0
mp-631310,-16.0
mp-631417,6.0
mp-634859,30.0
mp-64,34.0
mp-693,9.0
mp-761415,77.0
mp-771359,56.0
mp-7814,25.0
mp-8017,24.0
mp-8281,27.0
mp-8452,24.0
mp-8456,30.0
mp-866088,82.0
mp-867135,-15.0
mp-9127,42.0
mp-9690,28.0
mp-974457,81.0
mp-976289,9.0
mp-978624,18.0
mp-979429,17.0
mp-982017,17.0
mp-983359,-5.0
mp-9967,53.0
mp-999308,112.0
mvc-11438,14.0
mp-1014227,100.0
mp-1021503,137.0
mp-1025517,84.0
mp-1029404,79.0
mp-12388,59.0
mp-1291,20.0
mp-1299,67.0
mp-13446,72.0
mp-16250,29.0
mp-16905,15.0
mp-173,67.0
mp-20567,53.0
mp-2179,71.0
mp-2210,31.0
mp-22284,25.0
mp-2305,240.0
mp-23729,48.0
mp-23737,31.0
mp-2724,35.0
mp-2752,62.0
mp-30507,70.0
mp-3469,60.0
mp-365,113.0
mp-3934,36.0
mp-4590,75.0
mp-505515,22.0
mp-566131,28.0
mp-568075,-12.0
mp-569785,28.0
mp-581024,7.0
mp-637771,65.0
mp-768310,18.0
mp-864625,49.0
mp-865803,89.0
mp-867163,20.0
mp-9568,33.0
mp-976344,27.0
mp-977549,86.0
mp-978500,90.0
mp-982734,90.0
mp-1007923,105.0
mp-1025190,40.0
mp-1025222,44.0
mp-1029375,11.0
mp-1029610,45.0
mp-10688,85.0
mp-10873,23.0
mp-11466,2.0
mp-13136,153.0
mp-13178,123.0
mp-13925,21.0
mp-14753,66.0
mp-1521,55.0
mp-15397,86.0
mp-16524,41.0
mp-1749,28.0
mp-1777,19.0
mp-1785,32.0
mp-19128,33.0
mp-19836,11.0
mp-20082,60.0
mp-20133,157.0
mp-21236,31.0
mp-2172,39.0
mp-22212,94.0
mp-22962,7.0
mp-23137,69.0
mp-23850,5.0
mp-24517,13.0
mp-28497,11.0
mp-2858,85.0
mp-29920,10.0
mp-30825,88.0
mp-34467,29.0
mp-3470,67.0
mp-38394,13.0
mp-505212,2.0
mp-5190,30.0
mp-542065,6.0
mp-568245,1.0
mp-570543,-10.0
mp-6204,30.0
mp-631329,58.0
mp-644419,10.0
mp-679,67.0
mp-7438,17.0
mp-769253,27.0
mp-8215,18.0
mp-8462,64.0
mp-861738,26.0
mp-862602,91.0
mp-862720,-5.0
mp-864984,54.0
mp-865600,39.0
mp-867134,16.0
mp-9056,15.0
mp-9272,16.0
mp-973067,18.0
mp-974950,2.0
mp-982195,7.0
mp-10,43.0
mp-1009694,77.0
mp-1013703,12.0
mp-1018032,53.0
mp-10208,104.0
mp-1024994,32.0
mp-1029403,83.0
mp-1029741,38.0
mp-10674,9.0
mp-10698,37.0
mp-10734,92.0
mp-12803,36.0
mp-12954,63.0
mp-13399,47.0
mp-1345,33.0
mp-14089,23.0
mp-14209,47.0
mp-18712,21.0
mp-2018,74.0
mp-20235,30.0
mp-20731,10.0
mp-21366,49.0
mp-22206,62.0
mp-229,113.0
mp-22957,21.0
mp-23339,16.0
mp-2338,35.0
mp-2352,30.0
mp-23558,21.0
mp-24149,75.0
mp-25417,83.0
mp-29663,334.0
mp-29665,4.0
mp-2968,17.0
mp-30921,21.0
mp-3104,40.0
mp-441,11.0
mp-4481,49.0
mp-4856,50.0
mp-505110,50.0
mp-554201,36.0
mp-557018,34.0
mp-557762,77.0
mp-560620,39.0
mp-571222,5.0
mp-5760,49.0
mp-5840,79.0
mp-639662,4.0
mp-6972,32.0
mp-752953,71.0
mp-862620,180.0
mp-862903,11.0
mp-865108,15.0
mp-867110,63.0
mp-867193,21.0
mp-87,160.0
mp-8978,30.0
mp-973316,1.0
mp-978285,25.0
mp-978926,64.0
mp-982,45.0
mp-985285,12.0
mp-991676,20.0
mp-9927,27.0
mp-1011031,-24.0
mp-10139,69.0
mp-1018130,-51.0
mp-12516,22.0
mp-12585,151.0
mp-12630,40.0
mp-1357,96.0
mp-13982,28.0
mp-14338,6.0
mp-21371,112.0
mp-22489,85.0
mp-23262,30.0
mp-2381,46.0
mp-2516,29.0
mp-3040,118.0
mp-30619,34.0
mp-31324,25.0
mp-316,122.0
mp-3441,88.0
mp-3716,54.0
mp-506,12.0
mp-5126,32.0
mp-5260,59.0
mp-5381,82.0
mp-542106,39.0
mp-552454,119.0
mp-554238,18.0
mp-555370,70.0
mp-555403,3.0
mp-559492,16.0
mp-560119,17.0
mp-568931,33.0
mp-626708,20.0
mp-641923,4.0
mp-646824,21.0
mp-675271,4.0
mp-684668,24.0
mp-7149,16.0
mp-753459,101.0
mp-754009,46.0
mp-7604,81.0
mp-7622,10.0
mp-775808,49.0
mp-780260,17.0
mp-862885,28.0
mp-863684,21.0
mp-865112,17.0
mp-865594,38.0
mp-865996,27.0
mp-8868,3.0
mp-9195,21.0
mp-9307,24.0
mp-9610,17.0
mp-972185,-9.0
mp-972217,48.0
mp-978855,-9.0
mvc-10966,-9.0
mp-1008278,79.0
mp-1009471,210.0
mp-1011377,24.0
mp-1016823,102.0
mp-1017534,19.0
mp-1102,145.0
mp-16340,48.0
mp-1915,145.0
mp-1938,145.0
mp-1986,40.0
mp-20343,10.0
mp-20560,17.0
mp-23072,11.0
mp-2371,14.0
mp-24045,48.0
mp-25317,33.0
mp-2866,68.0
mp-28786,110.0
mp-2931,73.0
mp-29551,8.0
mp-30801,38.0
mp-4441,38.0
mp-474,36.0
mp-488,15.0
mp-504659,76.0
mp-51,5.0
mp-560,41.0
mp-567240,18.0
mp-567412,44.0
mp-569662,12.0
mp-570538,14.0
mp-5951,58.0
mp-631474,-9.0
mp-649479,21.0
mp-7017,91.0
mp-778364,25.0
mp-864631,65.0
mp-865530,30.0
mp-865586,112.0
mp-865671,32.0
mp-892,40.0
mp-973267,92.0
mp-979287,21.0
mp-983583,33.0
mp-9889,10.0
mp-999516,80.0
mp-10113,120.0
mp-1018132,22.0
mp-102,102.0
mp-1029408,50.0
mp-10649,32.0
mp-11360,30.0
mp-11493,12.0
mp-22258,104.0
mp-30799,27.0
mp-30807,62.0
mp-30818,38.0
mp-31458,32.0
mp-4323,59.0
mp-545481,17.0
mp-561480,36.0
mp-569008,1.0
mp-638765,48.0
mp-68,18.0
mp-697068,51.0
mp-6973,10.0
mp-754055,42.0
mp-754701,59.0
mp-755894,30.0
mp-761034,130.0
mp-765508,51.0
mp-80,-4.0
mp-862311,38.0
mp-862682,52.0
mp-865100,5.0
mp-865127,-1.0
mp-865815,17.0
mp-865912,33.0
mp-866178,29.0
mp-867313,42.0
mp-953,71.0
mp-974332,9.0
mp-976330,35.0
mp-977582,61.0
mp-979963,14.0
mp-983584,-9.0
mp-989524,57.0
mp-9906,103.0
mp-998527,55.0
mp-10167,3.0
mp-1029562,58.0
mp-11465,22.0
mp-17275,63.0
mp-19905,107.0
mp-20310,14.0
mp-22589,32.0
mp-2434,31.0
mp-2465,66.0
mp-258,12.0
mp-31147,31.0
mp-3710,85.0
mp-400,48.0
mp-45,8.0
mp-4505,43.0
mp-5215,49.0
mp-547244,-3.0
mp-555223,8.0
mp-561428,40.0
mp-569482,70.0
mp-570459,6.0
mp-631425,83.0
mp-637614,20.0
mp-662,25.0
mp-7099,96.0
mp-752401,8.0
mp-753890,72.0
mp-863723,56.0
mp-865049,38.0
mp-866164,24.0
mp-867148,57.0
mp-867248,12.0
mp-945,91.0
mp-961654,-25.0
mp-97,17.0
mp-971948,38.0
mp-972635,18.0
mp-973271,6.0
mp-978518,9.0
mp-985551,20.0
mp-985626,52.0
mp-989528,23.0
mp-999474,26.0
mp-1009533,22.0
mp-1014005,49.0
mp-10181,43.0
mp-1025272,79.0
mp-1039368,8.0
mp-10606,48.0
mp-13068,46.0
mp-14088,8.0
mp-15622,10.0
mp-19052,11.0
mp-1934,25.0
mp-20151,36.0
mp-20812,108.0
mp-2163,43.0
mp-27668,33.0
mp-27726,3.0
mp-27823,34.0
mp-33009,112.0
mp-342,19.0
mp-36526,47.0
mp-3807,25.0
mp-4189,35.0
mp-4359,55.0
mp-4385,32.0
mp-505215,24.0
mp-505540,76.0
mp-554212,22.0
mp-569610,1.0
mp-570784,156.0
mp-570886,1.0
mp-571044,114.0
mp-571622,76.0
mp-754553,57.0
mp-755378,45.0
mp-769365,22.0
mp-8150,18.0
mp-861637,60.0
mp-863674,25.0
mp-865462,115.0
mp-865566,52.0
mp-866155,86.0
mp-866220,26.0
mp-866286,20.0
mp-9570,34.0
mp-973534,154.0
mp-978953,13.0
mp-979038,13.0
mp-985438,9.0
mp-985586,24.0
mp-989587,-5.0
mp-997098,39.0
mp-10065,132.0
mp-10076,87.0
mp-1013553,37.0
mp-10148,299.0
mp-1016837,52.0
mp-10173,6.0
mp-1020703,77.0
mp-1025420,68.0
mp-1029262,61.0
mp-1040467,93.0
mp-11343,133.0
mp-11719,10.0
mp-14069,48.0
mp-20027,154.0
mp-22060,16.0
mp-2379,64.0
mp-28711,11.0
mp-504935,19.0
mp-553310,11.0
mp-558928,2.0
mp-560530,45.0
mp-568661,14.0
mp-569898,23.0
mp-570811,10.0
mp-643432,5.0
mp-697,60.0
mp-7540,3.0
mp-771199,55.0
mp-8041,7.0
mp-8101,63.0
mp-850062,42.0
mp-861662,40.0
mp-862897,15.0
mp-862942,17.0
mp-865051,15.0
mp-865079,0.0
mp-865650,94.0
mp-865660,25.0
mp-8780,140.0
mp-972985,47.0
mp-973734,24.0
mp-973960,-3.0
mp-975994,5.0
mp-980053,23.0
mp-989695,48.0
mp-999189,-4.0
mp-999376,115.0
mp-1001825,26.0
mp-1008558,22.0
mp-1018714,66.0
mp-1025176,34.0
mp-10614,30.0
mp-121,-4.0
mp-12763,67.0
mp-14,6.0
mp-15701,99.0
mp-1598,14.0
mp-17095,8.0
mp-20922,18.0
mp-21391,38.0
mp-2364,103.0
mp-24428,8.0
mp-27388,36.0
mp-4405,9.0
mp-556094,14.0
mp-558798,39.0
mp-73,1287.0
mp-8207,65.0
mp-863076,5.0
mp-864908,109.0
mp-865987,15.0
mp-866120,23.0
mp-867170,99.0
mp-867226,12.0
mp-971705,18.0
mp-973402,16.0
mp-973777,-5.0
mp-983908,34.0
mp-984699,5.0
mp-1016848,51.0
mp-1018721,60.0
mp-10390,71.0
mp-1039447,9.0
mp-1129,75.0
mp-11367,29.0
mp-11700,29.0
mp-11733,71.0
mp-1265,119.0
mp-12874,-44.0
mp-169,92.0
mp-17518,38.0
mp-20362,50.0
mp-22585,64.0
mp-27979,4.0
mp-28448,6.0
mp-2977,9.0
mp-30182,74.0
mp-30796,-167.0
mp-34477,31.0
mp-5020,42.0
mp-551685,20.0
mp-556253,71.0
mp-558518,21.0
mp-568371,77.0
mp-568509,112.0
mp-637255,48.0
mp-696114,4.0
mp-775127,41.0
mp-865916,115.0
mp-865933,102.0
mp-866051,107.0
mp-867255,14.0
mp-8943,18.0
mp-9312,84.0
mp-972884,34.0
mp-973979,29.0
mp-978501,41.0
mp-978508,48.0
mp-984796,24.0
mp-989542,10.0
mp-995214,7.0
mp-1001918,-200.0
mp-10025,102.0
mp-1007663,19.0
mp-1009088,52.0
mp-10161,16.0
mp-1019508,107.0
mp-10394,71.0
mp-11251,14.0
mp-11498,-13.0
mp-12608,74.0
mp-1302,162.0
mp-1768,-279.0
mp-20106,22.0
mp-2058,82.0
mp-21483,13.0
mp-2294,49.0
mp-23163,8.0
mp-2347,11.0
mp-2403,71.0
mp-266,49.0
mp-27636,4.0
mp-30441,152.0
mp-30852,86.0
mp-3522,37.0
mp-3682,25.0
mp-4090,85.0
mp-4593,129.0
mp-471,18.0
mp-556075,64.0
mp-570354,11.0
mp-574199,85.0
mp-6613,81.0
mp-675748,25.0
mp-70,1.0
mp-720,3.0
mp-753848,40.0
mp-8352,54.0
mp-8612,10.0
mp-864624,47.0
mp-864641,20.0
mp-866176,6.0
mp-866227,26.0
mp-8982,34.0
mp-962060,5.0
mp-972088,38.0
mp-973455,17.0
mp-975611,-54.0
mp-975920,17.0
mp-977165,21.0
mp-977392,28.0
mp-980064,26.0
mp-981749,34.0
mp-1017543,75.0
mp-1018083,14.0
mp-1018154,49.0
mp-1018734,49.0
mp-1025313,27.0
mp-1029699,4.0
mp-11492,29.0
mp-19819,16.0
mp-20599,18.0
mp-20741,125.0
mp-23291,8.0
mp-24148,73.0
mp-2698,22.0
mp-30671,63.0
mp-344,116.0
mp-505332,24.0
mp-505780,84.0
mp-554601,30.0
mp-555434,47.0
mp-568146,2.0
mp-620054,3.0
mp-622693,425.0
mp-631525,11.0
mp-631555,21.0
mp-643718,28.0
mp-6957,86.0
mp-7083,44.0
mp-72,61.0
mp-754629,26.0
mp-760432,45.0
mp-765499,33.0
mp-7929,17.0
mp-862949,16.0
mp-864898,16.0
mp-865805,75.0
mp-867902,100.0
mp-961649,76.0
mp-972228,61.0
mp-975652,23.0
mp-975848,23.0
mp-978514,25.0
mp-9881,5.0
mp-989548,29.0
mp-1038934,-34.0
mp-1038961,7.0
mp-10700,59.0
mp-12403,7.0
mp-13041,-17.0
mp-15051,50.0
mp-15856,78.0
mp-19330,33.0
mp-19784,94.0
mp-20744,51.0
mp-20760,14.0
mp-21662,116.0
mp-217,19.0
mp-22266,91.0
mp-23289,8.0
mp-23486,5.0
mp-2350,39.0
mp-2738,22.0
mp-27891,23.0
mp-28116,4.0
mp-32686,36.0
mp-47,525.0
mp-4893,86.0
mp-543001,62.0
mp-567395,13.0
mp-568992,65.0
mp-631455,-154.0
mp-695998,11.0
mp-7067,29.0
mp-784630,97.0
mp-8535,92.0
mp-862680,-4.0
mp-862691,117.0
mp-864601,33.0
mp-864606,84.0
mp-864789,31.0
mp-865249,67.0
mp-865858,20.0
mp-865900,58.0
mp-8756,17.0
mp-927,50.0
mp-972373,1.0
mp-972960,13.0
mp-976139,8.0
mp-978833,22.0
mp-979044,37.0
mp-997569,4.0
mvc-13900,56.0
mvc-14006,42.0
mp-10000,74.0
mp-10046,115.0
mp-1013558,27.0
mp-12712,29.0
mp-12751,17.0
mp-1294,29.0
mp-12952,62.0
mp-1328,34.0
mp-15641,38.0
mp-16033,36.0
mp-20491,24.0
mp-2120,31.0
mp-21863,20.0
mp-23234,32.0
mp-2482,14.0
mp-27830,3.0
mp-29111,109.0
mp-29308,14.0
mp-3597,53.0
mp-4276,45.0
mp-4322,89.0
mp-4492,107.0
mp-505572,65.0
mp-568186,43.0
mp-634657,9.0
mp-7343,19.0
mp-763,118.0
mp-861951,64.0
mp-865240,25.0
mp-865487,27.0
mp-867810,13.0
mp-9068,17.0
mp-973191,-10.0
mp-973792,-10.0
mp-976272,16.0
mp-976598,61.0
mp-977126,6.0
mp-978497,-40.0
mp-983539,33.0
mp-999052,54.0
mp-1008487,186.0
mp-1018145,-9.0
mp-10207,299.0
mp-10895,98.0
mp-12128,4.0
mp-1247,72.0
mp-1378,29.0
mp-15624,22.0
mp-16370,26.0
mp-1795,29.0
mp-18927,61.0
mp-19112,39.0
mp-19246,33.0
mp-19284,36.0
mp-1953,70.0
mp-20237,69.0
mp-20281,73.0
mp-20356,35.0
mp-20458,10.0
mp-20486,17.0
mp-23229,7.0
mp-23281,2.0
mp-23312,3.0
mp-2795,159.0
mp-28110,5.0
mp-28683,3.0
mp-30156,79.0
mp-30301,14.0
mp-35308,15.0
mp-3556,70.0
mp-3827,9.0
mp-3924,100.0
mp-4291,50.0
mp-4652,47.0
mp-4674,8.0
mp-504687,25.0
mp-5414,15.0
mp-548469,35.0
mp-550893,115.0
mp-571102,5.0
mp-571322,-56.0
mp-644607,1.0
mp-755609,20.0
mp-828,103.0
mp-863710,19.0
mp-866221,-32.0
mp-9566,25.0
mp-961718,-3.0
mp-976030,20.0
mp-978534,56.0
mp-978549,23.0
mp-978885,-52.0
mp-981210,27.0
mp-981935,7.0
mp-998982,55.0
mp-1007819,128.0
mp-1016831,34.0
mp-11328,132.0
mp-11500,28.0
mp-11690,129.0
mp-1780,61.0
mp-19735,53.0
mp-216,79.0
mp-22320,88.0
mp-23051,-20.0
mp-2602,45.0
mp-281,22.0
mp-30562,12.0
mp-30811,98.0
mp-3236,53.0
mp-32662,73.0
mp-3315,55.0
mp-37,41.0
mp-4731,19.0
mp-492,180.0
mp-4922,26.0
mp-505599,53.0
mp-550008,83.0
mp-550070,12.0
mp-5513,7.0
mp-554769,29.0
mp-570290,15.0
mp-571124,8.0
mp-631661,-169.0
mp-7497,47.0
mp-753898,91.0
mp-761285,51.0
mp-766486,20.0
mp-862824,19.0
mp-863740,38.0
mp-961720,-33.0
mp-971909,16.0
mp-971996,47.0
mp-972202,47.0
mp-972907,36.0
mp-972987,47.0
mp-974581,-16.0
mp-977187,-22.0
mp-980662,35.0
mp-981933,13.0
mp-996941,0.0
mvc-11115,36.0
mp-1002106,11.0
mp-10056,129.0
mp-1007693,117.0
mp-1014230,56.0
mp-1024983,56.0
mp-1025273,11.0
mp-11247,6.0
mp-12521,32.0
mp-149,61.0
mp-16517,60.0
mp-19419,74.0
mp-20913,31.0
mp-22029,21.0
mp-23264,2.0
mp-2720,64.0
mp-30727,23.0
mp-451,80.0
mp-540789,2.0
mp-549158,37.0
mp-5622,85.0
mp-567698,3.0
mp-570683,21.0
mp-571163,65.0
mp-571353,15.0
mp-621348,17.0
mp-635460,-19.0
mp-635713,24.0
mp-643002,54.0
mp-6947,203.0
mp-7169,46.0
mp-7433,20.0
mp-756095,18.0
mp-864764,83.0
mp-865424,70.0
mp-865934,29.0
mp-866183,62.0
mp-867878,124.0
mp-9379,29.0
mp-962057,-27.0
mp-973875,-70.0
mvc-4274,44.0
mp-1002572,69.0
mp-10037,116.0
mp-1009078,58.0
mp-1009894,38.0
mp-1044,122.0
mp-11363,42.0
mp-11512,55.0
mp-13501,99.0
mp-13502,99.0
mp-1963,79.0
mp-2056,47.0
mp-23275,3.0
mp-2451,50.0
mp-2684,54.0
mp-28013,4.0
mp-28838,77.0
mp-2997,125.0
mp-30954,1.0
mp-3183,83.0
mp-5167,46.0
mp-6969,66.0
mp-755455,41.0
mp-756088,83.0
mp-760492,30.0
mp-7891,23.0
mp-8306,19.0
mp-861510,19.0
mp-862473,38.0
mp-862745,12.0
mp-862986,2.0
mp-865229,114.0
mp-866072,-57.0
mp-867178,24.0
mp-9718,6.0
mp-971911,25.0
mp-975905,28.0
mp-981379,28.0
mp-982010,19.0
mp-9951,82.0
mp-9957,101.0
mp-1013550,27.0
mp-1018101,46.0
mp-1025551,52.0
mp-10883,93.0
mp-13156,50.0
mp-13498,20.0
mp-1714,127.0
mp-1868,80.0
mp-20335,100.0
mp-2074,27.0
mp-21385,46.0
mp-22568,38.0
mp-22887,11.0
mp-27833,-1.0
mp-2933,118.0
mp-30851,73.0
mp-36086,91.0
mp-4006,65.0
mp-4396,10.0
mp-552008,31.0
mp-560588,33.0
mp-560676,13.0
mp-567229,65.0
mp-569496,37.0
mp-570,19.0
mp-570554,98.0
mp-571554,41.0
mp-571586,87.0
mp-631538,-139.0
mp-649774,13.0
mp-7143,56.0
mp-7493,17.0
mp-754138,40.0
mp-754912,31.0
mp-7801,30.0
mp-861605,30.0
mp-862588,31.0
mp-862754,22.0
mp-864620,23.0
mp-865030,80.0
mp-865322,58.0
mp-865561,34.0
mp-865752,25.0
mp-867826,25.0
mp-9386,-1.0
mp-961680,6.0
mp-974990,2.0
mp-977138,71.0
mp-977140,12.0
mp-980203,131.0
mp-981367,56.0
mp-981384,76.0
mp-996161,137.0
mp-997084,18.0
mp-999079,40.0
mp-1001788,41.0
mp-1016874,68.0
mp-1017447,64.0
mp-1018161,50.0
mp-1019277,23.0
mp-1025329,54.0
mp-10271,113.0
mp-10497,15.0
mp-1638,37.0
mp-18905,44.0
mp-19340,62.0
mp-20201,43.0
mp-20565,61.0
mp-20990,49.0
mp-21012,76.0
mp-2176,22.0
mp-22488,110.0
mp-27454,15.0
mp-2749,106.0
mp-2758,27.0
mp-31256,25.0
mp-32829,2.0
mp-36775,43.0
mp-542903,62.0
mp-568748,40.0
mp-568912,138.0
mp-569152,4.0
mp-569310,52.0
mp-6633,8.0
mp-753619,44.0
mp-754727,33.0
mp-7650,55.0
mp-8262,11.0
mp-862791,472.0
mp-862882,24.0
mp-865591,79.0
mp-8812,-92.0
mp-8983,40.0
mp-973364,18.0
mp-977184,42.0
mp-984791,24.0
mp-996965,19.0
mp-998974,52.0
mp-999053,42.0
mvc-3453,5.0
mp-10006,13.0
mp-1025302,46.0
mp-1025370,61.0
mp-1025425,113.0
mp-12631,60.0
mp-1281,123.0
mp-13799,21.0
mp-14090,18.0
mp-15113,67.0
mp-16548,31.0
mp-1720,14.0
mp-21128,7.0
mp-27440,7.0
mp-31011,63.0
mp-32880,14.0
mp-336,21.0
mp-3676,55.0
mp-4817,61.0
mp-510347,16.0
mp-510437,37.0
mp-5165,89.0
mp-567655,18.0
mp-568345,-48.0
mp-568610,13.0
mp-568908,29.0
mp-569484,5.0
mp-631354,39.0
mp-6564,43.0
mp-6781,3.0
mp-756473,3.0
mp-761574,57.0
mp-790,75.0
mp-861940,27.0
mp-863725,28.0
mp-866285,65.0
mp-866650,69.0
mp-867200,23.0
mp-8754,16.0
mp-8996,111.0
mp-971960,-203.0
mp-974270,5.0
mp-976407,20.0
mp-976843,7.0
mp-983126,32.0
mp-983587,14.0
mp-997161,47.0
mvc-7792,44.0
mp-1029446,179.0
mp-11194,50.0
mp-11521,46.0
mp-11553,9.0
mp-11694,5.0
mp-11800,44.0
mp-11964,31.0
mp-13456,33.0
mp-13910,30.0
mp-1402,38.0
mp-1553,71.0
mp-16519,66.0
mp-19124,86.0
mp-19876,50.0
mp-2057,152.0
mp-20847,49.0
mp-2126,149.0
mp-2180,49.0
mp-22870,6.0
mp-24721,13.0
mp-27194,-0.0
mp-3142,6.0
mp-31455,49.0
mp-32927,55.0
mp-3693,8.0
mp-485,70.0
mp-505562,58.0
mp-552265,20.0
mp-557373,9.0
mp-861912,101.0
mp-862684,54.0
mp-9569,46.0
mp-982009,18.0
mp-9845,11.0
mp-996944,9.0
mp-1008702,18.0
mp-1018026,15.0
mp-12029,46.0
mp-12580,21.0
mp-12699,17.0
mp-13542,11.0
mp-15254,29.0
mp-19442,85.0
mp-20061,33.0
mp-20440,35.0
mp-20898,22.0
mp-21248,121.0
mp-2269,-48.0
mp-22939,18.0
mp-23153,4.0
mp-23319,2.0
mp-276,41.0
mp-29772,52.0
mp-30765,83.0
mp-34081,35.0
mp-34293,32.0
mp-4770,23.0
mp-540231,21.0
mp-556,35.0
mp-567967,1.0
mp-570436,59.0
mp-571420,40.0
mp-614444,-26.0
mp-631539,-119.0
mp-644311,74.0
mp-691,15.0
mp-7374,22.0
mp-7436,18.0
mp-755441,93.0
mp-756297,59.0
mp-779689,5.0
mp-862692,17.0
mp-862706,96.0
mp-865538,73.0
mp-865546,25.0
mp-9295,20.0
mp-972442,103.0
mp-973983,40.0
mp-1001827,60.0
mp-1007907,19.0
mp-1008527,261.0
mp-1017514,180.0
mp-1018051,35.0
mp-1018656,26.0
mp-1019544,88.0
mp-1025366,27.0
mp-1029,24.0
mp-1029479,-2.0
mp-10381,8.0
mp-1089,162.0
mp-11243,19.0
mp-12622,23.0
mp-12651,7.0
mp-13240,58.0
mp-13435,54.0
mp-14205,11.0
mp-1434,18.0
mp-15809,185.0
mp-1658,32.0
mp-22426,72.0
mp-2287,90.0
mp-2349,24.0
mp-3109,45.0
mp-31142,-33.0
mp-3363,35.0
mp-3871,92.0
mp-4081,22.0
mp-454,29.0
mp-553946,95.0
mp-561412,29.0
mp-568986,3.0
mp-571405,16.0
mp-5733,47.0
mp-5866,29.0
mp-7239,38.0
mp-754149,-8480.0
mp-861660,4.0
mp-862658,36.0
mp-862800,1.0
mp-864839,65.0
mp-864944,45.0
mp-865512,25.0
mp-865855,18.0
mp-866172,24.0
mp-867224,20.0
mp-950,45.0
mp-975512,38.0
mp-980004,42.0
mp-982613,17.0
mp-985825,49.0
mp-989585,13.0
mp-9973,232.0
mp-101,217.0
mp-10189,25.0
mp-1164,73.0
mp-1411,9.0
mp-1560,17.0
mp-1666,47.0
mp-19279,60.0
mp-2052,53.0
mp-21185,16.0
mp-21321,27.0
mp-23121,37.0
mp-23406,5.0
mp-24422,7.0
mp-2633,149.0
mp-27828,5.0
mp-27975,5.0
mp-29726,88.0
mp-30933,46.0
mp-32641,-169.0
mp-364,102.0
mp-4083,32.0
mp-4302,52.0
mp-4899,17.0
mp-553303,7.0
mp-561075,10.0
mp-5659,139.0
mp-569346,15.0
mp-754157,88.0
mp-7926,14.0
mp-844,34.0
mp-853,72.0
mp-863676,20.0
mp-865091,68.0
mp-865166,70.0
mp-865863,14.0
mp-972180,20.0
mp-972257,19.0
mp-972866,22.0
mp-973884,44.0
mp-976341,23.0
mp-977565,10.0
mp-978832,-2.0
mp-978975,17.0
mp-984767,21.0
mp-999192,76.0
mp-1022,10.0
mp-1025203,48.0
mp-1029330,82.0
mp-11484,277.0
mp-11734,78.0
mp-12741,42.0
mp-13094,57.0
mp-15660,144.0
mp-16521,114.0
mp-1766,45.0
mp-21017,58.0
mp-23219,4.0
mp-2604,22.0
mp-507,58.0
mp-5313,122.0
mp-551,32.0
mp-571193,115.0
mp-673,42.0
mp-6914,24.0
mp-755318,53.0
mp-774922,13.0
mp-862368,46.0
mp-862656,59.0
mp-862757,20.0
mp-862867,-67.0
mp-971779,90.0
mp-972623,48.0
mp-973450,-31.0
mp-976259,37.0
mp-978564,18.0
mp-1016929,21.0
mp-1018679,25.0
mp-1019097,59.0
mp-1029733,52.0
mp-10608,63.0
mp-108,42.0
mp-11287,16.0
mp-1404,17.0
mp-1463,61.0
mp-1692,25.0
mp-1912,23.0
mp-19970,35.0
mp-21199,26.0
mp-21893,25.0
mp-22752,56.0
mp-22856,3.0
mp-23214,11.0
mp-23526,8.0
mp-27207,11.0
mp-27360,66.0
mp-27478,20.0
mp-28306,4.0
mp-31326,12.0
mp-32570,111.0
mp-3524,98.0
mp-3650,23.0
mp-3732,134.0
mp-38,19.0
mp-50,62.0
mp-5394,43.0
mp-569151,38.0
mp-580364,24.0
mp-5836,63.0
mp-7250,95.0
mp-753195,4.0
mp-819,68.0
mp-862905,-11.0
mp-972021,20.0
mp-973896,32.0
mp-985450,7.0
mp-10021,15.0
mp-1009539,-140.0
mp-10149,13.0
mp-10894,94.0
mp-13085,78.0
mp-13450,61.0
mp-1552,150.0
mp-16751,47.0
mp-17017,74.0
mp-193,47.0
mp-21845,71.0
mp-22683,47.0
mp-24192,53.0
mp-2874,61.0
mp-29661,69.0
mp-30068,9.0
mp-30091,170.0
mp-30244,33.0
mp-3033,27.0
mp-30731,27.0
mp-499,10.0
mp-569249,68.0
mp-631408,89.0
mp-643279,9.0
mp-686717,31.0
mp-7006,81.0
mp-7163,25.0
mp-754262,26.0
mp-7892,158.0
mp-8003,-57.0
mp-804,105.0
mp-862774,87.0
mp-864831,-66.0
mp-865067,24.0
mp-865500,33.0
mp-865903,32.0
mp-866375,127.0
mp-867568,53.0
mp-8830,65.0
mp-9257,21.0
mp-9324,21.0
mp-9351,42.0
mp-974882,13.0
mp-979945,15.0
mp-981313,7.0
mp-9970,57.0
mp-1008807,-47.0
mp-1009655,161.0
mp-13108,104.0
mp-14223,6.0
mp-17383,44.0
mp-1894,279.0
mp-19142,32.0
mp-19724,43.0
mp-1995,29.0
mp-20539,21.0
mp-22793,98.0
mp-23034,13.0
mp-2520,37.0
mp-29076,119.0
mp-30365,41.0
mp-30482,97.0
mp-31043,10.0
mp-33667,35.0
mp-34078,5.0
mp-39681,38.0
mp-4500,99.0
mp-457,118.0
mp-5000,15.0
mp-5323,98.0
mp-559,56.0
mp-562,54.0
mp-567580,79.0
mp-5699,19.0
mp-570568,1.0
mp-570698,41.0
mp-570950,10.0
mp-5827,104.0
mp-603347,20.0
mp-608555,4.0
mp-672250,-268.0
mp-673174,94.0
mp-752826,74.0
mp-753774,54.0
mp-766217,53.0
mp-777801,11.0
mp-850131,23.0
mp-865908,29.0
mp-867882,2.0
mp-971826,42.0
mp-971920,10.0
mp-972274,24.0
mvc-10883,89.0
mvc-13133,9.0
mp-1016877,43.0
mp-1020622,84.0
mp-1029316,20.0
mp-1029574,15.0
mp-10402,7.0
mp-10728,-3.0
mp-11806,40.0
mp-12137,36.0
mp-1412,25.0
mp-18721,49.0
mp-1873,35.0
mp-19260,26.0
mp-1943,9.0
mp-19795,15.0
mp-22205,66.0
mp-22704,16.0
mp-23058,33.0
mp-23209,13.0
mp-288,33.0
mp-29157,80.0
mp-30481,71.0
mp-30635,23.0
mp-30777,76.0
mp-374,183.0
mp-556856,12.0
mp-569054,14.0
mp-5910,34.0
mp-608,83.0
mp-753946,47.0
mp-754246,19.0
mp-757100,18.0
mp-773137,9.0
mp-8037,50.0
mp-861625,19.0
mp-861936,41.0
mp-862565,19.0
mp-862623,161.0
mp-862966,15.0
mp-865146,70.0
mp-865357,24.0
mp-865485,125.0
mp-865625,18.0
mp-865944,52.0
mp-9503,16.0
mp-961678,55.0
mp-973232,24.0
mp-975206,102.0
mp-976725,-27.0
mp-979267,98.0
mp-980094,92.0
mp-980946,-2.0
mp-989554,48.0
mp-998986,55.0
mp-1008224,91.0
mp-1013642,26.0
mp-10854,126.0
mp-11232,-6.0
mp-11516,141.0
mp-146,30.0
mp-16482,25.0
mp-20004,82.0
mp-2027,56.0
mp-2103,28.0
mp-2191,37.0
mp-2213,92.0
mp-22444,101.0
mp-22556,12.0
mp-22810,21.0
mp-23192,3.0
mp-2355,-105.0
mp-27838,10.0
mp-314,24.0
mp-34579,15.0
mp-4120,43.0
mp-4452,21.0
mp-4488,42.0
mp-4559,22.0
mp-501,16.0
mp-5284,118.0
mp-568384,138.0
mp-6945,41.0
mp-7093,28.0
mp-754113,14.0
mp-768240,32.0
mp-771123,72.0
mp-779545,17.0
mp-7823,43.0
mp-7991,69.0
mp-862312,59.0
mp-862694,96.0
mp-865282,38.0
mp-866086,88.0
mp-867197,-17.0
mp-867213,49.0
mp-9549,53.0
mp-976138,24.0
mp-976151,21.0
mp-977570,22.0
mp-978918,32.0
mp-1013734,27.0
mp-1016881,68.0
mp-10426,43.0
mp-10892,41.0
mp-11,28.0
mp-11836,45.0
mp-13641,48.0
mp-19734,23.0
mp-20545,26.0
mp-21359,51.0
mp-2159,19.0
mp-22050,45.0
mp-2231,17.0
mp-2639,10.0
mp-2659,15.0
mp-29826,24.0
mp-30842,79.0
mp-3158,28.0
mp-425,126.0
mp-446,70.0
mp-5473,40.0
mp-5505,52.0
mp-5532,75.0
mp-567308,30.0
mp-569568,159.0
mp-570930,11.0
mp-571589,25.0
mp-631462,-11.0
mp-673624,44.0
mp-6926,46.0
mp-7472,12.0
mp-754531,58.0
mp-775907,63.0
mp-7777,21.0
mp-861505,19.0
mp-862847,140.0
mp-863659,18.0
mp-863717,27.0
mp-864919,77.0
mp-865026,128.0
mp-865960,161.0
mp-867251,27.0
mp-930,76.0
mp-9527,74.0
mp-972415,36.0
mp-972925,40.0
mp-976113,2.0
mp-976982,4.0
mp-977224,13.0
mp-978286,11.0
mp-978545,19.0
mp-979459,19.0
mp-981539,33.0
mp-984357,35.0
mvc-11229,70.0
mp-1009005,26.0
mp-1009131,-2.0
mp-1009827,-6.0
mp-10159,7.0
mp-1016902,50.0
mp-1018135,29.0
mp-1018151,74.0
mp-1025525,90.0
mp-1029592,44.0
mp-1042,96.0
mp-10492,15.0
mp-10637,31.0
mp-10846,54.0
mp-10899,51.0
mp-12083,214.0
mp-13416,44.0
mp-1592,14.0
mp-1755,29.0
mp-20516,64.0
mp-21476,89.0
mp-21848,-63.0
mp-2189,21.0
mp-22941,27.0
mp-24096,41.0
mp-2577,133.0
mp-2762,88.0
mp-2998,107.0
mp-3464,116.0
mp-3467,100.0
mp-39,3.0
mp-422,58.0
mp-430,85.0
mp-4571,85.0
mp-556353,26.0
mp-568537,21.0
mp-570074,122.0
mp-631381,-52.0
mp-753304,3.0
mp-754027,49.0
mp-754040,80.0
mp-756187,15.0
mp-7875,40.0
mp-861508,22.0
mp-862838,18.0
mp-863738,26.0
mp-866218,81.0
mp-978554,77.0
mp-978856,16.0
mp-979273,21.0
mp-998196,13.0
mp-1008866,21.0
mp-1016931,26.0
mp-1025575,12.0
mp-1039292,8.0
mp-11552,-3.0
mp-1222,156.0
mp-12956,108.0
mp-1346,207.0
mp-1570,36.0
mp-16341,13.0
mp-1791,77.0
mp-1869,42.0
mp-1916,-24.0
mp-19295,57.0
mp-23866,7.0
mp-2452,22.0
mp-25587,27.0
mp-30737,17.0
mp-31169,25.0
mp-3668,35.0
mp-510346,14.0
mp-5146,58.0
mp-5492,42.0
mp-567768,33.0
mp-571041,41.0
mp-625074,34.0
mp-631337,-21.0
mp-638729,4.0
mp-6586,28.0
mp-672371,49.0
mp-760410,20.0
mp-8020,67.0
mp-862262,26.0
mp-865951,11.0
mp-866140,5.0
mp-867233,44.0
mp-972763,-15.0
mp-972879,30.0
mp-975380,3.0
mp-975912,77.0
mp-977404,21.0
mp-984553,-19.0
mp-1013587,43.0
mp-1013736,10.0
mp-10744,25.0
mp-10891,34.0
mp-11175,16.0
mp-11229,35.0
mp-11273,126.0
mp-1219,24.0
mp-12317,17.0
mp-13173,46.0
mp-13472,97.0
mp-1371,25.0
mp-14433,78.0
mp-16035,36.0
mp-19764,12.0
mp-19966,18.0
mp-2079,10.0
mp-214,81.0
mp-2316,30.0
mp-2707,27.0
mp-27757,150.0
mp-292,109.0
mp-30722,20.0
mp-4628,61.0
mp-4673,86.0
mp-549487,30.0
mp-555760,4.0
mp-557133,21.0
mp-568470,-13.0
mp-571454,21.0
mp-631336,-1.0
mp-631568,-7.0
mp-632250,0.0
mp-675902,28.0
mp-685148,56.0
mp-7162,20.0
mp-862737,18.0
mp-865548,68.0
mp-866193,29.0
mp-956,7.0
mp-972077,6.0
mp-975650,20.0
mp-976772,24.0
mp-976893,59.0
mp-976952,55.0
mp-982048,102.0
mp-982596,28.0
mp-1016900,53.0
mp-1018126,20.0
mp-1018139,50.0
mp-1018150,14.0
mp-1029313,35.0
mp-10316,24.0
mp-1061,62.0
mp-1150,76.0
mp-16297,82.0
mp-18778,29.0
mp-1880,8.0
mp-19353,109.0
mp-20067,38.0
mp-20125,-0.0
mp-20354,49.0
mp-2063,40.0
mp-20999,45.0
mp-23514,2.0
mp-2439,86.0
mp-2524,55.0
mp-30452,49.0
mp-31301,19.0
mp-421,41.0
mp-427,81.0
mp-4280,59.0
mp-5399,82.0
mp-5541,60.0
mp-570604,179.0
mp-607111,74.0
mp-631362,25.0
mp-755472,14.0
mp-777413,74.0
mp-862716,21.0
mp-865846,75.0
mp-865948,101.0
mp-867167,18.0
mp-973446,7.0
mp-973786,-11.0
mp-974430,206.0
mp-975405,51.0
mp-977462,25.0
mp-985578,75.0
mp-999135,985.0
mp-9996,10.0
mp-1014013,2.0
mp-10204,26.0
mp-1029573,20.0
mp-1029782,49.0
mp-11132,14.0
mp-12794,50.0
mp-14600,43.0
mp-1747,9.0
mp-19127,-15.0
mp-19198,40.0
mp-21432,-2.0
mp-22394,105.0
mp-22769,78.0
mp-22876,2.0
mp-23240,5.0
mp-23383,5.0
mp-2414,2.0
mp-2920,105.0
mp-31443,5.0
mp-4508,28.0
mp-549475,34.0
mp-568592,13.0
mp-568696,187.0
mp-569416,88.0
mp-569834,43.0
mp-629397,84.0
mp-645,58.0
mp-675531,21.0
mp-7459,12.0
mp-754352,27.0
mp-756063,19.0
mp-841,50.0
mp-862923,23.0
mp-865503,11.0
mp-866012,58.0
mp-8703,6.0
mp-9225,60.0
mp-961723,4.0
mp-972748,-37.0
mp-9752,-769.0
mp-977372,19.0
mp-981378,-0.0
mp-1002136,16.0
mp-1007770,18.0
mp-1009652,-20.0
mp-1017441,57.0
mp-1023128,40.0
mp-1038814,11.0
mp-11412,47.0
mp-12559,12.0
mp-1266,15.0
mp-1630,58.0
mp-1702,44.0
mp-20203,24.0
mp-2142,88.0
mp-22620,26.0
mp-22662,57.0
mp-22965,5.0
mp-2481,27.0
mp-30273,30.0
mp-4008,37.0
mp-40143,14.0
mp-556382,25.0
mp-561203,2.0
mp-567191,38.0
mp-567332,38.0
mp-569267,21.0
mp-5729,42.0
mp-573658,5.0
mp-631471,-21.0
mp-674953,22.0
mp-7243,29.0
mp-7396,-6.0
mp-753594,40.0
mp-755115,25.0
mp-8222,-2.0
mp-862431,46.0
mp-8643,231.0
mp-864623,24.0
mp-864946,37.0
mp-865165,65.0
mp-865513,-10.0
mp-8895,81.0
mp-974740,24.0
mp-978499,8.0
mp-979115,41.0
mp-979424,20.0
mp-9981,99.0
mp-1013585,14.0
mp-10185,34.0
mp-1025225,43.0
mp-1029737,44.0
mp-11435,58.0
mp-11455,31.0
mp-11584,35.0
mp-11738,13.0
mp-12737,49.0
mp-1352,142.0
mp-1540,19.0
mp-15668,12.0
mp-15703,292.0
mp-16267,23.0
mp-1842,105.0
mp-1933,38.0
mp-20446,4.0
mp-2082,72.0
mp-22511,47.0
mp-22903,5.0
mp-22914,10.0
mp-2643,61.0
mp-27888,55.0
mp-2910,18.0
mp-29374,14.0
mp-29529,12.0
mp-29641,15.0
mp-30769,24.0
mp-30943,8.0
mp-31516,9.0
mp-351,82.0
mp-4131,90.0
mp-4730,18.0
mp-557993,24.0
mp-561894,64.0
mp-568866,9.0
mp-569167,140.0
mp-5794,78.0
mp-616378,7.0
mp-631578,17.0
mp-634105,7.0
mp-640708,68.0
mp-7027,62.0
mp-7130,140.0
mp-7400,20.0
mp-753197,72.0
mp-754010,34.0
mp-776911,48.0
mp-8249,7.0
mp-862553,47.0
mp-863732,29.0
mp-864976,29.0
mp-865655,96.0
mp-867292,92.0
mp-961719,-17.0
mp-978992,2.0
mp-981366,-104.0
mp-982245,30.0
mp-999198,191.0
mp-1002206,176.0
mp-10154,40.0
mp-1025408,57.0
mp-10456,101.0
mp-1121,67.0
mp-12549,46.0
mp-12716,35.0
mp-1349,50.0
mp-1487,72.0
mp-1762,61.0
mp-1782,37.0
mp-1820,45.0
mp-18841,98.0
mp-19177,107.0
mp-1922,93.0
mp-19917,29.0
mp-19955,73.0
mp-21509,35.0
mp-2212,59.0
mp-2222,25.0
mp-23803,91.0
mp-25082,2.0
mp-27577,18.0
mp-30151,19.0
mp-30952,1.0
mp-357,50.0
mp-510456,14.0
mp-5377,66.0
mp-540771,33.0
mp-546350,37.0
mp-5670,65.0
mp-631524,287.0
mp-631527,13.0
mp-754671,53.0
mp-755309,7.0
mp-755328,55.0
mp-760439,96.0
mp-864597,11.0
mp-865661,-3.0
mp-866015,25.0
mp-919,19.0
mp-9330,16.0
mp-972209,119.0
mp-981365,124.0
mp-985591,-3.0
mp-989578,36.0
mp-999357,150.0
mp-1002223,-936.0
mp-1008987,49.0
mp-1009129,48.0
mp-1018063,22.0
mp-1018107,13.0
mp-10196,121.0
mp-1029633,36.0
mp-10678,-13.0
mp-11104,33.0
mp-11718,14.0
mp-13150,75.0
mp-1620,189.0
mp-1751,29.0
mp-19820,-2.0
mp-21007,50.0
mp-21069,52.0
mp-21336,143.0
mp-2398,34.0
mp-24012,65.0
mp-24669,76.0
mp-2491,24.0
mp-2637,17.0
mp-2705,111.0
mp-27637,7.0
mp-29175,31.0
mp-2932,98.0
mp-30343,-148.0
mp-30354,37.0
mp-3038,19.0
mp-30468,22.0
mp-3136,100.0
mp-3909,78.0
mp-504580,23.0
mp-519,-26.0
mp-5200,67.0
mp-5528,27.0
mp-556084,7.0
mp-560399,43.0
mp-568280,27.0
mp-570684,94.0
mp-570912,22.0
mp-643370,30.0
mp-6951,14.0
mp-776532,106.0
mp-861889,-7.0
mp-864878,15.0
mp-865659,36.0
mp-865814,-17.0
mp-866116,76.0
mp-867854,18.0
mp-924130,68.0
mp-961722,-4.0
mp-977384,60.0
mp-978303,44.0
mp-978625,22.0
mp-997108,9.0
mp-999470,27.0
mp-1008625,160.0
mp-1009720,62.0
mp-10132,136.0
mp-1016883,56.0
mp-10641,14.0
mp-10729,2.0
mp-10903,32.0
mp-11022,39.0
mp-1156,30.0
mp-18,23.0
mp-19167,12.0
mp-19170,72.0
mp-1982,62.0
mp-20401,87.0
mp-20549,7.0
mp-220,-1.0
mp-23709,7.0
mp-352,99.0
mp-4627,104.0
mp-5137,66.0
mp-542316,125.0
mp-561442,96.0
mp-570379,9.0
mp-574239,16.0
mp-5748,49.0
mp-605790,-10.0
mp-631269,35.0
mp-7910,16.0
mp-861888,5.0
mp-862364,70.0
mp-862962,25.0
mp-865979,15.0
mp-866063,21.0
mp-867223,26.0
mp-944,117.0
mp-974330,7.0
mp-974638,20.0
mp-976262,16.0
mvc-3978,46.0
mp-10039,37.0
mp-10261,33.0
mp-11286,19.0
mp-11883,58.0
mp-1200,46.0
mp-14112,21.0
mp-15796,27.0
mp-160,200.0
mp-18968,44.0
mp-19133,47.0
mp-2050,36.0
mp-20698,30.0
mp-21117,77.0
mp-2132,87.0
mp-22052,28.0
mp-23095,20.0
mp-2554,100.0
mp-29396,17.0
mp-30419,16.0
mp-4950,32.0
mp-504,25.0
mp-556093,5.0
mp-560927,68.0
mp-567203,80.0
mp-569228,-78.0
mp-569594,112.0
mp-5720,79.0
mp-631342,-4.0
mp-672374,46.0
mp-690542,52.0
mp-6950,17.0
mp-754815,2.0
mp-761842,77.0
mp-768479,69.0
mp-795,34.0
mp-820,13.0
mp-864629,19.0
mp-865893,29.0
mp-865919,23.0
mp-865995,11.0
mp-867753,-79.0
mp-9248,36.0
mp-961657,34.0
mp-961667,-69.0
mp-971836,58.0
mp-972945,32.0
mp-973092,36.0
mp-974322,25.0
mp-976774,7.0
mp-979751,72.0
mp-979962,18.0
mp-999542,85.0
mp-1008920,27.0
mp-1021328,0.0
mp-1025270,72.0
mp-10279,19.0
mp-10896,76.0
mp-12532,13.0
mp-1263,92.0
mp-13100,104.0
mp-1551,43.0
mp-18895,34.0
mp-2028,103.0
mp-20623,4.0
mp-20952,57.0
mp-22879,23.0
mp-232,41.0
mp-2424,31.0
mp-253,48.0
mp-2680,130.0
mp-27176,11.0
mp-3582,104.0
mp-38605,12.0
mp-4552,38.0
mp-557680,42.0
mp-567817,11.0
mp-569344,109.0
mp-570707,36.0
mp-571367,106.0
mp-603930,60.0
mp-636212,5.0
mp-770107,47.0
mp-861882,113.0
mp-862948,24.0
mp-864939,45.0
mp-867293,115.0
mp-961662,-40.0
mp-972793,60.0
mp-974743,1.0
mp-975882,9.0
mp-976727,26.0
mp-977585,60.0
mp-984729,49.0
mp-989537,27.0
mp-1006226,16.0
mp-1016853,74.0
mp-1023939,10.0
mp-1025165,86.0
mp-1025170,213.0
mp-105,17.0
mp-1082,215.0
mp-1115,11.0
mp-11430,40.0
mp-11698,26.0
mp-16321,46.0
mp-2323,70.0
mp-23350,6.0
mp-24287,137.0
mp-260,223.0
mp-29005,92.0
mp-30208,49.0
mp-3398,28.0
mp-34202,11.0
mp-4065,105.0
mp-4824,26.0
mp-546142,30.0
mp-5498,34.0
mp-5508,54.0
mp-567416,44.0
mp-631343,92.0
mp-632296,2.0
mp-644136,25.0
mp-6999,6.0
mp-7879,30.0
mp-7974,42.0
mp-84,21.0
mp-862486,46.0
mp-862619,20.0
mp-862873,5.0
mp-863669,27.0
mp-864662,3.0
mp-864952,23.0
mp-865490,107.0
mp-865793,29.0
mp-865799,36.0
mp-865806,28.0
mp-867120,107.0
mp-961689,-22.0
mp-961774,11.0
mp-972099,7.0
mp-973442,33.0
mp-973471,112.0
mp-9743,27.0
mp-974583,33.0
mp-976322,21.0
mp-979269,-11.0
mp-9799,45.0
mp-981103,59.0
mp-999484,22.0
mp-1001789,86.0
mp-1007855,91.0
mp-1008376,19.0
mp-1009548,46.0
mp-1017540,37.0
mp-1018012,73.0
mp-1018030,32.0
mp-1018895,42.0
mp-1019052,180.0
mp-1019358,53.0
mp-1019550,144.0
mp-10259,57.0
mp-10736,6.0
mp-10905,74.0
mp-11467,17.0
mp-1563,38.0
mp-1937,22.0
mp-22253,15.0
mp-22633,11.0
mp-2317,59.0
mp-2605,74.0
mp-29400,5.0
mp-30763,14.0
mp-31438,41.0
mp-33107,2.0
mp-3701,85.0
mp-380,26.0
mp-4112,8.0
mp-4163,66.0
mp-4939,84.0
mp-540912,84.0
mp-554462,88.0
mp-568983,-1.0
mp-569737,18.0
mp-7824,16.0
mp-862543,42.0
mp-865609,61.0
mp-866185,16.0
mp-8896,79.0
mp-971704,-50.0
mp-975425,96.0
mp-979899,20.0
mp-985287,23.0
mp-989586,30.0
mp-995196,-58.0
mp-997055,21.0
mp-998418,33.0
mp-999502,135.0
mp-1025096,41.0
mp-117,21.0
mp-1307,29.0
mp-133,25.0
mp-1423,45.0
mp-1818,2.0
mp-19833,16.0
mp-20265,27.0
mp-20408,13.0
mp-21167,42.0
mp-22318,34.0
mp-22863,3.0
mp-2794,90.0
mp-32884,8.0
mp-3427,52.0
mp-41219,-35.0
mp-4395,45.0
mp-445,16.0
mp-4861,29.0
mp-559798,40.0
mp-614006,-8.0
mp-631424,54.0
mp-631449,-19.0
mp-644424,47.0
mp-644481,97.0
mp-6933,121.0
mp-7064,64.0
mp-755895,66.0
mp-758658,41.0
mp-776097,95.0
mp-8042,85.0
mp-8122,61.0
mp-8372,35.0
mp-861910,34.0
mp-865712,66.0
mp-865925,49.0
mp-867246,45.0
mp-8864,97.0
mp-978950,27.0
mp-979987,28.0
mp-984728,83.0
mvc-15785,17.0
mp-1009639,24.0
mp-1018061,131.0
mp-1019509,25.0
mp-1025017,69.0
mp-10697,53.0
mp-11176,51.0
mp-16317,-15.0
mp-16495,97.0
mp-190,126.0
mp-1925,51.0
mp-20662,29.0
mp-22167,50.0
mp-22490,75.0
mp-23184,0.0
mp-24409,7.0
mp-28731,175.0
mp-3048,70.0
mp-36194,8.0
mp-4391,109.0
mp-5526,76.0
mp-556125,20.0
mp-570377,21.0
mp-571126,113.0
mp-573321,3.0
mp-5841,11.0
mp-589,20.0
mp-631464,-86.0
mp-676241,1.0
mp-6940,51.0
mp-753798,16.0
mp-754696,66.0
mp-764233,25.0
mp-8097,-56.0
mp-862610,67.0
mp-862846,29.0
mp-865215,73.0
mp-865379,69.0
mp-867280,125.0
mp-867874,86.0
mp-8932,11.0
mp-9565,26.0
mp-962076,-83.0
mp-971683,53.0
mp-975588,7.0
mp-975801,16.0
mp-977440,40.0
mp-979422,5.0
mvc-7786,46.0
mvc-916,36.0
mp-1008617,18.0
mp-1009048,103.0
mp-1018724,44.0
mp-1025028,28.0
mp-1025348,44.0
mp-10629,-123.0
mp-10884,98.0
mp-11091,26.0
mp-11556,-10.0
mp-11917,166.0
mp-1252,94.0
mp-13495,33.0
mp-1525,10.0
mp-1567,64.0
mp-16290,60.0
mp-16493,45.0
mp-1831,24.0
mp-19138,24.0
mp-2450,22.0
mp-2469,17.0
mp-2620,64.0
mp-27707,5.0
mp-2990,40.0
mp-30845,67.0
mp-33018,11.0
mp-36508,13.0
mp-3944,39.0
mp-551092,34.0
mp-561877,40.0
mp-579,108.0
mp-5918,94.0
mp-601285,63.0
mp-6223,71.0
mp-632172,0.0
mp-7298,36.0
mp-7502,38.0
mp-755352,68.0
mp-865025,117.0
mp-865527,40.0
mp-866181,30.0
mp-866213,116.0
mp-910,197.0
mp-975868,18.0
mp-977356,105.0
mp-982974,46.0
mp-985,43.0
mp-9935,24.0
mp-1002069,13.0
mp-1009544,2.0
mp-1016329,15.0
mp-1025,33.0
mp-1025173,66.0
mp-1025177,22.0
mp-1029490,26.0
mp-1029522,64.0
mp-10913,121.0
mp-10991,48.0
mp-11567,48.0
mp-11824,53.0
mp-1201,13.0
mp-1358,89.0
mp-16365,20.0
mp-16494,43.0
mp-19808,35.0
mp-19953,87.0
mp-22493,22.0
mp-23089,61.0
mp-30347,16.0
mp-30360,7.0
mp-3274,49.0
mp-36738,62.0
mp-4200,78.0
mp-546546,38.0
mp-5637,49.0
mp-569103,7.0
mp-570985,187.0
mp-631548,-26.0
mp-761563,54.0
mp-779517,80.0
mp-7956,11.0
mp-862861,46.0
mp-865014,29.0
mp-865406,33.0
mp-866005,26.0
mp-9211,86.0
mp-976971,41.0
mp-977545,109.0
mp-979014,13.0
mp-999088,93.0
mvc-11235,-12.0
mp-1009223,25.0
mp-11220,44.0
mp-11291,45.0
mp-1723,64.0
mp-1955,39.0
mp-20965,27.0
mp-21157,59.0
mp-22262,122.0
mp-22465,-16.0
mp-23062,7.0
mp-28006,28.0
mp-29623,17.0
mp-30875,60.0
mp-31349,10.0
mp-36940,2.0
mp-561242,32.0
mp-568170,13.0
mp-631323,74.0
mp-669918,76.0
mp-6930,44.0
mp-761568,25.0
mp-815,77.0
mp-8208,72.0
mp-861876,23.0
mp-862329,20.0
mp-862930,31.0
mp-862938,23.0
mp-865043,35.0
mp-865301,2.0
mp-865810,128.0
mp-866103,16.0
mp-952,137.0
mp-9635,11.0
mp-971924,30.0
mp-972692,10.0
mp-972916,36.0
mp-978269,35.0
mp-981233,27.0
mp-990084,8.0
mp-1002124,32.0
mp-1013643,22.0
mp-1017519,-1.0
mp-1018082,80.0
mp-1025161,64.0
mp-1025504,55.0
mp-10755,53.0
mp-11231,63.0
mp-1124,27.0
mp-1213,-9.0
mp-12557,41.0
mp-1453,27.0
mp-1681,11.0
mp-19390,125.0
mp-19728,62.0
mp-20856,112.0
mp-2108,94.0
mp-22270,111.0
mp-2234,33.0
mp-23431,5.0
mp-2572,16.0
mp-2808,18.0
mp-2930,71.0
mp-29476,18.0
mp-30759,-14.0
mp-30883,56.0
mp-31460,58.0
mp-4768,55.0
mp-551741,-25.0
mp-567712,37.0
mp-6543,4.0
mp-675402,16.0
mp-7376,25.0
mp-754542,1003.0
mp-755581,38.0
mp-862365,61.0
mp-862369,69.0
mp-862769,10.0
mp-867245,20.0
mp-971669,44.0
mp-972741,-4.0
mp-972876,34.0
mp-973986,27.0
mp-1025457,80.0
mp-1038837,10.0
mp-10671,30.0
mp-11441,64.0
mp-11456,106.0
mp-12553,43.0
mp-12734,53.0
mp-13302,40.0
mp-1529,64.0
mp-16960,85.0
mp-18766,101.0
mp-18876,19.0
mp-20144,114.0
mp-2034,167.0
mp-20554,14.0
mp-20939,10.0
mp-21289,24.0
mp-21467,74.0
mp-2207,14.0
mp-22159,53.0
mp-22323,60.0
mp-23162,12.0
mp-23425,4.0
mp-2462,28.0
mp-27989,2.0
mp-28044,14.0
mp-2849,40.0
mp-2856,85.0
mp-29950,8.0
mp-3011,48.0
mp-30362,14.0
mp-3498,39.0
mp-3602,59.0
mp-3771,84.0
mp-505198,17.0
mp-568113,36.0
mp-568624,59.0
mp-569849,21.0
mp-570157,19.0
mp-570199,44.0
mp-570826,-26.0
mp-867127,25.0
mp-961711,66.0
mp-976075,7.0
mp-976333,13.0
mp-976768,10.0
mp-989523,25.0
mp-998197,12.0
mp-999117,175.0
mp-1021424,21.0
mp-1029763,20.0
mp-1039074,26.0
mp-1067,40.0
mp-10889,18.0
mp-11234,15.0
mp-19048,24.0
mp-19097,93.0
mp-19120,41.0
mp-20379,-46.0
mp-20526,5.0
mp-21168,33.0
mp-22867,6.0
mp-22987,10.0
mp-30493,57.0
mp-30600,23.0
mp-30836,89.0
mp-3217,58.0
mp-34240,22.0
mp-3953,32.0
mp-437,30.0
mp-4608,7.0
mp-4779,42.0
mp-5124,21.0
mp-5409,64.0
mp-5497,70.0
mp-556927,13.0
mp-571513,4.0
mp-5999,58.0
mp-626680,27.0
mp-639727,1.0
mp-644225,36.0
mp-649,92.0
mp-754480,47.0
mp-754516,33.0
mp-754777,35.0
mp-754826,15.0
mp-774,65.0
mp-8439,23.0
mp-862669,122.0
mp-862747,22.0
mp-867815,39.0
mp-91,147.0
mp-9460,57.0
mp-9582,49.0
mp-985280,47.0
mp-1021669,12.0
mp-10314,38.0
mp-11302,27.0
mp-11984,39.0
mp-1233,37.0
mp-13155,53.0
mp-1343,38.0
mp-13947,10.0
mp-14024,56.0
mp-19908,36.0
mp-20120,60.0
mp-20199,13.0
mp-20695,51.0
mp-227,28.0
mp-22993,7.0
mp-23304,5.0
mp-2642,9.0
mp-30930,1.0
mp-31404,26.0
mp-3678,80.0
mp-3751,-61.0
mp-4316,30.0
mp-4661,60.0
mp-4846,30.0
mp-505331,22.0
mp-5106,95.0
mp-550908,98.0
mp-554278,61.0
mp-555464,9.0
mp-557266,15.0
mp-557929,14.0
mp-573,34.0
mp-617,32.0
mp-631254,-20.0
mp-631410,-181.0
mp-631553,236.0
mp-6646,74.0
mp-864804,14.0
mp-865010,76.0
mp-865027,85.0
mp-865789,17.0
mp-865918,27.0
mp-976408,6.0
mp-977391,23.0
mp-978851,85.0
mp-982004,29.0
mp-1017377,23.0
mp-13148,4.0
mp-15776,24.0
mp-16514,75.0
mp-21075,180.0
mp-21409,29.0
mp-22595,42.0
mp-22735,16.0
mp-23050,31.0
mp-23211,17.0
mp-2551,34.0
mp-30560,-68.0
mp-4355,75.0
mp-546079,26.0
mp-570293,77.0
mp-610917,1.0
mp-742,55.0
mp-753360,27.0
mp-761716,61.0
mp-774411,79.0
mp-817,11.0
mp-862883,19.0
mp-864769,8.0
mp-865006,35.0
mp-866139,70.0
mp-866271,-20.0
mp-975028,10.0
mp-975794,8.0
mp-976419,28.0
mp-979413,169.0
mp-981382,6.0
mp-998890,19.0
mvc-15605,72.0
mp-1002182,-1603.0
mp-1022725,52.0
mp-1025205,71.0
mp-1050,43.0
mp-13109,93.0
mp-18724,46.0
mp-18937,80.0
mp-19856,43.0
mp-2076,12.0
mp-21078,68.0
mp-23713,32.0
mp-2525,15.0
mp-27148,73.0
mp-2845,30.0
mp-30780,27.0
mp-33,193.0
mp-33588,46.0
mp-6654,16.0
mp-676416,189.0
mp-765406,57.0
mp-8016,28.0
mp-8191,9.0
mp-850274,0.0
mp-8624,15.0
mp-862936,-6.0
mp-864798,87.0
mp-864941,23.0
mp-865181,72.0
mp-865281,32.0
mp-865460,20.0
mp-865737,38.0
mp-866156,51.0
mp-867222,25.0
mp-867863,33.0
mp-9580,8.0
mp-976751,20.0
mp-979423,37.0
mvc-13997,52.0
mp-1007778,110.0
mp-1008632,90.0
mp-1008820,57.0
mp-1008931,-1.0
mp-10165,11.0
mp-1019612,8.0
mp-1025306,59.0
mp-1039305,-136.0
mp-11471,29.0
mp-11879,32.0
mp-12798,92.0
mp-135,4.0
mp-14070,43.0
mp-1828,28.0
mp-189,99.0
mp-1944,115.0
mp-20112,66.0
mp-2062,36.0
mp-21092,22.0
mp-21879,63.0
mp-22966,1.0
mp-2991,20.0
mp-30766,23.0
mp-30866,132.0
mp-3102,25.0
mp-3862,39.0
mp-4075,38.0
mp-443,14.0
mp-4634,64.0
mp-541037,6.0
mp-555014,5.0
mp-556911,33.0
mp-570276,47.0
mp-571030,39.0
mp-62,4.0
mp-631316,30.0
mp-661,122.0
mp-7159,40.0
mp-7303,27.0
mp-752426,25.0
mp-753826,31.0
mp-865109,16.0
mp-865202,17.0
mp-865963,24.0
mp-867156,67.0
mp-867779,98.0
mp-8962,14.0
mp-9258,206.0
mp-9479,9.0
mp-972087,86.0
mp-972978,-41.0
mp-973830,-5.0
mp-974307,17.0
mp-974827,5.0
mp-979289,139.0
mp-980044,21.0
mp-984719,16.0
mp-9958,104.0
mp-998883,12.0
mp-999257,45.0
mvc-11231,-28.0
mp-1001023,45.0
mp-1008275,98.0
mp-1008631,58.0
mp-1018849,128.0
mp-1019319,137.0
mp-1021478,15.0
mp-1029444,21.0
mp-1029832,-1.0
mp-1029903,58.0
mp-1039073,13.0
mp-10611,47.0
mp-11301,33.0
mp-11468,23.0
mp-16726,33.0
mp-178,35.0
mp-2061,70.0
mp-22144,102.0
mp-22716,32.0
mp-23158,0.0
mp-27145,21.0
mp-29259,17.0
mp-30485,9.0
mp-30648,21.0
mp-4051,31.0
mp-4253,119.0
mp-4826,63.0
mp-5015,43.0
mp-5129,93.0
mp-556536,16.0
mp-560242,27.0
mp-561536,36.0
mp-567626,-5.0
mp-567679,-40.0
mp-568541,122.0
mp-570822,12.0
mp-6178,-13.0
mp-631409,5303.0
mp-672645,88.0
mp-675,87.0
mp-6982,39.0
mp-7498,36.0
mp-8023,-13.0
mp-863724,-16.0
mp-864807,49.0
mp-865841,30.0
mp-866109,83.0
mp-973353,20.0
mvc-14558,71.0
mp-1001785,-7.0
mp-1001835,35.0
mp-1011860,25.0
mp-1018629,17.0
mp-1038879,5.0
mp-10716,80.0
mp-11157,43.0
mp-11369,29.0
mp-11444,49.0
mp-11522,76.0
mp-12684,34.0
mp-12760,51.0
mp-16501,26.0
mp-1677,150.0
mp-18767,67.0
mp-22150,53.0
mp-22636,75.0
mp-22746,115.0
mp-22967,13.0
mp-23029,2.0
mp-27,7.0
mp-2857,156.0
mp-30034,5.0
mp-30404,20.0
mp-30455,41.0
mp-33997,92.0
mp-3791,74.0
mp-4864,29.0
mp-4889,59.0
mp-542136,21.0
mp-568656,187.0
mp-631274,-36.0
mp-67,30.0
mp-754850,31.0
mp-755543,58.0
mp-7948,93.0
mp-8398,32.0
mp-862291,99.0
mp-862548,46.0
mp-862830,25.0
mp-865362,53.0
mp-9561,16.0
mp-961686,18.0
mp-972156,23.0
mp-974335,155.0
mp-974527,25.0
mp-975883,16.0
mp-976414,12.0
mp-979715,37.0
mp-991,151.0
mp-999118,44.0
mp-1009696,51.0
mp-1009756,17.0
mp-1016880,33.0
mp-1017532,218.0
mp-10878,70.0
mp-12077,75.0
mp-12571,118.0
mp-1403,37.0
mp-1473,132.0
mp-1515,95.0
mp-15685,18.0
mp-15988,34.0
mp-20055,29.0
mp-2667,6.0
mp-30536,53.0
mp-30820,37.0
mp-31059,13.0
mp-3587,62.0
mp-3686,86.0
mp-399,28.0
mp-4809,20.0
mp-4984,138.0
mp-5042,49.0
mp-5158,8.0
mp-5632,55.0
mp-568177,40.0
mp-569593,23.0
mp-569858,22.0
mp-580886,13.0
mp-631412,17.0
mp-636056,31.0
mp-675798,32.0
mp-6927,56.0
mp-7420,18.0
mp-7478,51.0
mp-754892,0.0
mp-8601,14.0
mp-861733,18.0
mp-861905,12.0
mp-867274,111.0
mp-867288,19.0
mp-9124,40.0
mp-976125,-13.0
mp-978507,31.0
mp-978797,28.0
mp-979265,61.0
mp-979614,20.0
mp-979951,20.0
mp-980905,-1.0
mp-1009133,99.0
mp-1009753,-21.0
mp-1018043,42.0
mp-1019740,229.0
mp-1025207,35.0
mp-10919,17.0
mp-12778,115.0
mp-13937,-35.0
mp-14587,35.0
mp-188,91.0
mp-20452,19.0
mp-20983,103.0
mp-22725,46.0
mp-23299,12.0
mp-24147,30.0
mp-2529,50.0
mp-30784,33.0
mp-3203,66.0
mp-33708,63.0
mp-37153,2.0
mp-4170,97.0
mp-4510,56.0
mp-4551,35.0
mp-569204,12.0
mp-570454,-24.0
mp-624929,24.0
mp-639755,-1.0
mp-684709,77.0
mp-7541,25.0
mp-768864,37.0
mp-778,89.0
mp-7830,-64.0
mp-862362,61.0
mp-862699,122.0
mp-931,54.0
mp-961673,80.0
mp-972327,68.0
mp-974315,9.0
mp-984718,126.0
mp-1016850,54.0
mp-1017466,67.0
mp-1018015,24.0
mp-1019743,134.0
mp-1025265,16.0
mp-1025266,68.0
mp-12006,54.0
mp-13061,42.0
mp-1472,226.0
mp-19019,57.0
mp-19080,31.0
mp-20423,8.0
mp-2194,12.0
mp-2360,33.0
mp-29463,66.0
mp-3042,18.0
mp-4494,13.0
mp-505517,109.0
mp-510488,31.0
mp-559092,41.0
mp-560963,34.0
mp-568564,30.0
mp-571185,-130.0
mp-607,5.0
mp-6353,101.0
mp-7845,18.0
mp-863690,84.0
mp-864940,59.0
mp-889,211.0
mp-9318,18.0
mp-9556,39.0
mp-978547,17.0
mp-989512,11.0
mp-9923,124.0
mp-998234,17.0
mp-1008483,17.0
mp-10162,28.0
mp-1016876,70.0
mp-10178,21.0
mp-1018134,6.0
mp-1018851,2.0
mp-1025393,64.0
mp-1029659,47.0
mp-1029702,77.0
mp-12058,100.0
mp-12109,66.0
mp-12697,70.0
mp-13992,6.0
mp-142,35.0
mp-14549,32.0
mp-16253,19.0
mp-2039,38.0
mp-25385,44.0
mp-486,67.0
mp-5350,29.0
mp-552857,36.0
mp-557523,8.0
mp-559264,25.0
mp-559847,10.0
mp-569017,3.0
mp-570485,40.0
mp-631388,23.0
mp-722913,83.0
mp-754311,13.0
mp-7798,84.0
mp-7976,43.0
mp-8470,39.0
mp-861663,75.0
mp-864936,108.0
mp-866018,23.0
mp-866127,96.0
mp-9270,87.0
mp-973066,-33.0
mp-997182,74.0
mp-998980,127.0
mp-1014257,92.0
mp-1025158,26.0
mp-1029542,37.0
mp-10312,70.0
mp-10699,84.0
mp-10853,120.0
mp-11597,60.0
mp-1285,87.0
mp-1394,8.0
mp-15642,33.0
mp-15803,19.0
mp-20238,72.0
mp-20738,124.0
mp-22469,53.0
mp-22875,9.0
mp-27275,41.0
mp-29750,4.0
mp-30572,63.0
mp-30721,1.0
mp-3591,73.0
mp-558137,46.0
mp-567789,1.0
mp-568746,19.0
mp-569544,57.0
mp-569960,4.0
mp-570960,91.0
mp-6521,56.0
mp-673247,58.0
mp-697111,7.0
mp-736,34.0
mp-755089,77.0
mp-7554,-8.0
mp-757,30.0
mp-8212,70.0
mp-858,62.0
mp-865666,-5.0
mp-866056,18.0
mp-867117,41.0
mp-867216,105.0
mp-9711,98.0
mp-976847,49.0
mp-977152,58.0
mp-977553,28.0
mp-1001571,88.0
mp-1024067,14.0
mp-1038818,-27.0
mp-112,26.0
mp-11488,116.0
mp-1240,38.0
mp-15987,80.0
mp-19005,65.0
mp-19870,54.0
mp-2118,185.0
mp-21343,121.0
mp-22309,66.0
mp-22565,69.0
mp-22717,25.0
mp-23202,7.0
mp-23860,28.0
mp-28084,6.0
mp-30570,49.0
mp-3717,86.0
mp-40189,-20.0
mp-4181,58.0
mp-4251,51.0
mp-505554,110.0
mp-5112,85.0
mp-541837,8.0
mp-557958,15.0
mp-561067,23.0
mp-567441,12.0
mp-567617,121.0
mp-568469,43.0
mp-7032,121.0
mp-7786,8.0
mp-7961,21.0
mp-850878,54.0
mp-865158,22.0
mp-867805,16.0
mp-961645,-3.0
mp-961699,-122.0
mp-971833,19.0
mp-973217,2.0
mp-973890,72.0
mp-977128,43.0
mp-977407,93.0
mp-9921,11.0
mp-997024,10.0
mp-999576,115.0
mp-1008506,37.0
mp-1013704,56.0
mp-1018066,78.0
mp-1025557,111.0
mp-12265,26.0
mp-1432,94.0
mp-16272,132.0
mp-1731,26.0
mp-1879,11.0
mp-18965,29.0
mp-19214,45.0
mp-19991,24.0
mp-20185,62.0
mp-20272,68.0
mp-20661,72.0
mp-20872,-1.0
mp-22731,30.0
mp-22880,5.0
mp-22883,2.0
mp-22950,7.0
mp-25,1.0
mp-2606,40.0
mp-28357,3.0
mp-28602,23.0
mp-29133,12.0
mp-30741,128.0
mp-30744,183.0
mp-30872,39.0
mp-31178,47.0
mp-34903,31.0
mp-3499,13.0
mp-504974,42.0
mp-5410,110.0
mp-5438,87.0
mp-547125,31.0
mp-555,88.0
mp-556487,29.0
mp-557772,8.0
mp-569802,-77.0
mp-6073,85.0
mp-754125,-4.0
mp-7754,92.0
mp-864732,31.0
mp-865324,3.0
mp-865496,186.0
mp-867926,-63.0
mp-9575,47.0
mp-971985,12.0
mp-973887,15.0
mp-976319,-1.0
mp-979961,16.0
mp-980193,64.0
mp-996990,44.0
mp-1004377,11.0
mp-1005727,15.0
mp-1008601,17.0
mp-1029779,74.0
mp-12564,7.0
mp-13032,19.0
mp-13272,34.0
mp-14018,8.0
mp-20612,22.0
mp-20997,41.0
mp-21309,68.0
mp-22221,34.0
mp-22912,23.0
mp-2367,34.0
mp-2410,23.0
mp-2592,177.0
mp-31907,11.0
mp-34418,3.0
mp-3567,11.0
mp-5459,35.0
mp-5566,30.0
mp-567116,23.0
mp-569451,21.0
mp-569674,34.0
mp-570428,38.0
mp-571419,127.0
mp-571594,7.0
mp-5749,33.0
mp-640073,18.0
mp-675078,19.0
mp-6907,2.0
mp-7048,101.0
mp-7288,67.0
mp-753495,107.0
mp-754375,76.0
mp-768680,5.0
mp-776490,144.0
mp-861672,72.0
mp-861956,27.0
mp-863733,27.0
mp-864782,111.0
mp-865373,22.0
mp-867229,17.0
mp-9027,36.0
mp-972042,40.0
mp-975639,19.0
mp-977194,3.0
mp-1007906,49.0
mp-1008279,137.0
mp-1016999,125.0
mp-1017531,99.0
mp-1017626,31.0
mp-1018079,21.0
mp-1018770,27.0
mp-1022804,17.0
mp-1025172,60.0
mp-1025219,31.0
mp-1025277,102.0
mp-10474,10.0
mp-11388,68.0
mp-11480,15.0
mp-12098,35.0
mp-12546,51.0
mp-13452,66.0
mp-15687,21.0
mp-1580,130.0
mp-17783,30.0
mp-20436,118.0
mp-2513,83.0
mp-2644,69.0
mp-30033,4.0
mp-30758,20.0
mp-31168,21.0
mp-4499,32.0
mp-541,84.0
mp-560553,3.0
mp-561490,10.0
mp-567807,35.0
mp-568320,31.0
mp-569366,55.0
mp-570097,36.0
mp-570747,8.0
mp-571655,34.0
mp-603251,-94.0
mp-643062,5.0
mp-708,40.0
mp-7112,43.0
mp-7434,14.0
mp-7542,33.0
mp-754698,51.0
mp-766454,65.0
mp-861658,49.0
mp-862725,84.0
mp-864788,95.0
mp-864910,67.0
mp-865117,23.0
mp-865174,58.0
mp-865871,5.0
mp-866008,19.0
mp-867147,1.0
mp-867364,-73.0
mp-961647,-126.0
mp-971864,62.0
mp-973653,30.0
mp-976406,869.0
mp-977182,20.0
mp-977354,90.0
mp-979933,23.0
mp-9827,5.0
mp-989529,3.0
mp-1001826,22.0
mp-10041,12.0
mp-10057,205.0
mp-1018140,48.0
mp-1018144,27.0
mp-12724,9.0
mp-15805,113.0
mp-1811,16.0
mp-19895,42.0
mp-20466,58.0
mp-2075,249.0
mp-20828,46.0
mp-22904,13.0
mp-2291,32.0
mp-23116,32.0
mp-2560,49.0
mp-27882,5.0
mp-28077,2.0
mp-31498,19.0
mp-328,22.0
mp-38725,10.0
mp-4368,31.0
mp-44,110.0
mp-4666,39.0
mp-510623,81.0
mp-5451,51.0
mp-569989,117.0
mp-570835,27.0
mp-5739,80.0
mp-5908,55.0
mp-626620,10.0
mp-7911,14.0
mp-8039,77.0
mp-8224,26.0
mp-862316,81.0
mp-862376,48.0
mp-865907,19.0
mp-867786,114.0
mp-9383,116.0
mp-971950,5.0
mp-972511,22.0
mp-976261,10.0
mp-977547,62.0
mp-978271,27.0
mp-979039,20.0
mp-981207,38.0
mp-989399,19.0
mp-996981,18.0
mp-999439,22.0
mvc-11693,66.0
mp-1002081,7.0
mp-1016200,25.0
mp-1025473,27.0
mp-1029258,80.0
mp-10485,23.0
mp-10627,23.0
mp-10932,58.0
mp-11280,59.0
mp-12923,34.0
mp-1533,12.0
mp-16328,-123.0
mp-1769,29.0
mp-19004,74.0
mp-19418,55.0
mp-20382,55.0
mp-20473,32.0
mp-21489,16.0
mp-21888,8.0
mp-22056,41.0
mp-22179,49.0
mp-22246,96.0
mp-22719,54.0
mp-2596,80.0
mp-2786,11.0
mp-30180,74.0
mp-3210,80.0
mp-36066,54.0
mp-514,58.0
mp-531611,174.0
mp-5407,90.0
mp-567681,6.0
mp-569567,521.0
mp-647164,13.0
mp-675045,14.0
mp-6997,21.0
mp-777595,16.0
mp-7954,38.0
mp-861628,24.0
mp-861992,30.0
mp-862832,56.0
mp-865786,65.0
mp-9035,32.0
mp-972116,-56.0
mp-972965,2.0
mp-973088,52.0
mp-973750,21.0
mp-975208,70.0
mp-976122,16.0
mp-978279,26.0
mp-979073,27.0
mp-980429,18.0
mp-985282,21.0
mp-9924,8.0
mp-999127,25.0
mp-1008681,-39.0
mp-1011695,5.0
mp-1018717,37.0
mp-1025353,44.0
mp-1029374,90.0
mp-1029469,65.0
mp-10861,2.0
mp-10879,7.0
mp-11313,28.0
mp-11392,50.0
mp-11507,91.0
mp-1418,96.0
mp-15791,32.0
mp-165,62.0
mp-19237,26.0
mp-20685,128.0
mp-21253,14.0
mp-2157,142.0
mp-23,95.0
mp-23475,5.0
mp-2686,15.0
mp-30410,32.0
mp-31184,60.0
mp-35397,36.0
mp-4071,138.0
mp-5285,24.0
mp-546794,34.0
mp-567290,22.0
mp-567513,106.0
mp-569066,3.0
mp-569803,224.0
mp-628773,4.0
mp-684591,79.0
mp-768,59.0
mp-862868,7.0
mp-864747,4.0
mp-866222,47.0
mp-866296,4.0
mp-867270,111.0
mp-972058,46.0
mp-972160,-44.0
mp-973627,2.0
mp-978964,27.0
mp-979294,47.0
mp-1014373,20.0
mp-1016845,43.0
mp-1018020,19.0
mp-1018050,244.0
mp-1029347,34.0
mp-11361,30.0
mp-11453,85.0
mp-12772,56.0
mp-1545,89.0
mp-19877,39.0
mp-2117,119.0
mp-23879,23.0
mp-2677,52.0
mp-27462,4.0
mp-29356,77.0
mp-30790,36.0
mp-33618,21.0
mp-3618,75.0
mp-4264,10.0
mp-541487,14.0
mp-570112,147.0
mp-5723,71.0
mp-582034,187.0
mp-631317,7.0
mp-643243,5.0
mp-753746,4.0
mp-813,69.0
mp-8540,70.0
mp-862336,46.0
mp-862887,40.0
mp-863698,29.0
mp-863739,48.0
mp-864943,108.0
mp-865021,104.0
mp-865123,34.0
mp-865341,31.0
mp-866000,20.0
mp-9577,35.0
mp-962073,-0.0
mp-971914,28.0
mp-973957,16.0
mp-976284,51.0
mp-976292,10.0
mp-976793,31.0
mp-977566,31.0
mp-978917,4.0
mp-979931,58.0
mp-989555,-26.0
mp-989561,2.0
mp-9937,37.0
mp-997030,44.0
mp-1013533,27.0
mp-1016650,16.0
mp-1018699,37.0
mp-10523,55.0
mp-1055,26.0
mp-10692,76.0
mp-1548,23.0
mp-15669,38.0
mp-18728,35.0
mp-19787,51.0
mp-22260,71.0
mp-22503,72.0
mp-22899,13.0
mp-22934,7.0
mp-2588,40.0
mp-27277,1.0
mp-27734,5.0
mp-2828,156.0
mp-29398,4.0
mp-30651,9.0
mp-3376,69.0
mp-4668,24.0
mp-549,35.0
mp-554089,35.0
mp-571216,31.0
mp-604910,13.0
mp-605663,51.0
mp-6304,71.0
mp-753226,26.0
mp-753315,100.0
mp-7565,51.0
mp-7704,41.0
mp-861983,78.0
mp-865007,28.0
mp-865854,22.0
mp-865983,17.0
mp-866173,47.0
mp-867914,18.0
mp-888,29.0
mp-9588,27.0
mp-973767,9.0
mp-974842,39.0
mp-999490,30.0
mp-1018031,40.0
mp-10240,92.0
mp-1025340,4.0
mp-11282,170.0
mp-11536,76.0
mp-12558,37.0
mp-13121,37.0
mp-15955,112.0
mp-16356,83.0
mp-18793,83.0
mp-1902,10.0
mp-1911,31.0
mp-20674,55.0
mp-22881,4.0
mp-23241,30.0
mp-27919,115.0
mp-28369,1.0
mp-30469,11.0
mp-3497,19.0
mp-3821,10.0
mp-4283,60.0
mp-4561,51.0
mp-4767,82.0
mp-5461,11.0
mp-573316,12.0
mp-756,57.0
mp-759943,111.0
mp-760539,59.0
mp-775906,65.0
mp-865187,73.0
mp-865450,43.0
mp-865791,129.0
mp-865797,67.0
mp-865812,13.0
mp-866115,100.0
mp-9200,12.0
mp-962074,-10.0
mp-974337,55.0
mp-974517,20.0
mp-1008918,48.0
mp-1018067,88.0
mp-1018652,11.0
mp-1018794,14.0
mp-1019279,27.0
mp-1023208,25.0
mp-1025071,129.0
mp-1025334,11.0
mp-1111,46.0
mp-11193,52.0
mp-11236,19.0
mp-12015,18.0
mp-13434,50.0
mp-13583,69.0
mp-14254,137.0
mp-1550,47.0
mp-16245,24.0
mp-16343,33.0
mp-20119,18.0
mp-22907,31.0
mp-22917,5.0
mp-23797,11.0
mp-28698,22.0
mp-30363,17.0
mp-505206,15.0
mp-557862,17.0
mp-568917,34.0
mp-570198,23.0
mp-570611,13.0
mp-620290,54.0
mp-672254,25.0
mp-680677,58.0
mp-8298,34.0
mp-865147,99.0
mp-865677,0.0
mp-866229,31.0
mp-867820,-92.0
mp-867873,31.0
mp-867901,73.0
mp-972352,7.0
mp-972549,28.0
mp-972742,32.0
mp-972837,-16.0
mp-975055,7.0
mp-977568,7.0
mp-983123,33.0
mp-985583,11.0
mp-999076,57.0
mvc-3988,38.0
mp-1018628,-36.0
mp-1025154,10.0
mp-10761,51.0
mp-1132,45.0
mp-12087,22.0
mp-12773,41.0
mp-1689,75.0
mp-20010,56.0
mp-2170,31.0
mp-23752,11.0
mp-29481,4.0
mp-30242,61.0
mp-3081,146.0
mp-30886,52.0
mp-3527,28.0
mp-4182,26.0
mp-481,90.0
mp-510376,48.0
mp-5166,27.0
mp-551101,37.0
mp-568419,31.0
mp-582736,26.0
mp-631334,-21.0
mp-631566,-8.0
mp-643265,3.0
mp-6625,33.0
mp-754483,17.0
mp-862546,37.0
mp-865680,136.0
mp-867803,10.0
mp-867850,62.0
mp-8742,60.0
mp-975404,3.0
mp-998913,5.0
mp-1006880,59.0
mp-1018104,28.0
mp-1025200,70.0
mp-10584,40.0
mp-10602,47.0
mp-11261,33.0
mp-11304,43.0
mp-13798,29.0
mp-15686,37.0
mp-157,13.0
mp-15922,58.0
mp-1607,44.0
mp-16305,103.0
mp-17546,7.0
mp-1798,29.0
mp-19035,75.0
mp-20023,20.0
mp-20481,28.0
mp-20601,8.0
mp-20887,52.0
mp-2104,33.0
mp-21399,34.0
mp-21894,48.0
mp-2324,24.0
mp-23533,4.0
mp-2354,68.0
mp-237,17.0
mp-29455,72.0
mp-29484,7.0
mp-30685,72.0
mp-30876,40.0
mp-3103,145.0
mp-4226,43.0
mp-5019,123.0
mp-556609,7.0
mp-567772,21.0
mp-568171,7.0
mp-568284,7.0
mp-619461,54.0
mp-631451,-7.0
mp-675172,121.0
mp-702,1232.0
mp-752947,36.0
mp-753656,22.0
mp-754086,11.0
mp-8188,62.0
mp-862617,36.0
mp-862805,17.0
mp-866026,86.0
mp-867169,24.0
mp-867254,13.0
mp-867290,39.0
mp-867342,24.0
mp-867868,26.0
mp-961660,74.0
mp-961677,-18.0
mp-977561,108.0
mp-1021674,7.0
mp-1029640,26.0
mp-10824,27.0
mp-11227,57.0
mp-1146,34.0
mp-11461,29.0
mp-11765,46.0
mp-12635,39.0
mp-16220,37.0
mp-1648,79.0
mp-16513,38.0
mp-1722,42.0
mp-18695,77.0
mp-20389,24.0
mp-21296,14.0
mp-22414,29.0
mp-23194,7.0
mp-27972,13.0
mp-284,118.0
mp-29621,14.0
mp-30307,40.0
mp-3031,33.0
mp-30682,73.0
mp-30760,7.0
mp-30840,44.0
mp-31116,79.0
mp-31456,48.0
mp-3201,26.0
mp-428,29.0
mp-505824,12.0
mp-560959,14.0
mp-5618,48.0
mp-583266,12.0
mp-597,39.0
mp-672232,16.0
mp-755018,56.0
mp-755594,76.0
mp-8,173.0
mp-851,31.0
mp-862589,202.0
mp-862702,32.0
mp-8630,86.0
mp-866279,18.0
mp-9389,56.0
mp-9579,13.0
mp-972238,75.0
mp-972641,1.0
mp-973343,18.0
mp-974584,44.0
mp-997086,30.0
mp-1006878,17.0
mp-1018088,-92.0
mp-1018718,107.0
mp-10527,48.0
mp-1056,61.0
mp-11365,15.0
mp-11508,98.0
mp-11568,17.0
mp-1194,48.0
mp-158,10.0
mp-1610,38.0
mp-191,42.0
mp-19102,63.0
mp-19183,38.0
mp-19974,-0.0
mp-20098,44.0
mp-20145,74.0
mp-20196,21.0
mp-22617,42.0
mp-22896,16.0
mp-22925,5.0
mp-256,67.0
mp-28479,14.0
mp-34460,2.0
mp-3933,87.0
mp-4324,24.0
mp-4961,18.0
mp-5223,108.0
mp-560767,26.0
mp-5786,78.0
mp-636599,88.0
mp-776331,117.0
mp-7935,37.0
mp-818,95.0
mp-8218,135.0
mp-861872,14.0
mp-861939,19.0
mp-865262,78.0
mp-866061,25.0
mp-866107,19.0
mp-866818,30.0
mp-972062,26.0
mp-973342,102.0
mp-973681,29.0
mp-1010136,28.0
mp-1018689,40.0
mp-1018780,28.0
mp-1028,33.0
mp-1029491,15.0
mp-1038916,25.0
mp-10985,20.0
mp-111,1.0
mp-1113,152.0
mp-1138,51.0
mp-13525,35.0
mp-13853,114.0
mp-15896,28.0
mp-1936,97.0
mp-2000,24.0
mp-20581,13.0
mp-20621,27.0
mp-22924,13.0
mp-23285,26.0
mp-2486,71.0
mp-30719,16.0
mp-31138,53.0
mp-3218,51.0
mp-540,65.0
mp-541785,4.0
mp-571071,100.0
mp-5714,124.0
mp-606393,4.0
mp-623024,15.0
mp-625487,27.0
mp-631379,-11.0
mp-631556,-20.0
mp-631565,13.0
mp-639910,56.0
mp-675755,24.0
mp-689940,14.0
mp-7366,24.0
mp-753657,96.0
mp-754128,71.0
mp-754741,50.0
mp-754954,12.0
mp-755714,61.0
mp-756638,83.0
mp-761036,20.0
mp-7818,37.0
mp-863654,21.0
mp-865255,78.0
mp-865273,22.0
mp-865757,49.0
mp-867307,86.0
mp-938,24.0
mp-961671,1.0
mp-972396,66.0
mp-972752,-72.0
mp-975216,103.0
mp-975253,7.0
mp-975990,8.0
mp-979434,17.0
mp-1018684,30.0
mp-10212,56.0
mp-10417,-4.0
mp-1498,50.0
mp-19033,59.0
mp-20483,13.0
mp-20840,78.0
mp-20959,39.0
mp-2119,37.0
mp-23173,2.0
mp-2700,47.0
mp-27762,18.0
mp-30684,67.0
mp-4192,45.0
mp-568014,64.0
mp-571249,26.0
mp-631368,-144.0
mp-777463,19.0
mp-8044,149.0
mp-8159,16.0
mp-8187,11.0
mp-8606,22.0
mp-861880,31.0
mp-862655,162.0
mp-862723,75.0
mp-864671,131.0
mp-864794,20.0
mp-864800,25.0
mp-865145,7.0
mp-865585,100.0
mp-865602,36.0
mp-865921,107.0
mp-865974,27.0
mp-866114,119.0
mp-866117,17.0
mp-866192,30.0
mp-867149,22.0
mp-867308,-19.0
mp-8786,68.0
mp-9173,54.0
mp-971700,2.0
mp-972364,10.0
mp-972970,156.0
mp-973626,-11.0
mp-977123,60.0
mp-978274,17.0
mp-978493,121.0
mp-978807,20.0
mp-979965,33.0
mp-982981,9.0
mp-998971,85.0
mvc-13972,43.0
